[     645ms] [ERROR] Failed to load resource: the server responded with a status of 404 (Not Found) @ http://localhost:3001/fonts/BantayogSans-ExtraBold.woff2:0
[     888ms] [INFO] %cDownload the React DevTools for a better development experience: https://react.dev/link/react-devtools font-weight:bold @ http://localhost:3001/_next/static/chunks/node_modules_next_dist_1e8vcs8._.js:776
[     923ms] [ERROR] Failed to load resource: the server responded with a status of 404 (Not Found) @ http://localhost:3001/fonts/GoodDogPlain.woff2:0
[     932ms] [LOG] [HMR] connected @ http://localhost:3001/_next/static/chunks/node_modules_next_dist_1e8vcs8._.js:776
[    1527ms] [LOG] [Fast Refresh] rebuilding @ http://localhost:3001/_next/static/chunks/node_modules_next_dist_1e8vcs8._.js:776
[    1592ms] [LOG] [Fast Refresh] done in 173ms @ http://localhost:3001/_next/static/chunks/node_modules_next_dist_1e8vcs8._.js:776
[   95295ms] [LOG] [Fast Refresh] rebuilding @ http://localhost:3001/_next/static/chunks/node_modules_next_dist_1e8vcs8._.js:776
[   95453ms] [LOG] [Fast Refresh] done in 267ms @ http://localhost:3001/_next/static/chunks/node_modules_next_dist_1e8vcs8._.js:776
[   96594ms] [ERROR] Failed to load resource: the server responded with a status of 404 (Not Found) @ http://localhost:3001/fonts/BantayogSans-ExtraBold.woff2:0
[   96672ms] [ERROR] Failed to load resource: the server responded with a status of 404 (Not Found) @ http://localhost:3001/fonts/GoodDogPlain.woff2:0
[   99693ms] [LOG] [Fast Refresh] rebuilding @ http://localhost:3001/_next/static/chunks/node_modules_next_dist_1e8vcs8._.js:776
[  100121ms] [LOG] [Fast Refresh] done in 98ms @ http://localhost:3001/_next/static/chunks/node_modules_next_dist_1e8vcs8._.js:776
[  100124ms] [LOG] [Fast Refresh] done in 98ms @ http://localhost:3001/_next/static/chunks/node_modules_next_dist_1e8vcs8._.js:776
[  100258ms] [LOG] [Fast Refresh] done in 98ms @ http://localhost:3001/_next/static/chunks/node_modules_next_dist_1e8vcs8._.js:776
[  100395ms] [LOG] [Fast Refresh] done in 98ms @ http://localhost:3001/_next/static/chunks/node_modules_next_dist_1e8vcs8._.js:776
[  100473ms] [LOG] [Fast Refresh] done in 98ms @ http://localhost:3001/_next/static/chunks/node_modules_next_dist_1e8vcs8._.js:776
[  100527ms] [ERROR] Failed to load resource: the server responded with a status of 404 (Not Found) @ http://localhost:3001/fonts/BantayogSans-ExtraBold.woff2:0
[  100527ms] [ERROR] Failed to load resource: the server responded with a status of 404 (Not Found) @ http://localhost:3001/fonts/GoodDogPlain.woff2:0
[  100547ms] [LOG] [Fast Refresh] done in 98ms @ http://localhost:3001/_next/static/chunks/node_modules_next_dist_1e8vcs8._.js:776
[  100693ms] [LOG] [Fast Refresh] done in 98ms @ http://localhost:3001/_next/static/chunks/node_modules_next_dist_1e8vcs8._.js:776
[  100745ms] [LOG] [Fast Refresh] done in 98ms @ http://localhost:3001/_next/static/chunks/node_modules_next_dist_1e8vcs8._.js:776
[  100807ms] [LOG] [Fast Refresh] done in 98ms @ http://localhost:3001/_next/static/chunks/node_modules_next_dist_1e8vcs8._.js:776
[  100868ms] [LOG] [Fast Refresh] done in 98ms @ http://localhost:3001/_next/static/chunks/node_modules_next_dist_1e8vcs8._.js:776
[  100931ms] [LOG] [Fast Refresh] done in 98ms @ http://localhost:3001/_next/static/chunks/node_modules_next_dist_1e8vcs8._.js:776
[  100993ms] [LOG] [Fast Refresh] done in 98ms @ http://localhost:3001/_next/static/chunks/node_modules_next_dist_1e8vcs8._.js:776
[  101055ms] [LOG] [Fast Refresh] done in 98ms @ http://localhost:3001/_next/static/chunks/node_modules_next_dist_1e8vcs8._.js:776
[  101118ms] [LOG] [Fast Refresh] done in 98ms @ http://localhost:3001/_next/static/chunks/node_modules_next_dist_1e8vcs8._.js:776
[  101179ms] [LOG] [Fast Refresh] done in 98ms @ http://localhost:3001/_next/static/chunks/node_modules_next_dist_1e8vcs8._.js:776
[  101240ms] [LOG] [Fast Refresh] done in 98ms @ http://localhost:3001/_next/static/chunks/node_modules_next_dist_1e8vcs8._.js:776
[  101303ms] [LOG] [Fast Refresh] done in 98ms @ http://localhost:3001/_next/static/chunks/node_modules_next_dist_1e8vcs8._.js:776
[  101365ms] [LOG] [Fast Refresh] done in 98ms @ http://localhost:3001/_next/static/chunks/node_modules_next_dist_1e8vcs8._.js:776
[  101429ms] [LOG] [Fast Refresh] done in 98ms @ http://localhost:3001/_next/static/chunks/node_modules_next_dist_1e8vcs8._.js:776
[  101490ms] [LOG] [Fast Refresh] done in 98ms @ http://localhost:3001/_next/static/chunks/node_modules_next_dist_1e8vcs8._.js:776
[  101552ms] [LOG] [Fast Refresh] done in 98ms @ http://localhost:3001/_next/static/chunks/node_modules_next_dist_1e8vcs8._.js:776
[  101614ms] [LOG] [Fast Refresh] done in 98ms @ http://localhost:3001/_next/static/chunks/node_modules_next_dist_1e8vcs8._.js:776
[  101676ms] [LOG] [Fast Refresh] done in 98ms @ http://localhost:3001/_next/static/chunks/node_modules_next_dist_1e8vcs8._.js:776
[  101738ms] [LOG] [Fast Refresh] done in 98ms @ http://localhost:3001/_next/static/chunks/node_modules_next_dist_1e8vcs8._.js:776
[  101801ms] [LOG] [Fast Refresh] done in 98ms @ http://localhost:3001/_next/static/chunks/node_modules_next_dist_1e8vcs8._.js:776
[  101863ms] [LOG] [Fast Refresh] done in 98ms @ http://localhost:3001/_next/static/chunks/node_modules_next_dist_1e8vcs8._.js:776
[  101927ms] [LOG] [Fast Refresh] done in 98ms @ http://localhost:3001/_next/static/chunks/node_modules_next_dist_1e8vcs8._.js:776
[  101988ms] [LOG] [Fast Refresh] done in 98ms @ http://localhost:3001/_next/static/chunks/node_modules_next_dist_1e8vcs8._.js:776
[  102051ms] [LOG] [Fast Refresh] done in 98ms @ http://localhost:3001/_next/static/chunks/node_modules_next_dist_1e8vcs8._.js:776
[  102114ms] [LOG] [Fast Refresh] done in 98ms @ http://localhost:3001/_next/static/chunks/node_modules_next_dist_1e8vcs8._.js:776
[  102177ms] [LOG] [Fast Refresh] done in 98ms @ http://localhost:3001/_next/static/chunks/node_modules_next_dist_1e8vcs8._.js:776
[  102239ms] [LOG] [Fast Refresh] done in 98ms @ http://localhost:3001/_next/static/chunks/node_modules_next_dist_1e8vcs8._.js:776
[  102302ms] [LOG] [Fast Refresh] done in 98ms @ http://localhost:3001/_next/static/chunks/node_modules_next_dist_1e8vcs8._.js:776
[  102364ms] [LOG] [Fast Refresh] done in 98ms @ http://localhost:3001/_next/static/chunks/node_modules_next_dist_1e8vcs8._.js:776
[  102427ms] [LOG] [Fast Refresh] done in 98ms @ http://localhost:3001/_next/static/chunks/node_modules_next_dist_1e8vcs8._.js:776
[  102491ms] [LOG] [Fast Refresh] done in 98ms @ http://localhost:3001/_next/static/chunks/node_modules_next_dist_1e8vcs8._.js:776
[  102551ms] [LOG] [Fast Refresh] done in 98ms @ http://localhost:3001/_next/static/chunks/node_modules_next_dist_1e8vcs8._.js:776
[  102614ms] [LOG] [Fast Refresh] done in 98ms @ http://localhost:3001/_next/static/chunks/node_modules_next_dist_1e8vcs8._.js:776
[  102676ms] [LOG] [Fast Refresh] done in 98ms @ http://localhost:3001/_next/static/chunks/node_modules_next_dist_1e8vcs8._.js:776
[  102737ms] [LOG] [Fast Refresh] done in 98ms @ http://localhost:3001/_next/static/chunks/node_modules_next_dist_1e8vcs8._.js:776
[  102799ms] [LOG] [Fast Refresh] done in 98ms @ http://localhost:3001/_next/static/chunks/node_modules_next_dist_1e8vcs8._.js:776
[  102861ms] [LOG] [Fast Refresh] done in 98ms @ http://localhost:3001/_next/static/chunks/node_modules_next_dist_1e8vcs8._.js:776
[  102927ms] [LOG] [Fast Refresh] done in 98ms @ http://localhost:3001/_next/static/chunks/node_modules_next_dist_1e8vcs8._.js:776
[  102982ms] [LOG] [Fast Refresh] done in 98ms @ http://localhost:3001/_next/static/chunks/node_modules_next_dist_1e8vcs8._.js:776
[  103043ms] [LOG] [Fast Refresh] done in 98ms @ http://localhost:3001/_next/static/chunks/node_modules_next_dist_1e8vcs8._.js:776
[  103106ms] [LOG] [Fast Refresh] done in 98ms @ http://localhost:3001/_next/static/chunks/node_modules_next_dist_1e8vcs8._.js:776
[  103170ms] [LOG] [Fast Refresh] done in 98ms @ http://localhost:3001/_next/static/chunks/node_modules_next_dist_1e8vcs8._.js:776
[  103232ms] [LOG] [Fast Refresh] done in 98ms @ http://localhost:3001/_next/static/chunks/node_modules_next_dist_1e8vcs8._.js:776
[  103295ms] [LOG] [Fast Refresh] done in 98ms @ http://localhost:3001/_next/static/chunks/node_modules_next_dist_1e8vcs8._.js:776
[  103355ms] [LOG] [Fast Refresh] done in 98ms @ http://localhost:3001/_next/static/chunks/node_modules_next_dist_1e8vcs8._.js:776
[  103419ms] [LOG] [Fast Refresh] done in 98ms @ http://localhost:3001/_next/static/chunks/node_modules_next_dist_1e8vcs8._.js:776
[  103480ms] [LOG] [Fast Refresh] done in 98ms @ http://localhost:3001/_next/static/chunks/node_modules_next_dist_1e8vcs8._.js:776
[  103542ms] [LOG] [Fast Refresh] done in 98ms @ http://localhost:3001/_next/static/chunks/node_modules_next_dist_1e8vcs8._.js:776
[  103946ms] [LOG] [Fast Refresh] done in 98ms @ http://localhost:3001/_next/static/chunks/node_modules_next_dist_1e8vcs8._.js:776
[  104080ms] [LOG] [Fast Refresh] done in 98ms @ http://localhost:3001/_next/static/chunks/node_modules_next_dist_1e8vcs8._.js:776
[  104155ms] [LOG] [Fast Refresh] done in 98ms @ http://localhost:3001/_next/static/chunks/node_modules_next_dist_1e8vcs8._.js:776
[  104209ms] [LOG] [Fast Refresh] done in 98ms @ http://localhost:3001/_next/static/chunks/node_modules_next_dist_1e8vcs8._.js:776
[  104281ms] [LOG] [Fast Refresh] done in 98ms @ http://localhost:3001/_next/static/chunks/node_modules_next_dist_1e8vcs8._.js:776
[  104355ms] [LOG] [Fast Refresh] done in 98ms @ http://localhost:3001/_next/static/chunks/node_modules_next_dist_1e8vcs8._.js:776
[  104419ms] [LOG] [Fast Refresh] done in 98ms @ http://localhost:3001/_next/static/chunks/node_modules_next_dist_1e8vcs8._.js:776
[  104513ms] [LOG] [Fast Refresh] done in 98ms @ http://localhost:3001/_next/static/chunks/node_modules_next_dist_1e8vcs8._.js:776
[  104597ms] [LOG] [Fast Refresh] done in 98ms @ http://localhost:3001/_next/static/chunks/node_modules_next_dist_1e8vcs8._.js:776
[  104656ms] [LOG] [Fast Refresh] done in 98ms @ http://localhost:3001/_next/static/chunks/node_modules_next_dist_1e8vcs8._.js:776
[  104722ms] [LOG] [Fast Refresh] done in 98ms @ http://localhost:3001/_next/static/chunks/node_modules_next_dist_1e8vcs8._.js:776
[  104796ms] [LOG] [Fast Refresh] done in 98ms @ http://localhost:3001/_next/static/chunks/node_modules_next_dist_1e8vcs8._.js:776
[  104860ms] [LOG] [Fast Refresh] done in 98ms @ http://localhost:3001/_next/static/chunks/node_modules_next_dist_1e8vcs8._.js:776
[  104920ms] [LOG] [Fast Refresh] done in 98ms @ http://localhost:3001/_next/static/chunks/node_modules_next_dist_1e8vcs8._.js:776
[  104986ms] [LOG] [Fast Refresh] done in 98ms @ http://localhost:3001/_next/static/chunks/node_modules_next_dist_1e8vcs8._.js:776
[  105055ms] [LOG] [Fast Refresh] done in 98ms @ http://localhost:3001/_next/static/chunks/node_modules_next_dist_1e8vcs8._.js:776
[  105110ms] [LOG] [Fast Refresh] done in 98ms @ http://localhost:3001/_next/static/chunks/node_modules_next_dist_1e8vcs8._.js:776
[  105169ms] [LOG] [Fast Refresh] done in 98ms @ http://localhost:3001/_next/static/chunks/node_modules_next_dist_1e8vcs8._.js:776
[  105231ms] [LOG] [Fast Refresh] done in 98ms @ http://localhost:3001/_next/static/chunks/node_modules_next_dist_1e8vcs8._.js:776
[  105294ms] [LOG] [Fast Refresh] done in 98ms @ http://localhost:3001/_next/static/chunks/node_modules_next_dist_1e8vcs8._.js:776
[  105356ms] [LOG] [Fast Refresh] done in 98ms @ http://localhost:3001/_next/static/chunks/node_modules_next_dist_1e8vcs8._.js:776
[  105415ms] [LOG] [Fast Refresh] done in 98ms @ http://localhost:3001/_next/static/chunks/node_modules_next_dist_1e8vcs8._.js:776
[  105477ms] [LOG] [Fast Refresh] done in 98ms @ http://localhost:3001/_next/static/chunks/node_modules_next_dist_1e8vcs8._.js:776
[  105611ms] [LOG] [Fast Refresh] done in 98ms @ http://localhost:3001/_next/static/chunks/node_modules_next_dist_1e8vcs8._.js:776
[  105686ms] [LOG] [Fast Refresh] done in 98ms @ http://localhost:3001/_next/static/chunks/node_modules_next_dist_1e8vcs8._.js:776
[  105746ms] [LOG] [Fast Refresh] done in 98ms @ http://localhost:3001/_next/static/chunks/node_modules_next_dist_1e8vcs8._.js:776
[  105808ms] [LOG] [Fast Refresh] done in 98ms @ http://localhost:3001/_next/static/chunks/node_modules_next_dist_1e8vcs8._.js:776
[  105870ms] [LOG] [Fast Refresh] done in 98ms @ http://localhost:3001/_next/static/chunks/node_modules_next_dist_1e8vcs8._.js:776
[  105934ms] [LOG] [Fast Refresh] done in 98ms @ http://localhost:3001/_next/static/chunks/node_modules_next_dist_1e8vcs8._.js:776
[  105995ms] [LOG] [Fast Refresh] done in 98ms @ http://localhost:3001/_next/static/chunks/node_modules_next_dist_1e8vcs8._.js:776
[  106057ms] [LOG] [Fast Refresh] done in 98ms @ http://localhost:3001/_next/static/chunks/node_modules_next_dist_1e8vcs8._.js:776
[  106120ms] [LOG] [Fast Refresh] done in 98ms @ http://localhost:3001/_next/static/chunks/node_modules_next_dist_1e8vcs8._.js:776
[  106182ms] [LOG] [Fast Refresh] done in 98ms @ http://localhost:3001/_next/static/chunks/node_modules_next_dist_1e8vcs8._.js:776
[  106246ms] [LOG] [Fast Refresh] done in 98ms @ http://localhost:3001/_next/static/chunks/node_modules_next_dist_1e8vcs8._.js:776
[  106306ms] [LOG] [Fast Refresh] done in 98ms @ http://localhost:3001/_next/static/chunks/node_modules_next_dist_1e8vcs8._.js:776
[  106368ms] [LOG] [Fast Refresh] done in 98ms @ http://localhost:3001/_next/static/chunks/node_modules_next_dist_1e8vcs8._.js:776
[  106429ms] [LOG] [Fast Refresh] done in 98ms @ http://localhost:3001/_next/static/chunks/node_modules_next_dist_1e8vcs8._.js:776
[  106491ms] [LOG] [Fast Refresh] done in 98ms @ http://localhost:3001/_next/static/chunks/node_modules_next_dist_1e8vcs8._.js:776
[  106551ms] [LOG] [Fast Refresh] done in 98ms @ http://localhost:3001/_next/static/chunks/node_modules_next_dist_1e8vcs8._.js:776
[  106615ms] [LOG] [Fast Refresh] done in 98ms @ http://localhost:3001/_next/static/chunks/node_modules_next_dist_1e8vcs8._.js:776
[  106677ms] [LOG] [Fast Refresh] done in 98ms @ http://localhost:3001/_next/static/chunks/node_modules_next_dist_1e8vcs8._.js:776
[  106739ms] [LOG] [Fast Refresh] done in 98ms @ http://localhost:3001/_next/static/chunks/node_modules_next_dist_1e8vcs8._.js:776
[  106802ms] [LOG] [Fast Refresh] done in 98ms @ http://localhost:3001/_next/static/chunks/node_modules_next_dist_1e8vcs8._.js:776
[  106863ms] [LOG] [Fast Refresh] done in 98ms @ http://localhost:3001/_next/static/chunks/node_modules_next_dist_1e8vcs8._.js:776
[  106926ms] [LOG] [Fast Refresh] done in 98ms @ http://localhost:3001/_next/static/chunks/node_modules_next_dist_1e8vcs8._.js:776
[  106988ms] [LOG] [Fast Refresh] done in 98ms @ http://localhost:3001/_next/static/chunks/node_modules_next_dist_1e8vcs8._.js:776
[  107051ms] [LOG] [Fast Refresh] done in 98ms @ http://localhost:3001/_next/static/chunks/node_modules_next_dist_1e8vcs8._.js:776
[  107115ms] [LOG] [Fast Refresh] done in 98ms @ http://localhost:3001/_next/static/chunks/node_modules_next_dist_1e8vcs8._.js:776
[  107175ms] [LOG] [Fast Refresh] done in 98ms @ http://localhost:3001/_next/static/chunks/node_modules_next_dist_1e8vcs8._.js:776
[  107237ms] [LOG] [Fast Refresh] done in 98ms @ http://localhost:3001/_next/static/chunks/node_modules_next_dist_1e8vcs8._.js:776
[  107297ms] [LOG] [Fast Refresh] done in 98ms @ http://localhost:3001/_next/static/chunks/node_modules_next_dist_1e8vcs8._.js:776
[  107360ms] [LOG] [Fast Refresh] done in 98ms @ http://localhost:3001/_next/static/chunks/node_modules_next_dist_1e8vcs8._.js:776
[  107426ms] [LOG] [Fast Refresh] done in 98ms @ http://localhost:3001/_next/static/chunks/node_modules_next_dist_1e8vcs8._.js:776
[  107485ms] [LOG] [Fast Refresh] done in 98ms @ http://localhost:3001/_next/static/chunks/node_modules_next_dist_1e8vcs8._.js:776
[  107548ms] [LOG] [Fast Refresh] done in 98ms @ http://localhost:3001/_next/static/chunks/node_modules_next_dist_1e8vcs8._.js:776
[  107612ms] [LOG] [Fast Refresh] done in 98ms @ http://localhost:3001/_next/static/chunks/node_modules_next_dist_1e8vcs8._.js:776
[  107674ms] [LOG] [Fast Refresh] done in 98ms @ http://localhost:3001/_next/static/chunks/node_modules_next_dist_1e8vcs8._.js:776
[  107738ms] [LOG] [Fast Refresh] done in 98ms @ http://localhost:3001/_next/static/chunks/node_modules_next_dist_1e8vcs8._.js:776
[  107831ms] [LOG] [Fast Refresh] done in 98ms @ http://localhost:3001/_next/static/chunks/node_modules_next_dist_1e8vcs8._.js:776
[  107892ms] [LOG] [Fast Refresh] done in 98ms @ http://localhost:3001/_next/static/chunks/node_modules_next_dist_1e8vcs8._.js:776
[  107952ms] [LOG] [Fast Refresh] done in 98ms @ http://localhost:3001/_next/static/chunks/node_modules_next_dist_1e8vcs8._.js:776
[  108014ms] [LOG] [Fast Refresh] done in 98ms @ http://localhost:3001/_next/static/chunks/node_modules_next_dist_1e8vcs8._.js:776
[  108077ms] [LOG] [Fast Refresh] done in 98ms @ http://localhost:3001/_next/static/chunks/node_modules_next_dist_1e8vcs8._.js:776
[  108136ms] [LOG] [Fast Refresh] done in 98ms @ http://localhost:3001/_next/static/chunks/node_modules_next_dist_1e8vcs8._.js:776
[  108198ms] [LOG] [Fast Refresh] done in 98ms @ http://localhost:3001/_next/static/chunks/node_modules_next_dist_1e8vcs8._.js:776
[  108260ms] [LOG] [Fast Refresh] done in 98ms @ http://localhost:3001/_next/static/chunks/node_modules_next_dist_1e8vcs8._.js:776
[  108333ms] [LOG] [Fast Refresh] done in 98ms @ http://localhost:3001/_next/static/chunks/node_modules_next_dist_1e8vcs8._.js:776
[  108400ms] [LOG] [Fast Refresh] done in 98ms @ http://localhost:3001/_next/static/chunks/node_modules_next_dist_1e8vcs8._.js:776
[  108461ms] [LOG] [Fast Refresh] done in 98ms @ http://localhost:3001/_next/static/chunks/node_modules_next_dist_1e8vcs8._.js:776
[  108523ms] [LOG] [Fast Refresh] done in 98ms @ http://localhost:3001/_next/static/chunks/node_modules_next_dist_1e8vcs8._.js:776
[  108586ms] [LOG] [Fast Refresh] done in 98ms @ http://localhost:3001/_next/static/chunks/node_modules_next_dist_1e8vcs8._.js:776
[  108650ms] [LOG] [Fast Refresh] done in 98ms @ http://localhost:3001/_next/static/chunks/node_modules_next_dist_1e8vcs8._.js:776
[  108713ms] [LOG] [Fast Refresh] done in 98ms @ http://localhost:3001/_next/static/chunks/node_modules_next_dist_1e8vcs8._.js:776
[  108776ms] [LOG] [Fast Refresh] done in 98ms @ http://localhost:3001/_next/static/chunks/node_modules_next_dist_1e8vcs8._.js:776
[  108838ms] [LOG] [Fast Refresh] done in 98ms @ http://localhost:3001/_next/static/chunks/node_modules_next_dist_1e8vcs8._.js:776
[  108901ms] [LOG] [Fast Refresh] done in 98ms @ http://localhost:3001/_next/static/chunks/node_modules_next_dist_1e8vcs8._.js:776
[  108965ms] [LOG] [Fast Refresh] done in 98ms @ http://localhost:3001/_next/static/chunks/node_modules_next_dist_1e8vcs8._.js:776
[  109028ms] [LOG] [Fast Refresh] done in 98ms @ http://localhost:3001/_next/static/chunks/node_modules_next_dist_1e8vcs8._.js:776
[  109090ms] [LOG] [Fast Refresh] done in 98ms @ http://localhost:3001/_next/static/chunks/node_modules_next_dist_1e8vcs8._.js:776
[  109154ms] [LOG] [Fast Refresh] done in 98ms @ http://localhost:3001/_next/static/chunks/node_modules_next_dist_1e8vcs8._.js:776
[  109216ms] [LOG] [Fast Refresh] done in 98ms @ http://localhost:3001/_next/static/chunks/node_modules_next_dist_1e8vcs8._.js:776
[  109278ms] [LOG] [Fast Refresh] done in 98ms @ http://localhost:3001/_next/static/chunks/node_modules_next_dist_1e8vcs8._.js:776
[  109340ms] [LOG] [Fast Refresh] done in 98ms @ http://localhost:3001/_next/static/chunks/node_modules_next_dist_1e8vcs8._.js:776
[  109402ms] [LOG] [Fast Refresh] done in 98ms @ http://localhost:3001/_next/static/chunks/node_modules_next_dist_1e8vcs8._.js:776
[  109462ms] [LOG] [Fast Refresh] done in 98ms @ http://localhost:3001/_next/static/chunks/node_modules_next_dist_1e8vcs8._.js:776
[  109542ms] [LOG] [Fast Refresh] done in 98ms @ http://localhost:3001/_next/static/chunks/node_modules_next_dist_1e8vcs8._.js:776
[  109603ms] [LOG] [Fast Refresh] done in 98ms @ http://localhost:3001/_next/static/chunks/node_modules_next_dist_1e8vcs8._.js:776
[  109668ms] [LOG] [Fast Refresh] done in 98ms @ http://localhost:3001/_next/static/chunks/node_modules_next_dist_1e8vcs8._.js:776
[  109731ms] [LOG] [Fast Refresh] done in 98ms @ http://localhost:3001/_next/static/chunks/node_modules_next_dist_1e8vcs8._.js:776
[  109793ms] [LOG] [Fast Refresh] done in 98ms @ http://localhost:3001/_next/static/chunks/node_modules_next_dist_1e8vcs8._.js:776
[  109854ms] [LOG] [Fast Refresh] done in 98ms @ http://localhost:3001/_next/static/chunks/node_modules_next_dist_1e8vcs8._.js:776
[  109919ms] [LOG] [Fast Refresh] done in 98ms @ http://localhost:3001/_next/static/chunks/node_modules_next_dist_1e8vcs8._.js:776
[  109979ms] [LOG] [Fast Refresh] done in 98ms @ http://localhost:3001/_next/static/chunks/node_modules_next_dist_1e8vcs8._.js:776
[  110042ms] [LOG] [Fast Refresh] done in 98ms @ http://localhost:3001/_next/static/chunks/node_modules_next_dist_1e8vcs8._.js:776
[  110105ms] [LOG] [Fast Refresh] done in 98ms @ http://localhost:3001/_next/static/chunks/node_modules_next_dist_1e8vcs8._.js:776
[  110168ms] [LOG] [Fast Refresh] done in 98ms @ http://localhost:3001/_next/static/chunks/node_modules_next_dist_1e8vcs8._.js:776
[  110227ms] [LOG] [Fast Refresh] done in 98ms @ http://localhost:3001/_next/static/chunks/node_modules_next_dist_1e8vcs8._.js:776
[  110290ms] [LOG] [Fast Refresh] done in 98ms @ http://localhost:3001/_next/static/chunks/node_modules_next_dist_1e8vcs8._.js:776
[  110351ms] [LOG] [Fast Refresh] done in 98ms @ http://localhost:3001/_next/static/chunks/node_modules_next_dist_1e8vcs8._.js:776
[  110412ms] [LOG] [Fast Refresh] done in 98ms @ http://localhost:3001/_next/static/chunks/node_modules_next_dist_1e8vcs8._.js:776
[  110476ms] [LOG] [Fast Refresh] done in 98ms @ http://localhost:3001/_next/static/chunks/node_modules_next_dist_1e8vcs8._.js:776
[  110537ms] [LOG] [Fast Refresh] done in 98ms @ http://localhost:3001/_next/static/chunks/node_modules_next_dist_1e8vcs8._.js:776
[  110703ms] [LOG] [Fast Refresh] done in 98ms @ http://localhost:3001/_next/static/chunks/node_modules_next_dist_1e8vcs8._.js:776
[  110795ms] [LOG] [Fast Refresh] done in 98ms @ http://localhost:3001/_next/static/chunks/node_modules_next_dist_1e8vcs8._.js:776
[  110855ms] [LOG] [Fast Refresh] done in 98ms @ http://localhost:3001/_next/static/chunks/node_modules_next_dist_1e8vcs8._.js:776
[  110918ms] [LOG] [Fast Refresh] done in 98ms @ http://localhost:3001/_next/static/chunks/node_modules_next_dist_1e8vcs8._.js:776
[  110978ms] [LOG] [Fast Refresh] done in 98ms @ http://localhost:3001/_next/static/chunks/node_modules_next_dist_1e8vcs8._.js:776
[  111040ms] [LOG] [Fast Refresh] done in 98ms @ http://localhost:3001/_next/static/chunks/node_modules_next_dist_1e8vcs8._.js:776
[  111109ms] [LOG] [Fast Refresh] done in 98ms @ http://localhost:3001/_next/static/chunks/node_modules_next_dist_1e8vcs8._.js:776
[  111258ms] [LOG] [Fast Refresh] done in 98ms @ http://localhost:3001/_next/static/chunks/node_modules_next_dist_1e8vcs8._.js:776
[  111380ms] [LOG] [Fast Refresh] done in 98ms @ http://localhost:3001/_next/static/chunks/node_modules_next_dist_1e8vcs8._.js:776
[  111457ms] [LOG] [Fast Refresh] done in 98ms @ http://localhost:3001/_next/static/chunks/node_modules_next_dist_1e8vcs8._.js:776
[  111518ms] [LOG] [Fast Refresh] done in 98ms @ http://localhost:3001/_next/static/chunks/node_modules_next_dist_1e8vcs8._.js:776
[  111602ms] [LOG] [Fast Refresh] done in 98ms @ http://localhost:3001/_next/static/chunks/node_modules_next_dist_1e8vcs8._.js:776
[  111673ms] [LOG] [Fast Refresh] done in 98ms @ http://localhost:3001/_next/static/chunks/node_modules_next_dist_1e8vcs8._.js:776
[  111735ms] [LOG] [Fast Refresh] done in 98ms @ http://localhost:3001/_next/static/chunks/node_modules_next_dist_1e8vcs8._.js:776
[  111797ms] [LOG] [Fast Refresh] done in 98ms @ http://localhost:3001/_next/static/chunks/node_modules_next_dist_1e8vcs8._.js:776
[  111861ms] [LOG] [Fast Refresh] done in 98ms @ http://localhost:3001/_next/static/chunks/node_modules_next_dist_1e8vcs8._.js:776
[  111922ms] [LOG] [Fast Refresh] done in 98ms @ http://localhost:3001/_next/static/chunks/node_modules_next_dist_1e8vcs8._.js:776
[  112001ms] [LOG] [Fast Refresh] done in 98ms @ http://localhost:3001/_next/static/chunks/node_modules_next_dist_1e8vcs8._.js:776
[  112062ms] [LOG] [Fast Refresh] done in 98ms @ http://localhost:3001/_next/static/chunks/node_modules_next_dist_1e8vcs8._.js:776
[  112123ms] [LOG] [Fast Refresh] done in 98ms @ http://localhost:3001/_next/static/chunks/node_modules_next_dist_1e8vcs8._.js:776
[  112187ms] [LOG] [Fast Refresh] done in 98ms @ http://localhost:3001/_next/static/chunks/node_modules_next_dist_1e8vcs8._.js:776
[  112248ms] [LOG] [Fast Refresh] done in 98ms @ http://localhost:3001/_next/static/chunks/node_modules_next_dist_1e8vcs8._.js:776
[  112311ms] [LOG] [Fast Refresh] done in 98ms @ http://localhost:3001/_next/static/chunks/node_modules_next_dist_1e8vcs8._.js:776
[  112370ms] [LOG] [Fast Refresh] done in 98ms @ http://localhost:3001/_next/static/chunks/node_modules_next_dist_1e8vcs8._.js:776
[  112431ms] [LOG] [Fast Refresh] done in 98ms @ http://localhost:3001/_next/static/chunks/node_modules_next_dist_1e8vcs8._.js:776
[  112492ms] [LOG] [Fast Refresh] done in 98ms @ http://localhost:3001/_next/static/chunks/node_modules_next_dist_1e8vcs8._.js:776
[  112554ms] [LOG] [Fast Refresh] done in 98ms @ http://localhost:3001/_next/static/chunks/node_modules_next_dist_1e8vcs8._.js:776
[  112618ms] [LOG] [Fast Refresh] done in 98ms @ http://localhost:3001/_next/static/chunks/node_modules_next_dist_1e8vcs8._.js:776
[  112680ms] [LOG] [Fast Refresh] done in 98ms @ http://localhost:3001/_next/static/chunks/node_modules_next_dist_1e8vcs8._.js:776
[  112742ms] [LOG] [Fast Refresh] done in 98ms @ http://localhost:3001/_next/static/chunks/node_modules_next_dist_1e8vcs8._.js:776
[  112803ms] [LOG] [Fast Refresh] done in 98ms @ http://localhost:3001/_next/static/chunks/node_modules_next_dist_1e8vcs8._.js:776
[  112866ms] [LOG] [Fast Refresh] done in 98ms @ http://localhost:3001/_next/static/chunks/node_modules_next_dist_1e8vcs8._.js:776
[  112929ms] [LOG] [Fast Refresh] done in 98ms @ http://localhost:3001/_next/static/chunks/node_modules_next_dist_1e8vcs8._.js:776
[  112993ms] [LOG] [Fast Refresh] done in 98ms @ http://localhost:3001/_next/static/chunks/node_modules_next_dist_1e8vcs8._.js:776
[  113054ms] [LOG] [Fast Refresh] done in 98ms @ http://localhost:3001/_next/static/chunks/node_modules_next_dist_1e8vcs8._.js:776
[  113116ms] [LOG] [Fast Refresh] done in 98ms @ http://localhost:3001/_next/static/chunks/node_modules_next_dist_1e8vcs8._.js:776
[  113178ms] [LOG] [Fast Refresh] done in 98ms @ http://localhost:3001/_next/static/chunks/node_modules_next_dist_1e8vcs8._.js:776
[  113241ms] [LOG] [Fast Refresh] done in 98ms @ http://localhost:3001/_next/static/chunks/node_modules_next_dist_1e8vcs8._.js:776
[  113303ms] [LOG] [Fast Refresh] done in 98ms @ http://localhost:3001/_next/static/chunks/node_modules_next_dist_1e8vcs8._.js:776
[  113368ms] [LOG] [Fast Refresh] done in 98ms @ http://localhost:3001/_next/static/chunks/node_modules_next_dist_1e8vcs8._.js:776
[  113428ms] [LOG] [Fast Refresh] done in 98ms @ http://localhost:3001/_next/static/chunks/node_modules_next_dist_1e8vcs8._.js:776
[  113494ms] [LOG] [Fast Refresh] done in 98ms @ http://localhost:3001/_next/static/chunks/node_modules_next_dist_1e8vcs8._.js:776
[  113584ms] [LOG] [Fast Refresh] done in 98ms @ http://localhost:3001/_next/static/chunks/node_modules_next_dist_1e8vcs8._.js:776
[  113661ms] [LOG] [Fast Refresh] done in 98ms @ http://localhost:3001/_next/static/chunks/node_modules_next_dist_1e8vcs8._.js:776
[  113722ms] [LOG] [Fast Refresh] done in 98ms @ http://localhost:3001/_next/static/chunks/node_modules_next_dist_1e8vcs8._.js:776
[  113789ms] [LOG] [Fast Refresh] done in 98ms @ http://localhost:3001/_next/static/chunks/node_modules_next_dist_1e8vcs8._.js:776
[  113849ms] [LOG] [Fast Refresh] done in 98ms @ http://localhost:3001/_next/static/chunks/node_modules_next_dist_1e8vcs8._.js:776
[  113910ms] [LOG] [Fast Refresh] done in 98ms @ http://localhost:3001/_next/static/chunks/node_modules_next_dist_1e8vcs8._.js:776
[  113972ms] [LOG] [Fast Refresh] done in 98ms @ http://localhost:3001/_next/static/chunks/node_modules_next_dist_1e8vcs8._.js:776
[  114033ms] [LOG] [Fast Refresh] done in 98ms @ http://localhost:3001/_next/static/chunks/node_modules_next_dist_1e8vcs8._.js:776
[  114095ms] [LOG] [Fast Refresh] done in 98ms @ http://localhost:3001/_next/static/chunks/node_modules_next_dist_1e8vcs8._.js:776
[  114158ms] [LOG] [Fast Refresh] done in 98ms @ http://localhost:3001/_next/static/chunks/node_modules_next_dist_1e8vcs8._.js:776
[  114220ms] [LOG] [Fast Refresh] done in 98ms @ http://localhost:3001/_next/static/chunks/node_modules_next_dist_1e8vcs8._.js:776
[  114285ms] [LOG] [Fast Refresh] done in 98ms @ http://localhost:3001/_next/static/chunks/node_modules_next_dist_1e8vcs8._.js:776
[  114361ms] [LOG] [Fast Refresh] done in 98ms @ http://localhost:3001/_next/static/chunks/node_modules_next_dist_1e8vcs8._.js:776
[  114421ms] [LOG] [Fast Refresh] done in 98ms @ http://localhost:3001/_next/static/chunks/node_modules_next_dist_1e8vcs8._.js:776
[  114484ms] [LOG] [Fast Refresh] done in 98ms @ http://localhost:3001/_next/static/chunks/node_modules_next_dist_1e8vcs8._.js:776
[  114545ms] [LOG] [Fast Refresh] done in 98ms @ http://localhost:3001/_next/static/chunks/node_modules_next_dist_1e8vcs8._.js:776
[  114598ms] [LOG] [Fast Refresh] done in 98ms @ http://localhost:3001/_next/static/chunks/node_modules_next_dist_1e8vcs8._.js:776
[  114656ms] [LOG] [Fast Refresh] done in 98ms @ http://localhost:3001/_next/static/chunks/node_modules_next_dist_1e8vcs8._.js:776
[  114716ms] [LOG] [Fast Refresh] done in 98ms @ http://localhost:3001/_next/static/chunks/node_modules_next_dist_1e8vcs8._.js:776
[  114779ms] [LOG] [Fast Refresh] done in 98ms @ http://localhost:3001/_next/static/chunks/node_modules_next_dist_1e8vcs8._.js:776
[  114842ms] [LOG] [Fast Refresh] done in 98ms @ http://localhost:3001/_next/static/chunks/node_modules_next_dist_1e8vcs8._.js:776
[  114905ms] [LOG] [Fast Refresh] done in 98ms @ http://localhost:3001/_next/static/chunks/node_modules_next_dist_1e8vcs8._.js:776
[  114967ms] [LOG] [Fast Refresh] done in 98ms @ http://localhost:3001/_next/static/chunks/node_modules_next_dist_1e8vcs8._.js:776
[  115027ms] [LOG] [Fast Refresh] done in 98ms @ http://localhost:3001/_next/static/chunks/node_modules_next_dist_1e8vcs8._.js:776
[  115090ms] [LOG] [Fast Refresh] done in 98ms @ http://localhost:3001/_next/static/chunks/node_modules_next_dist_1e8vcs8._.js:776
[  115151ms] [LOG] [Fast Refresh] done in 98ms @ http://localhost:3001/_next/static/chunks/node_modules_next_dist_1e8vcs8._.js:776
[  115214ms] [LOG] [Fast Refresh] done in 98ms @ http://localhost:3001/_next/static/chunks/node_modules_next_dist_1e8vcs8._.js:776
[  115278ms] [LOG] [Fast Refresh] done in 98ms @ http://localhost:3001/_next/static/chunks/node_modules_next_dist_1e8vcs8._.js:776
[  115341ms] [LOG] [Fast Refresh] done in 98ms @ http://localhost:3001/_next/static/chunks/node_modules_next_dist_1e8vcs8._.js:776
[  115556ms] [LOG] [Fast Refresh] rebuilding @ http://localhost:3001/_next/static/chunks/node_modules_next_dist_1e8vcs8._.js:776
[  115650ms] [LOG] [Fast Refresh] done in 99ms @ http://localhost:3001/_next/static/chunks/node_modules_next_dist_1e8vcs8._.js:776
[  125118ms] [LOG] [Fast Refresh] rebuilding @ http://localhost:3001/_next/static/chunks/node_modules_next_dist_1e8vcs8._.js:776
[  125275ms] [LOG] [Fast Refresh] done in 117ms @ http://localhost:3001/_next/static/chunks/node_modules_next_dist_1e8vcs8._.js:776
[  125545ms] [LOG] [Fast Refresh] rebuilding @ http://localhost:3001/_next/static/chunks/node_modules_next_dist_1e8vcs8._.js:776
[  125566ms] [LOG] [Fast Refresh] done in 126ms @ http://localhost:3001/_next/static/chunks/node_modules_next_dist_1e8vcs8._.js:776
[  127169ms] [LOG] [Fast Refresh] rebuilding @ http://localhost:3001/_next/static/chunks/node_modules_next_dist_1e8vcs8._.js:776
[  127252ms] [LOG] [Fast Refresh] done in 186ms @ http://localhost:3001/_next/static/chunks/node_modules_next_dist_1e8vcs8._.js:776
[  127386ms] [LOG] [Fast Refresh] rebuilding @ http://localhost:3001/_next/static/chunks/node_modules_next_dist_1e8vcs8._.js:776
[  127545ms] [LOG] [Fast Refresh] done in 52ms @ http://localhost:3001/_next/static/chunks/node_modules_next_dist_1e8vcs8._.js:776
[  156680ms] [LOG] [Fast Refresh] rebuilding @ http://localhost:3001/_next/static/chunks/node_modules_next_dist_1e8vcs8._.js:776
[  156735ms] [LOG] [Fast Refresh] done in 517ms @ http://localhost:3001/_next/static/chunks/node_modules_next_dist_1e8vcs8._.js:776
[  157178ms] [LOG] [Fast Refresh] rebuilding @ http://localhost:3001/_next/static/chunks/node_modules_next_dist_1e8vcs8._.js:776
[  157205ms] [LOG] [Fast Refresh] done in 135ms @ http://localhost:3001/_next/static/chunks/node_modules_next_dist_1e8vcs8._.js:776
[  158968ms] [LOG] [Fast Refresh] rebuilding @ http://localhost:3001/_next/static/chunks/node_modules_next_dist_1e8vcs8._.js:776
[  159238ms] [LOG] [Fast Refresh] done in 266ms @ http://localhost:3001/_next/static/chunks/node_modules_next_dist_1e8vcs8._.js:776
[  159584ms] [LOG] [Fast Refresh] rebuilding @ http://localhost:3001/_next/static/chunks/node_modules_next_dist_1e8vcs8._.js:776
[  160186ms] [LOG] [Fast Refresh] done in 706ms @ http://localhost:3001/_next/static/chunks/node_modules_next_dist_1e8vcs8._.js:776
[  170438ms] [LOG] [Fast Refresh] rebuilding @ http://localhost:3001/_next/static/chunks/node_modules_next_dist_1e8vcs8._.js:776
[  170748ms] [LOG] [Fast Refresh] done in 242ms @ http://localhost:3001/_next/static/chunks/node_modules_next_dist_1e8vcs8._.js:776
[  171467ms] [LOG] [Fast Refresh] done in 242ms @ http://localhost:3001/_next/static/chunks/node_modules_next_dist_1e8vcs8._.js:776
[  171704ms] [LOG] [Fast Refresh] done in 242ms @ http://localhost:3001/_next/static/chunks/node_modules_next_dist_1e8vcs8._.js:776
[  171722ms] [ERROR] Failed to load resource: the server responded with a status of 404 (Not Found) @ http://localhost:3001/fonts/BantayogSans-ExtraBold.woff2:0
[  171723ms] [ERROR] Failed to load resource: the server responded with a status of 404 (Not Found) @ http://localhost:3001/fonts/GoodDogPlain.woff2:0
[  171783ms] [LOG] [Fast Refresh] done in 242ms @ http://localhost:3001/_next/static/chunks/node_modules_next_dist_1e8vcs8._.js:776
[  171860ms] [LOG] [Fast Refresh] done in 242ms @ http://localhost:3001/_next/static/chunks/node_modules_next_dist_1e8vcs8._.js:776
[  171920ms] [LOG] [Fast Refresh] done in 242ms @ http://localhost:3001/_next/static/chunks/node_modules_next_dist_1e8vcs8._.js:776
[  171981ms] [LOG] [Fast Refresh] done in 242ms @ http://localhost:3001/_next/static/chunks/node_modules_next_dist_1e8vcs8._.js:776
[  172043ms] [LOG] [Fast Refresh] done in 242ms @ http://localhost:3001/_next/static/chunks/node_modules_next_dist_1e8vcs8._.js:776
[  172102ms] [LOG] [Fast Refresh] done in 242ms @ http://localhost:3001/_next/static/chunks/node_modules_next_dist_1e8vcs8._.js:776
[  172163ms] [LOG] [Fast Refresh] done in 242ms @ http://localhost:3001/_next/static/chunks/node_modules_next_dist_1e8vcs8._.js:776
[  172226ms] [LOG] [Fast Refresh] done in 242ms @ http://localhost:3001/_next/static/chunks/node_modules_next_dist_1e8vcs8._.js:776
[  172287ms] [LOG] [Fast Refresh] done in 242ms @ http://localhost:3001/_next/static/chunks/node_modules_next_dist_1e8vcs8._.js:776
[  172348ms] [LOG] [Fast Refresh] done in 242ms @ http://localhost:3001/_next/static/chunks/node_modules_next_dist_1e8vcs8._.js:776
[  172408ms] [LOG] [Fast Refresh] done in 242ms @ http://localhost:3001/_next/static/chunks/node_modules_next_dist_1e8vcs8._.js:776
[  172469ms] [LOG] [Fast Refresh] done in 242ms @ http://localhost:3001/_next/static/chunks/node_modules_next_dist_1e8vcs8._.js:776
[  172529ms] [LOG] [Fast Refresh] done in 242ms @ http://localhost:3001/_next/static/chunks/node_modules_next_dist_1e8vcs8._.js:776
[  172590ms] [LOG] [Fast Refresh] done in 242ms @ http://localhost:3001/_next/static/chunks/node_modules_next_dist_1e8vcs8._.js:776
[  172652ms] [LOG] [Fast Refresh] done in 242ms @ http://localhost:3001/_next/static/chunks/node_modules_next_dist_1e8vcs8._.js:776
[  172715ms] [LOG] [Fast Refresh] done in 242ms @ http://localhost:3001/_next/static/chunks/node_modules_next_dist_1e8vcs8._.js:776
[  172778ms] [LOG] [Fast Refresh] done in 242ms @ http://localhost:3001/_next/static/chunks/node_modules_next_dist_1e8vcs8._.js:776
[  172841ms] [LOG] [Fast Refresh] done in 242ms @ http://localhost:3001/_next/static/chunks/node_modules_next_dist_1e8vcs8._.js:776
[  172903ms] [LOG] [Fast Refresh] done in 242ms @ http://localhost:3001/_next/static/chunks/node_modules_next_dist_1e8vcs8._.js:776
[  172964ms] [LOG] [Fast Refresh] done in 242ms @ http://localhost:3001/_next/static/chunks/node_modules_next_dist_1e8vcs8._.js:776
[  173028ms] [LOG] [Fast Refresh] done in 242ms @ http://localhost:3001/_next/static/chunks/node_modules_next_dist_1e8vcs8._.js:776
[  173088ms] [LOG] [Fast Refresh] done in 242ms @ http://localhost:3001/_next/static/chunks/node_modules_next_dist_1e8vcs8._.js:776
[  173150ms] [LOG] [Fast Refresh] done in 242ms @ http://localhost:3001/_next/static/chunks/node_modules_next_dist_1e8vcs8._.js:776
[  173215ms] [LOG] [Fast Refresh] done in 242ms @ http://localhost:3001/_next/static/chunks/node_modules_next_dist_1e8vcs8._.js:776
[  173277ms] [LOG] [Fast Refresh] done in 242ms @ http://localhost:3001/_next/static/chunks/node_modules_next_dist_1e8vcs8._.js:776
[  173339ms] [LOG] [Fast Refresh] done in 242ms @ http://localhost:3001/_next/static/chunks/node_modules_next_dist_1e8vcs8._.js:776
[  173400ms] [LOG] [Fast Refresh] done in 242ms @ http://localhost:3001/_next/static/chunks/node_modules_next_dist_1e8vcs8._.js:776
[  173462ms] [LOG] [Fast Refresh] done in 242ms @ http://localhost:3001/_next/static/chunks/node_modules_next_dist_1e8vcs8._.js:776
[  173526ms] [LOG] [Fast Refresh] done in 242ms @ http://localhost:3001/_next/static/chunks/node_modules_next_dist_1e8vcs8._.js:776
[  173588ms] [LOG] [Fast Refresh] done in 242ms @ http://localhost:3001/_next/static/chunks/node_modules_next_dist_1e8vcs8._.js:776
[  173650ms] [LOG] [Fast Refresh] done in 242ms @ http://localhost:3001/_next/static/chunks/node_modules_next_dist_1e8vcs8._.js:776
[  173711ms] [LOG] [Fast Refresh] done in 242ms @ http://localhost:3001/_next/static/chunks/node_modules_next_dist_1e8vcs8._.js:776
[  173773ms] [LOG] [Fast Refresh] done in 242ms @ http://localhost:3001/_next/static/chunks/node_modules_next_dist_1e8vcs8._.js:776
[  173832ms] [LOG] [Fast Refresh] done in 242ms @ http://localhost:3001/_next/static/chunks/node_modules_next_dist_1e8vcs8._.js:776
[  173895ms] [LOG] [Fast Refresh] done in 242ms @ http://localhost:3001/_next/static/chunks/node_modules_next_dist_1e8vcs8._.js:776
[  173956ms] [LOG] [Fast Refresh] done in 242ms @ http://localhost:3001/_next/static/chunks/node_modules_next_dist_1e8vcs8._.js:776
[  174017ms] [LOG] [Fast Refresh] done in 242ms @ http://localhost:3001/_next/static/chunks/node_modules_next_dist_1e8vcs8._.js:776
[  174078ms] [LOG] [Fast Refresh] done in 242ms @ http://localhost:3001/_next/static/chunks/node_modules_next_dist_1e8vcs8._.js:776
[  174140ms] [LOG] [Fast Refresh] done in 242ms @ http://localhost:3001/_next/static/chunks/node_modules_next_dist_1e8vcs8._.js:776
[  174202ms] [LOG] [Fast Refresh] done in 242ms @ http://localhost:3001/_next/static/chunks/node_modules_next_dist_1e8vcs8._.js:776
[  174264ms] [LOG] [Fast Refresh] done in 242ms @ http://localhost:3001/_next/static/chunks/node_modules_next_dist_1e8vcs8._.js:776
[  174328ms] [LOG] [Fast Refresh] done in 242ms @ http://localhost:3001/_next/static/chunks/node_modules_next_dist_1e8vcs8._.js:776
[  174389ms] [LOG] [Fast Refresh] done in 242ms @ http://localhost:3001/_next/static/chunks/node_modules_next_dist_1e8vcs8._.js:776
[  174452ms] [LOG] [Fast Refresh] done in 242ms @ http://localhost:3001/_next/static/chunks/node_modules_next_dist_1e8vcs8._.js:776
[  174515ms] [LOG] [Fast Refresh] done in 242ms @ http://localhost:3001/_next/static/chunks/node_modules_next_dist_1e8vcs8._.js:776
[  174579ms] [LOG] [Fast Refresh] done in 242ms @ http://localhost:3001/_next/static/chunks/node_modules_next_dist_1e8vcs8._.js:776
[  174638ms] [LOG] [Fast Refresh] done in 242ms @ http://localhost:3001/_next/static/chunks/node_modules_next_dist_1e8vcs8._.js:776
[  174701ms] [LOG] [Fast Refresh] done in 242ms @ http://localhost:3001/_next/static/chunks/node_modules_next_dist_1e8vcs8._.js:776
[  174761ms] [LOG] [Fast Refresh] done in 242ms @ http://localhost:3001/_next/static/chunks/node_modules_next_dist_1e8vcs8._.js:776
[  174823ms] [LOG] [Fast Refresh] done in 242ms @ http://localhost:3001/_next/static/chunks/node_modules_next_dist_1e8vcs8._.js:776
[  174884ms] [LOG] [Fast Refresh] done in 242ms @ http://localhost:3001/_next/static/chunks/node_modules_next_dist_1e8vcs8._.js:776
[  174947ms] [LOG] [Fast Refresh] done in 242ms @ http://localhost:3001/_next/static/chunks/node_modules_next_dist_1e8vcs8._.js:776
[  175010ms] [LOG] [Fast Refresh] done in 242ms @ http://localhost:3001/_next/static/chunks/node_modules_next_dist_1e8vcs8._.js:776
[  175076ms] [LOG] [Fast Refresh] done in 242ms @ http://localhost:3001/_next/static/chunks/node_modules_next_dist_1e8vcs8._.js:776
[  175282ms] [LOG] [Fast Refresh] done in 242ms @ http://localhost:3001/_next/static/chunks/node_modules_next_dist_1e8vcs8._.js:776
[  175348ms] [LOG] [Fast Refresh] done in 242ms @ http://localhost:3001/_next/static/chunks/node_modules_next_dist_1e8vcs8._.js:776
[  175411ms] [LOG] [Fast Refresh] done in 242ms @ http://localhost:3001/_next/static/chunks/node_modules_next_dist_1e8vcs8._.js:776
[  175474ms] [LOG] [Fast Refresh] done in 242ms @ http://localhost:3001/_next/static/chunks/node_modules_next_dist_1e8vcs8._.js:776
[  175540ms] [LOG] [Fast Refresh] done in 242ms @ http://localhost:3001/_next/static/chunks/node_modules_next_dist_1e8vcs8._.js:776
[  175600ms] [LOG] [Fast Refresh] done in 242ms @ http://localhost:3001/_next/static/chunks/node_modules_next_dist_1e8vcs8._.js:776
[  175662ms] [LOG] [Fast Refresh] done in 242ms @ http://localhost:3001/_next/static/chunks/node_modules_next_dist_1e8vcs8._.js:776
[  175724ms] [LOG] [Fast Refresh] done in 242ms @ http://localhost:3001/_next/static/chunks/node_modules_next_dist_1e8vcs8._.js:776
[  175784ms] [LOG] [Fast Refresh] done in 242ms @ http://localhost:3001/_next/static/chunks/node_modules_next_dist_1e8vcs8._.js:776
[  175846ms] [LOG] [Fast Refresh] done in 242ms @ http://localhost:3001/_next/static/chunks/node_modules_next_dist_1e8vcs8._.js:776
[  175906ms] [LOG] [Fast Refresh] done in 242ms @ http://localhost:3001/_next/static/chunks/node_modules_next_dist_1e8vcs8._.js:776
[  175988ms] [LOG] [Fast Refresh] done in 242ms @ http://localhost:3001/_next/static/chunks/node_modules_next_dist_1e8vcs8._.js:776
[  176046ms] [LOG] [Fast Refresh] done in 242ms @ http://localhost:3001/_next/static/chunks/node_modules_next_dist_1e8vcs8._.js:776
[  176108ms] [LOG] [Fast Refresh] done in 242ms @ http://localhost:3001/_next/static/chunks/node_modules_next_dist_1e8vcs8._.js:776
[  176172ms] [LOG] [Fast Refresh] done in 242ms @ http://localhost:3001/_next/static/chunks/node_modules_next_dist_1e8vcs8._.js:776
[  176234ms] [LOG] [Fast Refresh] done in 242ms @ http://localhost:3001/_next/static/chunks/node_modules_next_dist_1e8vcs8._.js:776
[  176294ms] [LOG] [Fast Refresh] done in 242ms @ http://localhost:3001/_next/static/chunks/node_modules_next_dist_1e8vcs8._.js:776
[  176355ms] [LOG] [Fast Refresh] done in 242ms @ http://localhost:3001/_next/static/chunks/node_modules_next_dist_1e8vcs8._.js:776
[  176420ms] [LOG] [Fast Refresh] done in 242ms @ http://localhost:3001/_next/static/chunks/node_modules_next_dist_1e8vcs8._.js:776
[  176482ms] [LOG] [Fast Refresh] done in 242ms @ http://localhost:3001/_next/static/chunks/node_modules_next_dist_1e8vcs8._.js:776
[  176549ms] [LOG] [Fast Refresh] done in 242ms @ http://localhost:3001/_next/static/chunks/node_modules_next_dist_1e8vcs8._.js:776
[  176608ms] [LOG] [Fast Refresh] done in 242ms @ http://localhost:3001/_next/static/chunks/node_modules_next_dist_1e8vcs8._.js:776
[  176669ms] [LOG] [Fast Refresh] done in 242ms @ http://localhost:3001/_next/static/chunks/node_modules_next_dist_1e8vcs8._.js:776
[  176730ms] [LOG] [Fast Refresh] done in 242ms @ http://localhost:3001/_next/static/chunks/node_modules_next_dist_1e8vcs8._.js:776
[  176791ms] [LOG] [Fast Refresh] done in 242ms @ http://localhost:3001/_next/static/chunks/node_modules_next_dist_1e8vcs8._.js:776
[  176854ms] [LOG] [Fast Refresh] done in 242ms @ http://localhost:3001/_next/static/chunks/node_modules_next_dist_1e8vcs8._.js:776
[  176915ms] [LOG] [Fast Refresh] done in 242ms @ http://localhost:3001/_next/static/chunks/node_modules_next_dist_1e8vcs8._.js:776
[  176976ms] [LOG] [Fast Refresh] done in 242ms @ http://localhost:3001/_next/static/chunks/node_modules_next_dist_1e8vcs8._.js:776
[  177037ms] [LOG] [Fast Refresh] done in 242ms @ http://localhost:3001/_next/static/chunks/node_modules_next_dist_1e8vcs8._.js:776
[  177101ms] [LOG] [Fast Refresh] done in 242ms @ http://localhost:3001/_next/static/chunks/node_modules_next_dist_1e8vcs8._.js:776
[  177161ms] [LOG] [Fast Refresh] done in 242ms @ http://localhost:3001/_next/static/chunks/node_modules_next_dist_1e8vcs8._.js:776
[  177225ms] [LOG] [Fast Refresh] done in 242ms @ http://localhost:3001/_next/static/chunks/node_modules_next_dist_1e8vcs8._.js:776
[  177288ms] [LOG] [Fast Refresh] done in 242ms @ http://localhost:3001/_next/static/chunks/node_modules_next_dist_1e8vcs8._.js:776
[  177366ms] [LOG] [Fast Refresh] done in 242ms @ http://localhost:3001/_next/static/chunks/node_modules_next_dist_1e8vcs8._.js:776
[  177428ms] [LOG] [Fast Refresh] done in 242ms @ http://localhost:3001/_next/static/chunks/node_modules_next_dist_1e8vcs8._.js:776
[  177491ms] [LOG] [Fast Refresh] done in 242ms @ http://localhost:3001/_next/static/chunks/node_modules_next_dist_1e8vcs8._.js:776
[  177747ms] [ERROR] Failed to load resource: the server responded with a status of 404 (Not Found) @ http://localhost:3001/fonts/BantayogSans-ExtraBold.woff2:0
[  177818ms] [ERROR] Failed to load resource: the server responded with a status of 404 (Not Found) @ http://localhost:3001/fonts/GoodDogPlain.woff2:0
[  177857ms] [INFO] %cDownload the React DevTools for a better development experience: https://react.dev/link/react-devtools font-weight:bold @ http://localhost:3001/_next/static/chunks/node_modules_next_dist_1e8vcs8._.js:776
[  177881ms] [LOG] [HMR] connected @ http://localhost:3001/_next/static/chunks/node_modules_next_dist_1e8vcs8._.js:776
[  186044ms] [LOG] [Fast Refresh] rebuilding @ http://localhost:3001/_next/static/chunks/node_modules_next_dist_1e8vcs8._.js:776
[  186341ms] [LOG] [Fast Refresh] done in 127ms @ http://localhost:3001/_next/static/chunks/node_modules_next_dist_1e8vcs8._.js:776
[  186658ms] [LOG] [Fast Refresh] done in 127ms @ http://localhost:3001/_next/static/chunks/node_modules_next_dist_1e8vcs8._.js:776
[  186809ms] [LOG] [Fast Refresh] done in 127ms @ http://localhost:3001/_next/static/chunks/node_modules_next_dist_1e8vcs8._.js:776
[  186883ms] [LOG] [Fast Refresh] done in 127ms @ http://localhost:3001/_next/static/chunks/node_modules_next_dist_1e8vcs8._.js:776
[  186946ms] [LOG] [Fast Refresh] done in 127ms @ http://localhost:3001/_next/static/chunks/node_modules_next_dist_1e8vcs8._.js:776
[  187003ms] [LOG] [Fast Refresh] done in 127ms @ http://localhost:3001/_next/static/chunks/node_modules_next_dist_1e8vcs8._.js:776
[  187072ms] [LOG] [Fast Refresh] done in 127ms @ http://localhost:3001/_next/static/chunks/node_modules_next_dist_1e8vcs8._.js:776
[  187127ms] [LOG] [Fast Refresh] done in 127ms @ http://localhost:3001/_next/static/chunks/node_modules_next_dist_1e8vcs8._.js:776
[  187209ms] [LOG] [Fast Refresh] done in 127ms @ http://localhost:3001/_next/static/chunks/node_modules_next_dist_1e8vcs8._.js:776
[  187224ms] [ERROR] Failed to load resource: the server responded with a status of 404 (Not Found) @ http://localhost:3001/fonts/BantayogSans-ExtraBold.woff2:0
[  187226ms] [ERROR] Failed to load resource: the server responded with a status of 404 (Not Found) @ http://localhost:3001/fonts/GoodDogPlain.woff2:0
[  187283ms] [LOG] [Fast Refresh] done in 127ms @ http://localhost:3001/_next/static/chunks/node_modules_next_dist_1e8vcs8._.js:776
[  187343ms] [LOG] [Fast Refresh] done in 127ms @ http://localhost:3001/_next/static/chunks/node_modules_next_dist_1e8vcs8._.js:776
[  187403ms] [LOG] [Fast Refresh] done in 127ms @ http://localhost:3001/_next/static/chunks/node_modules_next_dist_1e8vcs8._.js:776
[  187471ms] [LOG] [Fast Refresh] done in 127ms @ http://localhost:3001/_next/static/chunks/node_modules_next_dist_1e8vcs8._.js:776
[  187529ms] [LOG] [Fast Refresh] done in 127ms @ http://localhost:3001/_next/static/chunks/node_modules_next_dist_1e8vcs8._.js:776
[  187589ms] [LOG] [Fast Refresh] done in 127ms @ http://localhost:3001/_next/static/chunks/node_modules_next_dist_1e8vcs8._.js:776
[  187651ms] [LOG] [Fast Refresh] done in 127ms @ http://localhost:3001/_next/static/chunks/node_modules_next_dist_1e8vcs8._.js:776
[  187717ms] [LOG] [Fast Refresh] done in 127ms @ http://localhost:3001/_next/static/chunks/node_modules_next_dist_1e8vcs8._.js:776
[  187777ms] [LOG] [Fast Refresh] done in 127ms @ http://localhost:3001/_next/static/chunks/node_modules_next_dist_1e8vcs8._.js:776
[  187840ms] [LOG] [Fast Refresh] done in 127ms @ http://localhost:3001/_next/static/chunks/node_modules_next_dist_1e8vcs8._.js:776
[  187905ms] [LOG] [Fast Refresh] done in 127ms @ http://localhost:3001/_next/static/chunks/node_modules_next_dist_1e8vcs8._.js:776
[  187965ms] [LOG] [Fast Refresh] done in 127ms @ http://localhost:3001/_next/static/chunks/node_modules_next_dist_1e8vcs8._.js:776
[  188025ms] [LOG] [Fast Refresh] done in 127ms @ http://localhost:3001/_next/static/chunks/node_modules_next_dist_1e8vcs8._.js:776
[  188088ms] [LOG] [Fast Refresh] done in 127ms @ http://localhost:3001/_next/static/chunks/node_modules_next_dist_1e8vcs8._.js:776
[  188153ms] [LOG] [Fast Refresh] done in 127ms @ http://localhost:3001/_next/static/chunks/node_modules_next_dist_1e8vcs8._.js:776
[  188222ms] [LOG] [Fast Refresh] done in 127ms @ http://localhost:3001/_next/static/chunks/node_modules_next_dist_1e8vcs8._.js:776
[  188286ms] [LOG] [Fast Refresh] done in 127ms @ http://localhost:3001/_next/static/chunks/node_modules_next_dist_1e8vcs8._.js:776
[  188348ms] [LOG] [Fast Refresh] done in 127ms @ http://localhost:3001/_next/static/chunks/node_modules_next_dist_1e8vcs8._.js:776
[  188409ms] [LOG] [Fast Refresh] done in 127ms @ http://localhost:3001/_next/static/chunks/node_modules_next_dist_1e8vcs8._.js:776
[  188473ms] [LOG] [Fast Refresh] done in 127ms @ http://localhost:3001/_next/static/chunks/node_modules_next_dist_1e8vcs8._.js:776
[  188532ms] [LOG] [Fast Refresh] done in 127ms @ http://localhost:3001/_next/static/chunks/node_modules_next_dist_1e8vcs8._.js:776
[  188598ms] [LOG] [Fast Refresh] done in 127ms @ http://localhost:3001/_next/static/chunks/node_modules_next_dist_1e8vcs8._.js:776
[  188648ms] [LOG] [Fast Refresh] done in 127ms @ http://localhost:3001/_next/static/chunks/node_modules_next_dist_1e8vcs8._.js:776
[  188804ms] [LOG] [Fast Refresh] rebuilding @ http://localhost:3001/_next/static/chunks/node_modules_next_dist_1e8vcs8._.js:776
[  188992ms] [LOG] [Fast Refresh] done in 54ms @ http://localhost:3001/_next/static/chunks/node_modules_next_dist_1e8vcs8._.js:776
[  189428ms] [LOG] [Fast Refresh] rebuilding @ http://localhost:3001/_next/static/chunks/node_modules_next_dist_1e8vcs8._.js:776
[  189571ms] [LOG] [Fast Refresh] done in 252ms @ http://localhost:3001/_next/static/chunks/node_modules_next_dist_1e8vcs8._.js:776
[  191273ms] [LOG] [Fast Refresh] rebuilding @ http://localhost:3001/_next/static/chunks/node_modules_next_dist_1e8vcs8._.js:776
[  191391ms] [LOG] [Fast Refresh] done in 67ms @ http://localhost:3001/_next/static/chunks/node_modules_next_dist_1e8vcs8._.js:776
[  191549ms] [LOG] [Fast Refresh] done in 67ms @ http://localhost:3001/_next/static/chunks/node_modules_next_dist_1e8vcs8._.js:776
[  191649ms] [LOG] [Fast Refresh] done in 67ms @ http://localhost:3001/_next/static/chunks/node_modules_next_dist_1e8vcs8._.js:776
[  191715ms] [LOG] [Fast Refresh] done in 67ms @ http://localhost:3001/_next/static/chunks/node_modules_next_dist_1e8vcs8._.js:776
[  191769ms] [LOG] [Fast Refresh] done in 67ms @ http://localhost:3001/_next/static/chunks/node_modules_next_dist_1e8vcs8._.js:776
[  191830ms] [LOG] [Fast Refresh] done in 67ms @ http://localhost:3001/_next/static/chunks/node_modules_next_dist_1e8vcs8._.js:776
[  191893ms] [LOG] [Fast Refresh] done in 67ms @ http://localhost:3001/_next/static/chunks/node_modules_next_dist_1e8vcs8._.js:776
[  191956ms] [LOG] [Fast Refresh] done in 67ms @ http://localhost:3001/_next/static/chunks/node_modules_next_dist_1e8vcs8._.js:776
[  192017ms] [LOG] [Fast Refresh] done in 67ms @ http://localhost:3001/_next/static/chunks/node_modules_next_dist_1e8vcs8._.js:776
[  192080ms] [LOG] [Fast Refresh] done in 67ms @ http://localhost:3001/_next/static/chunks/node_modules_next_dist_1e8vcs8._.js:776
[  192144ms] [LOG] [Fast Refresh] done in 67ms @ http://localhost:3001/_next/static/chunks/node_modules_next_dist_1e8vcs8._.js:776
[  192234ms] [LOG] [Fast Refresh] done in 67ms @ http://localhost:3001/_next/static/chunks/node_modules_next_dist_1e8vcs8._.js:776
[  192249ms] [ERROR] Failed to load resource: the server responded with a status of 404 (Not Found) @ http://localhost:3001/fonts/BantayogSans-ExtraBold.woff2:0
[  192250ms] [ERROR] Failed to load resource: the server responded with a status of 404 (Not Found) @ http://localhost:3001/fonts/GoodDogPlain.woff2:0
[  192315ms] [LOG] [Fast Refresh] done in 67ms @ http://localhost:3001/_next/static/chunks/node_modules_next_dist_1e8vcs8._.js:776
[  192378ms] [LOG] [Fast Refresh] done in 67ms @ http://localhost:3001/_next/static/chunks/node_modules_next_dist_1e8vcs8._.js:776
[  192440ms] [LOG] [Fast Refresh] done in 67ms @ http://localhost:3001/_next/static/chunks/node_modules_next_dist_1e8vcs8._.js:776
[  192502ms] [LOG] [Fast Refresh] done in 67ms @ http://localhost:3001/_next/static/chunks/node_modules_next_dist_1e8vcs8._.js:776
[  192564ms] [LOG] [Fast Refresh] done in 67ms @ http://localhost:3001/_next/static/chunks/node_modules_next_dist_1e8vcs8._.js:776
[  192626ms] [LOG] [Fast Refresh] done in 67ms @ http://localhost:3001/_next/static/chunks/node_modules_next_dist_1e8vcs8._.js:776
[  192687ms] [LOG] [Fast Refresh] done in 67ms @ http://localhost:3001/_next/static/chunks/node_modules_next_dist_1e8vcs8._.js:776
[  192748ms] [LOG] [Fast Refresh] done in 67ms @ http://localhost:3001/_next/static/chunks/node_modules_next_dist_1e8vcs8._.js:776
[  192810ms] [LOG] [Fast Refresh] done in 67ms @ http://localhost:3001/_next/static/chunks/node_modules_next_dist_1e8vcs8._.js:776
[  192873ms] [LOG] [Fast Refresh] done in 67ms @ http://localhost:3001/_next/static/chunks/node_modules_next_dist_1e8vcs8._.js:776
[  192937ms] [LOG] [Fast Refresh] done in 67ms @ http://localhost:3001/_next/static/chunks/node_modules_next_dist_1e8vcs8._.js:776
[  192998ms] [LOG] [Fast Refresh] done in 67ms @ http://localhost:3001/_next/static/chunks/node_modules_next_dist_1e8vcs8._.js:776
[  193060ms] [LOG] [Fast Refresh] done in 67ms @ http://localhost:3001/_next/static/chunks/node_modules_next_dist_1e8vcs8._.js:776
[  193123ms] [LOG] [Fast Refresh] done in 67ms @ http://localhost:3001/_next/static/chunks/node_modules_next_dist_1e8vcs8._.js:776
[  193188ms] [LOG] [Fast Refresh] done in 67ms @ http://localhost:3001/_next/static/chunks/node_modules_next_dist_1e8vcs8._.js:776
[  193249ms] [LOG] [Fast Refresh] done in 67ms @ http://localhost:3001/_next/static/chunks/node_modules_next_dist_1e8vcs8._.js:776
[  193314ms] [LOG] [Fast Refresh] done in 67ms @ http://localhost:3001/_next/static/chunks/node_modules_next_dist_1e8vcs8._.js:776
[  193392ms] [LOG] [Fast Refresh] done in 67ms @ http://localhost:3001/_next/static/chunks/node_modules_next_dist_1e8vcs8._.js:776
[  193453ms] [LOG] [Fast Refresh] done in 67ms @ http://localhost:3001/_next/static/chunks/node_modules_next_dist_1e8vcs8._.js:776
[  193516ms] [LOG] [Fast Refresh] done in 67ms @ http://localhost:3001/_next/static/chunks/node_modules_next_dist_1e8vcs8._.js:776
[  193580ms] [LOG] [Fast Refresh] done in 67ms @ http://localhost:3001/_next/static/chunks/node_modules_next_dist_1e8vcs8._.js:776
[  193642ms] [LOG] [Fast Refresh] done in 67ms @ http://localhost:3001/_next/static/chunks/node_modules_next_dist_1e8vcs8._.js:776
[  193704ms] [LOG] [Fast Refresh] done in 67ms @ http://localhost:3001/_next/static/chunks/node_modules_next_dist_1e8vcs8._.js:776
[  193766ms] [LOG] [Fast Refresh] done in 67ms @ http://localhost:3001/_next/static/chunks/node_modules_next_dist_1e8vcs8._.js:776
[  193828ms] [LOG] [Fast Refresh] done in 67ms @ http://localhost:3001/_next/static/chunks/node_modules_next_dist_1e8vcs8._.js:776
[  193888ms] [LOG] [Fast Refresh] done in 67ms @ http://localhost:3001/_next/static/chunks/node_modules_next_dist_1e8vcs8._.js:776
[  193951ms] [LOG] [Fast Refresh] done in 67ms @ http://localhost:3001/_next/static/chunks/node_modules_next_dist_1e8vcs8._.js:776
[  194014ms] [LOG] [Fast Refresh] done in 67ms @ http://localhost:3001/_next/static/chunks/node_modules_next_dist_1e8vcs8._.js:776
[  194076ms] [LOG] [Fast Refresh] done in 67ms @ http://localhost:3001/_next/static/chunks/node_modules_next_dist_1e8vcs8._.js:776
[  194138ms] [LOG] [Fast Refresh] done in 67ms @ http://localhost:3001/_next/static/chunks/node_modules_next_dist_1e8vcs8._.js:776
[  194201ms] [LOG] [Fast Refresh] done in 67ms @ http://localhost:3001/_next/static/chunks/node_modules_next_dist_1e8vcs8._.js:776
[  194261ms] [LOG] [Fast Refresh] done in 67ms @ http://localhost:3001/_next/static/chunks/node_modules_next_dist_1e8vcs8._.js:776
[  194325ms] [LOG] [Fast Refresh] done in 67ms @ http://localhost:3001/_next/static/chunks/node_modules_next_dist_1e8vcs8._.js:776
[  194388ms] [LOG] [Fast Refresh] done in 67ms @ http://localhost:3001/_next/static/chunks/node_modules_next_dist_1e8vcs8._.js:776
[  194449ms] [LOG] [Fast Refresh] done in 67ms @ http://localhost:3001/_next/static/chunks/node_modules_next_dist_1e8vcs8._.js:776
[  382782ms] [LOG] [Fast Refresh] rebuilding @ http://localhost:3001/_next/static/chunks/node_modules_next_dist_1e8vcs8._.js:776
[  383141ms] [LOG] [Fast Refresh] done in 335ms @ http://localhost:3001/_next/static/chunks/node_modules_next_dist_1e8vcs8._.js:776
[  383337ms] [LOG] [Fast Refresh] done in 335ms @ http://localhost:3001/_next/static/chunks/node_modules_next_dist_1e8vcs8._.js:776
[  390471ms] [LOG] [Fast Refresh] rebuilding @ http://localhost:3001/_next/static/chunks/node_modules_next_dist_1e8vcs8._.js:776
[  390567ms] [LOG] [Fast Refresh] done in 40ms @ http://localhost:3001/_next/static/chunks/node_modules_next_dist_1e8vcs8._.js:776
[  423662ms] [LOG] [Fast Refresh] rebuilding @ http://localhost:3001/_next/static/chunks/node_modules_next_dist_1e8vcs8._.js:776
[  423757ms] [LOG] [Fast Refresh] done in 87ms @ http://localhost:3001/_next/static/chunks/node_modules_next_dist_1e8vcs8._.js:776
[  424281ms] [ERROR] Failed to load resource: the server responded with a status of 404 (Not Found) @ http://localhost:3001/fonts/BantayogSans-ExtraBold.woff2:0
[  424286ms] [ERROR] Failed to load resource: the server responded with a status of 404 (Not Found) @ http://localhost:3001/fonts/GoodDogPlain.woff2:0
[  430795ms] [LOG] [Fast Refresh] rebuilding @ http://localhost:3001/_next/static/chunks/node_modules_next_dist_1e8vcs8._.js:776
[  430992ms] [LOG] [Fast Refresh] done in 13ms @ http://localhost:3001/_next/static/chunks/node_modules_next_dist_1e8vcs8._.js:776
[  440093ms] [ERROR] Failed to load resource: the server responded with a status of 404 (Not Found) @ http://localhost:3001/fonts/BantayogSans-ExtraBold.woff2:0
[  440228ms] [ERROR] Failed to load resource: the server responded with a status of 404 (Not Found) @ http://localhost:3001/fonts/GoodDogPlain.woff2:0
[  440298ms] [INFO] %cDownload the React DevTools for a better development experience: https://react.dev/link/react-devtools font-weight:bold @ http://localhost:3001/_next/static/chunks/node_modules_next_dist_1e8vcs8._.js:776
[  440328ms] [LOG] [HMR] connected @ http://localhost:3001/_next/static/chunks/node_modules_next_dist_1e8vcs8._.js:776
[  464505ms] [LOG] [Fast Refresh] rebuilding @ http://localhost:3001/_next/static/chunks/node_modules_next_dist_1e8vcs8._.js:776
[  464592ms] [LOG] [Fast Refresh] done in 46ms @ http://localhost:3001/_next/static/chunks/node_modules_next_dist_1e8vcs8._.js:776
[  464834ms] [LOG] [Fast Refresh] rebuilding @ http://localhost:3001/_next/static/chunks/node_modules_next_dist_1e8vcs8._.js:776
[  464903ms] [LOG] [Fast Refresh] done in 169ms @ http://localhost:3001/_next/static/chunks/node_modules_next_dist_1e8vcs8._.js:776
[  472855ms] [ERROR] Failed to load resource: the server responded with a status of 404 (Not Found) @ http://localhost:3001/fonts/BantayogSans-ExtraBold.woff2:0
[  472918ms] [ERROR] Failed to load resource: the server responded with a status of 404 (Not Found) @ http://localhost:3001/fonts/GoodDogPlain.woff2:0
[  472950ms] [INFO] %cDownload the React DevTools for a better development experience: https://react.dev/link/react-devtools font-weight:bold @ http://localhost:3001/_next/static/chunks/node_modules_next_dist_1e8vcs8._.js:776
[  472973ms] [LOG] [HMR] connected @ http://localhost:3001/_next/static/chunks/node_modules_next_dist_1e8vcs8._.js:776
[  476950ms] [WARNING] Image with src "/media/library/truth/truth-livingmemory2.webp" was detected as the Largest Contentful Paint (LCP). Please add the `loading="eager"` property if this image is above the fold.
Read more: https://nextjs.org/docs/app/api-reference/components/image#loading @ http://localhost:3001/_next/static/chunks/node_modules_next_dist_1e8vcs8._.js:776
[  607895ms] [LOG] [Fast Refresh] rebuilding @ http://localhost:3001/_next/static/chunks/node_modules_next_dist_1e8vcs8._.js:776
[  608365ms] [LOG] [Fast Refresh] done in 99ms @ http://localhost:3001/_next/static/chunks/node_modules_next_dist_1e8vcs8._.js:776
[  608729ms] [LOG] [Fast Refresh] rebuilding @ http://localhost:3001/_next/static/chunks/node_modules_next_dist_1e8vcs8._.js:776
[  608883ms] [LOG] [Fast Refresh] done in 254ms @ http://localhost:3001/_next/static/chunks/node_modules_next_dist_1e8vcs8._.js:776
[  608942ms] [ERROR] Failed to load resource: the server responded with a status of 404 (Not Found) @ http://localhost:3001/fonts/BantayogSans-ExtraBold.woff2:0
[  608961ms] [ERROR] Failed to load resource: the server responded with a status of 404 (Not Found) @ http://localhost:3001/fonts/GoodDogPlain.woff2:0
[  616338ms] [LOG] [Fast Refresh] rebuilding @ http://localhost:3001/_next/static/chunks/node_modules_next_dist_1e8vcs8._.js:776
[  616704ms] [LOG] [Fast Refresh] done in 100ms @ http://localhost:3001/_next/static/chunks/node_modules_next_dist_1e8vcs8._.js:776
[  616975ms] [LOG] [Fast Refresh] rebuilding @ http://localhost:3001/_next/static/chunks/node_modules_next_dist_1e8vcs8._.js:776
[  616992ms] [LOG] [Fast Refresh] done in 118ms @ http://localhost:3001/_next/static/chunks/node_modules_next_dist_1e8vcs8._.js:776
[  617020ms] [ERROR] Failed to load resource: the server responded with a status of 404 (Not Found) @ http://localhost:3001/fonts/BantayogSans-ExtraBold.woff2:0
[  617026ms] [ERROR] Failed to load resource: the server responded with a status of 404 (Not Found) @ http://localhost:3001/fonts/GoodDogPlain.woff2:0
[  627134ms] [ERROR] Failed to load resource: the server responded with a status of 404 (Not Found) @ http://localhost:3001/fonts/BantayogSans-ExtraBold.woff2:0
[  627192ms] [ERROR] Failed to load resource: the server responded with a status of 404 (Not Found) @ http://localhost:3001/fonts/GoodDogPlain.woff2:0
[  627205ms] [INFO] %cDownload the React DevTools for a better development experience: https://react.dev/link/react-devtools font-weight:bold @ http://localhost:3001/_next/static/chunks/node_modules_next_dist_1e8vcs8._.js:776
[  627237ms] [LOG] [HMR] connected @ http://localhost:3001/_next/static/chunks/node_modules_next_dist_1e8vcs8._.js:776
[  669154ms] [LOG] [Fast Refresh] rebuilding @ http://localhost:3001/_next/static/chunks/node_modules_next_dist_1e8vcs8._.js:776
[  669640ms] [LOG] [Fast Refresh] done in 535ms @ http://localhost:3001/_next/static/chunks/node_modules_next_dist_1e8vcs8._.js:776
[  670014ms] [LOG] [Fast Refresh] rebuilding @ http://localhost:3001/_next/static/chunks/node_modules_next_dist_1e8vcs8._.js:776
[  670048ms] [LOG] [Fast Refresh] done in 135ms @ http://localhost:3001/_next/static/chunks/node_modules_next_dist_1e8vcs8._.js:776
[  670521ms] [LOG] [Fast Refresh] rebuilding @ http://localhost:3001/_next/static/chunks/node_modules_next_dist_1e8vcs8._.js:776
[  670973ms] [LOG] [Fast Refresh] done in 556ms @ http://localhost:3001/_next/static/chunks/node_modules_next_dist_1e8vcs8._.js:776
[  671216ms] [LOG] [Fast Refresh] rebuilding @ http://localhost:3001/_next/static/chunks/node_modules_next_dist_1e8vcs8._.js:776
[  671257ms] [LOG] [Fast Refresh] done in 141ms @ http://localhost:3001/_next/static/chunks/node_modules_next_dist_1e8vcs8._.js:776
[  672356ms] [LOG] [Fast Refresh] rebuilding @ http://localhost:3001/_next/static/chunks/node_modules_next_dist_1e8vcs8._.js:776
[  672696ms] [LOG] [Fast Refresh] done in 224ms @ http://localhost:3001/_next/static/chunks/node_modules_next_dist_1e8vcs8._.js:776
[  672697ms] [LOG] [Fast Refresh] done in 224ms @ http://localhost:3001/_next/static/chunks/node_modules_next_dist_1e8vcs8._.js:776
[  672818ms] [LOG] [Fast Refresh] done in 224ms @ http://localhost:3001/_next/static/chunks/node_modules_next_dist_1e8vcs8._.js:776
[  673041ms] [LOG] [Fast Refresh] done in 224ms @ http://localhost:3001/_next/static/chunks/node_modules_next_dist_1e8vcs8._.js:776
[  673113ms] [LOG] [Fast Refresh] done in 224ms @ http://localhost:3001/_next/static/chunks/node_modules_next_dist_1e8vcs8._.js:776
[  673193ms] [LOG] [Fast Refresh] done in 224ms @ http://localhost:3001/_next/static/chunks/node_modules_next_dist_1e8vcs8._.js:776
[  673260ms] [LOG] [Fast Refresh] done in 224ms @ http://localhost:3001/_next/static/chunks/node_modules_next_dist_1e8vcs8._.js:776
[  673320ms] [LOG] [Fast Refresh] done in 224ms @ http://localhost:3001/_next/static/chunks/node_modules_next_dist_1e8vcs8._.js:776
[  673382ms] [LOG] [Fast Refresh] done in 224ms @ http://localhost:3001/_next/static/chunks/node_modules_next_dist_1e8vcs8._.js:776
[  673443ms] [LOG] [Fast Refresh] done in 224ms @ http://localhost:3001/_next/static/chunks/node_modules_next_dist_1e8vcs8._.js:776
[  673504ms] [LOG] [Fast Refresh] done in 224ms @ http://localhost:3001/_next/static/chunks/node_modules_next_dist_1e8vcs8._.js:776
[  673565ms] [LOG] [Fast Refresh] done in 224ms @ http://localhost:3001/_next/static/chunks/node_modules_next_dist_1e8vcs8._.js:776
[  673626ms] [LOG] [Fast Refresh] done in 224ms @ http://localhost:3001/_next/static/chunks/node_modules_next_dist_1e8vcs8._.js:776
[  673689ms] [LOG] [Fast Refresh] done in 224ms @ http://localhost:3001/_next/static/chunks/node_modules_next_dist_1e8vcs8._.js:776
[  673750ms] [LOG] [Fast Refresh] done in 224ms @ http://localhost:3001/_next/static/chunks/node_modules_next_dist_1e8vcs8._.js:776
[  673814ms] [LOG] [Fast Refresh] done in 224ms @ http://localhost:3001/_next/static/chunks/node_modules_next_dist_1e8vcs8._.js:776
[  673876ms] [LOG] [Fast Refresh] done in 224ms @ http://localhost:3001/_next/static/chunks/node_modules_next_dist_1e8vcs8._.js:776
[  673939ms] [LOG] [Fast Refresh] done in 224ms @ http://localhost:3001/_next/static/chunks/node_modules_next_dist_1e8vcs8._.js:776
[  674000ms] [LOG] [Fast Refresh] done in 224ms @ http://localhost:3001/_next/static/chunks/node_modules_next_dist_1e8vcs8._.js:776
[  674064ms] [LOG] [Fast Refresh] done in 224ms @ http://localhost:3001/_next/static/chunks/node_modules_next_dist_1e8vcs8._.js:776
[  674126ms] [LOG] [Fast Refresh] done in 224ms @ http://localhost:3001/_next/static/chunks/node_modules_next_dist_1e8vcs8._.js:776
[  674188ms] [LOG] [Fast Refresh] done in 224ms @ http://localhost:3001/_next/static/chunks/node_modules_next_dist_1e8vcs8._.js:776
[  674251ms] [LOG] [Fast Refresh] done in 224ms @ http://localhost:3001/_next/static/chunks/node_modules_next_dist_1e8vcs8._.js:776
[  674329ms] [LOG] [Fast Refresh] done in 224ms @ http://localhost:3001/_next/static/chunks/node_modules_next_dist_1e8vcs8._.js:776
[  674393ms] [LOG] [Fast Refresh] done in 224ms @ http://localhost:3001/_next/static/chunks/node_modules_next_dist_1e8vcs8._.js:776
[  674457ms] [LOG] [Fast Refresh] done in 224ms @ http://localhost:3001/_next/static/chunks/node_modules_next_dist_1e8vcs8._.js:776
[  674520ms] [LOG] [Fast Refresh] done in 224ms @ http://localhost:3001/_next/static/chunks/node_modules_next_dist_1e8vcs8._.js:776
[  674582ms] [LOG] [Fast Refresh] done in 224ms @ http://localhost:3001/_next/static/chunks/node_modules_next_dist_1e8vcs8._.js:776
[  674644ms] [LOG] [Fast Refresh] done in 224ms @ http://localhost:3001/_next/static/chunks/node_modules_next_dist_1e8vcs8._.js:776
[  674705ms] [LOG] [Fast Refresh] done in 224ms @ http://localhost:3001/_next/static/chunks/node_modules_next_dist_1e8vcs8._.js:776
[  674774ms] [LOG] [Fast Refresh] done in 224ms @ http://localhost:3001/_next/static/chunks/node_modules_next_dist_1e8vcs8._.js:776
[  674875ms] [LOG] [Fast Refresh] done in 224ms @ http://localhost:3001/_next/static/chunks/node_modules_next_dist_1e8vcs8._.js:776
[  674991ms] [LOG] [Fast Refresh] done in 224ms @ http://localhost:3001/_next/static/chunks/node_modules_next_dist_1e8vcs8._.js:776
[  675065ms] [LOG] [Fast Refresh] done in 224ms @ http://localhost:3001/_next/static/chunks/node_modules_next_dist_1e8vcs8._.js:776
[  675126ms] [LOG] [Fast Refresh] done in 224ms @ http://localhost:3001/_next/static/chunks/node_modules_next_dist_1e8vcs8._.js:776
[  675189ms] [LOG] [Fast Refresh] done in 224ms @ http://localhost:3001/_next/static/chunks/node_modules_next_dist_1e8vcs8._.js:776
[  675330ms] [LOG] [Fast Refresh] done in 224ms @ http://localhost:3001/_next/static/chunks/node_modules_next_dist_1e8vcs8._.js:776
[  675419ms] [LOG] [Fast Refresh] done in 224ms @ http://localhost:3001/_next/static/chunks/node_modules_next_dist_1e8vcs8._.js:776
[  675480ms] [LOG] [Fast Refresh] done in 224ms @ http://localhost:3001/_next/static/chunks/node_modules_next_dist_1e8vcs8._.js:776
[  675542ms] [LOG] [Fast Refresh] done in 224ms @ http://localhost:3001/_next/static/chunks/node_modules_next_dist_1e8vcs8._.js:776
[  675605ms] [LOG] [Fast Refresh] done in 224ms @ http://localhost:3001/_next/static/chunks/node_modules_next_dist_1e8vcs8._.js:776
[  675666ms] [LOG] [Fast Refresh] done in 224ms @ http://localhost:3001/_next/static/chunks/node_modules_next_dist_1e8vcs8._.js:776
[  675728ms] [LOG] [Fast Refresh] done in 224ms @ http://localhost:3001/_next/static/chunks/node_modules_next_dist_1e8vcs8._.js:776
[  675789ms] [LOG] [Fast Refresh] done in 224ms @ http://localhost:3001/_next/static/chunks/node_modules_next_dist_1e8vcs8._.js:776
[  675849ms] [LOG] [Fast Refresh] done in 224ms @ http://localhost:3001/_next/static/chunks/node_modules_next_dist_1e8vcs8._.js:776
[  675912ms] [LOG] [Fast Refresh] done in 224ms @ http://localhost:3001/_next/static/chunks/node_modules_next_dist_1e8vcs8._.js:776
[  675973ms] [LOG] [Fast Refresh] done in 224ms @ http://localhost:3001/_next/static/chunks/node_modules_next_dist_1e8vcs8._.js:776
[  676056ms] [LOG] [Fast Refresh] done in 224ms @ http://localhost:3001/_next/static/chunks/node_modules_next_dist_1e8vcs8._.js:776
[  676141ms] [LOG] [Fast Refresh] done in 224ms @ http://localhost:3001/_next/static/chunks/node_modules_next_dist_1e8vcs8._.js:776
[  676202ms] [LOG] [Fast Refresh] done in 224ms @ http://localhost:3001/_next/static/chunks/node_modules_next_dist_1e8vcs8._.js:776
[  676264ms] [LOG] [Fast Refresh] done in 224ms @ http://localhost:3001/_next/static/chunks/node_modules_next_dist_1e8vcs8._.js:776
[  676325ms] [LOG] [Fast Refresh] done in 224ms @ http://localhost:3001/_next/static/chunks/node_modules_next_dist_1e8vcs8._.js:776
[  676385ms] [LOG] [Fast Refresh] done in 224ms @ http://localhost:3001/_next/static/chunks/node_modules_next_dist_1e8vcs8._.js:776
[  676445ms] [LOG] [Fast Refresh] done in 224ms @ http://localhost:3001/_next/static/chunks/node_modules_next_dist_1e8vcs8._.js:776
[  676506ms] [LOG] [Fast Refresh] done in 224ms @ http://localhost:3001/_next/static/chunks/node_modules_next_dist_1e8vcs8._.js:776
[  676569ms] [LOG] [Fast Refresh] done in 224ms @ http://localhost:3001/_next/static/chunks/node_modules_next_dist_1e8vcs8._.js:776
[  676631ms] [LOG] [Fast Refresh] done in 224ms @ http://localhost:3001/_next/static/chunks/node_modules_next_dist_1e8vcs8._.js:776
[  676693ms] [LOG] [Fast Refresh] done in 224ms @ http://localhost:3001/_next/static/chunks/node_modules_next_dist_1e8vcs8._.js:776
[  676755ms] [LOG] [Fast Refresh] done in 224ms @ http://localhost:3001/_next/static/chunks/node_modules_next_dist_1e8vcs8._.js:776
[  676819ms] [LOG] [Fast Refresh] done in 224ms @ http://localhost:3001/_next/static/chunks/node_modules_next_dist_1e8vcs8._.js:776
[  676881ms] [LOG] [Fast Refresh] done in 224ms @ http://localhost:3001/_next/static/chunks/node_modules_next_dist_1e8vcs8._.js:776
[  676943ms] [LOG] [Fast Refresh] done in 224ms @ http://localhost:3001/_next/static/chunks/node_modules_next_dist_1e8vcs8._.js:776
[  677004ms] [LOG] [Fast Refresh] done in 224ms @ http://localhost:3001/_next/static/chunks/node_modules_next_dist_1e8vcs8._.js:776
[  677065ms] [LOG] [Fast Refresh] done in 224ms @ http://localhost:3001/_next/static/chunks/node_modules_next_dist_1e8vcs8._.js:776
[  677128ms] [LOG] [Fast Refresh] done in 224ms @ http://localhost:3001/_next/static/chunks/node_modules_next_dist_1e8vcs8._.js:776
[  677192ms] [LOG] [Fast Refresh] done in 224ms @ http://localhost:3001/_next/static/chunks/node_modules_next_dist_1e8vcs8._.js:776
[  677253ms] [LOG] [Fast Refresh] done in 224ms @ http://localhost:3001/_next/static/chunks/node_modules_next_dist_1e8vcs8._.js:776
[  677315ms] [LOG] [Fast Refresh] done in 224ms @ http://localhost:3001/_next/static/chunks/node_modules_next_dist_1e8vcs8._.js:776
[  677376ms] [LOG] [Fast Refresh] done in 224ms @ http://localhost:3001/_next/static/chunks/node_modules_next_dist_1e8vcs8._.js:776
[  677438ms] [LOG] [Fast Refresh] done in 224ms @ http://localhost:3001/_next/static/chunks/node_modules_next_dist_1e8vcs8._.js:776
[  677499ms] [LOG] [Fast Refresh] done in 224ms @ http://localhost:3001/_next/static/chunks/node_modules_next_dist_1e8vcs8._.js:776
[  677560ms] [LOG] [Fast Refresh] done in 224ms @ http://localhost:3001/_next/static/chunks/node_modules_next_dist_1e8vcs8._.js:776
[  677623ms] [LOG] [Fast Refresh] done in 224ms @ http://localhost:3001/_next/static/chunks/node_modules_next_dist_1e8vcs8._.js:776
[  677688ms] [LOG] [Fast Refresh] done in 224ms @ http://localhost:3001/_next/static/chunks/node_modules_next_dist_1e8vcs8._.js:776
[  677749ms] [LOG] [Fast Refresh] done in 224ms @ http://localhost:3001/_next/static/chunks/node_modules_next_dist_1e8vcs8._.js:776
[  677812ms] [LOG] [Fast Refresh] done in 224ms @ http://localhost:3001/_next/static/chunks/node_modules_next_dist_1e8vcs8._.js:776
[  677873ms] [LOG] [Fast Refresh] done in 224ms @ http://localhost:3001/_next/static/chunks/node_modules_next_dist_1e8vcs8._.js:776
[  677933ms] [LOG] [Fast Refresh] done in 224ms @ http://localhost:3001/_next/static/chunks/node_modules_next_dist_1e8vcs8._.js:776
[  677994ms] [LOG] [Fast Refresh] done in 224ms @ http://localhost:3001/_next/static/chunks/node_modules_next_dist_1e8vcs8._.js:776
[  678057ms] [LOG] [Fast Refresh] done in 224ms @ http://localhost:3001/_next/static/chunks/node_modules_next_dist_1e8vcs8._.js:776
[  678121ms] [LOG] [Fast Refresh] done in 224ms @ http://localhost:3001/_next/static/chunks/node_modules_next_dist_1e8vcs8._.js:776
[  678183ms] [LOG] [Fast Refresh] done in 224ms @ http://localhost:3001/_next/static/chunks/node_modules_next_dist_1e8vcs8._.js:776
[  678246ms] [LOG] [Fast Refresh] done in 224ms @ http://localhost:3001/_next/static/chunks/node_modules_next_dist_1e8vcs8._.js:776
[  678309ms] [LOG] [Fast Refresh] done in 224ms @ http://localhost:3001/_next/static/chunks/node_modules_next_dist_1e8vcs8._.js:776
[  678370ms] [LOG] [Fast Refresh] done in 224ms @ http://localhost:3001/_next/static/chunks/node_modules_next_dist_1e8vcs8._.js:776
[  678432ms] [LOG] [Fast Refresh] done in 224ms @ http://localhost:3001/_next/static/chunks/node_modules_next_dist_1e8vcs8._.js:776
[  678495ms] [LOG] [Fast Refresh] done in 224ms @ http://localhost:3001/_next/static/chunks/node_modules_next_dist_1e8vcs8._.js:776
[  678558ms] [LOG] [Fast Refresh] done in 224ms @ http://localhost:3001/_next/static/chunks/node_modules_next_dist_1e8vcs8._.js:776
[  678622ms] [LOG] [Fast Refresh] done in 224ms @ http://localhost:3001/_next/static/chunks/node_modules_next_dist_1e8vcs8._.js:776
[  678686ms] [LOG] [Fast Refresh] done in 224ms @ http://localhost:3001/_next/static/chunks/node_modules_next_dist_1e8vcs8._.js:776
[  678748ms] [LOG] [Fast Refresh] done in 224ms @ http://localhost:3001/_next/static/chunks/node_modules_next_dist_1e8vcs8._.js:776
[  678810ms] [LOG] [Fast Refresh] done in 224ms @ http://localhost:3001/_next/static/chunks/node_modules_next_dist_1e8vcs8._.js:776
[  678872ms] [LOG] [Fast Refresh] done in 224ms @ http://localhost:3001/_next/static/chunks/node_modules_next_dist_1e8vcs8._.js:776
[  678935ms] [LOG] [Fast Refresh] done in 224ms @ http://localhost:3001/_next/static/chunks/node_modules_next_dist_1e8vcs8._.js:776
[  678998ms] [LOG] [Fast Refresh] done in 224ms @ http://localhost:3001/_next/static/chunks/node_modules_next_dist_1e8vcs8._.js:776
[  679063ms] [LOG] [Fast Refresh] done in 224ms @ http://localhost:3001/_next/static/chunks/node_modules_next_dist_1e8vcs8._.js:776
[  679164ms] [LOG] [Fast Refresh] done in 224ms @ http://localhost:3001/_next/static/chunks/node_modules_next_dist_1e8vcs8._.js:776
[  679219ms] [LOG] [Fast Refresh] done in 224ms @ http://localhost:3001/_next/static/chunks/node_modules_next_dist_1e8vcs8._.js:776
[  679280ms] [LOG] [Fast Refresh] done in 224ms @ http://localhost:3001/_next/static/chunks/node_modules_next_dist_1e8vcs8._.js:776
[  679342ms] [LOG] [Fast Refresh] done in 224ms @ http://localhost:3001/_next/static/chunks/node_modules_next_dist_1e8vcs8._.js:776
[  679403ms] [LOG] [Fast Refresh] done in 224ms @ http://localhost:3001/_next/static/chunks/node_modules_next_dist_1e8vcs8._.js:776
[  679463ms] [LOG] [Fast Refresh] done in 224ms @ http://localhost:3001/_next/static/chunks/node_modules_next_dist_1e8vcs8._.js:776
[  679527ms] [LOG] [Fast Refresh] done in 224ms @ http://localhost:3001/_next/static/chunks/node_modules_next_dist_1e8vcs8._.js:776
[  679591ms] [LOG] [Fast Refresh] done in 224ms @ http://localhost:3001/_next/static/chunks/node_modules_next_dist_1e8vcs8._.js:776
[  679655ms] [LOG] [Fast Refresh] done in 224ms @ http://localhost:3001/_next/static/chunks/node_modules_next_dist_1e8vcs8._.js:776
[  679719ms] [LOG] [Fast Refresh] done in 224ms @ http://localhost:3001/_next/static/chunks/node_modules_next_dist_1e8vcs8._.js:776
[  679784ms] [LOG] [Fast Refresh] done in 224ms @ http://localhost:3001/_next/static/chunks/node_modules_next_dist_1e8vcs8._.js:776
[  679848ms] [LOG] [Fast Refresh] done in 224ms @ http://localhost:3001/_next/static/chunks/node_modules_next_dist_1e8vcs8._.js:776
[  679908ms] [LOG] [Fast Refresh] done in 224ms @ http://localhost:3001/_next/static/chunks/node_modules_next_dist_1e8vcs8._.js:776
[  679970ms] [LOG] [Fast Refresh] done in 224ms @ http://localhost:3001/_next/static/chunks/node_modules_next_dist_1e8vcs8._.js:776
[  680034ms] [LOG] [Fast Refresh] done in 224ms @ http://localhost:3001/_next/static/chunks/node_modules_next_dist_1e8vcs8._.js:776
[  680098ms] [LOG] [Fast Refresh] done in 224ms @ http://localhost:3001/_next/static/chunks/node_modules_next_dist_1e8vcs8._.js:776
[  680162ms] [LOG] [Fast Refresh] done in 224ms @ http://localhost:3001/_next/static/chunks/node_modules_next_dist_1e8vcs8._.js:776
[  680224ms] [LOG] [Fast Refresh] done in 224ms @ http://localhost:3001/_next/static/chunks/node_modules_next_dist_1e8vcs8._.js:776
[  680288ms] [LOG] [Fast Refresh] done in 224ms @ http://localhost:3001/_next/static/chunks/node_modules_next_dist_1e8vcs8._.js:776
[  680351ms] [LOG] [Fast Refresh] done in 224ms @ http://localhost:3001/_next/static/chunks/node_modules_next_dist_1e8vcs8._.js:776
[  680414ms] [LOG] [Fast Refresh] done in 224ms @ http://localhost:3001/_next/static/chunks/node_modules_next_dist_1e8vcs8._.js:776
[  680476ms] [LOG] [Fast Refresh] done in 224ms @ http://localhost:3001/_next/static/chunks/node_modules_next_dist_1e8vcs8._.js:776
[  680539ms] [LOG] [Fast Refresh] done in 224ms @ http://localhost:3001/_next/static/chunks/node_modules_next_dist_1e8vcs8._.js:776
[  680601ms] [LOG] [Fast Refresh] done in 224ms @ http://localhost:3001/_next/static/chunks/node_modules_next_dist_1e8vcs8._.js:776
[  680664ms] [LOG] [Fast Refresh] done in 224ms @ http://localhost:3001/_next/static/chunks/node_modules_next_dist_1e8vcs8._.js:776
[  680725ms] [LOG] [Fast Refresh] done in 224ms @ http://localhost:3001/_next/static/chunks/node_modules_next_dist_1e8vcs8._.js:776
[  680785ms] [LOG] [Fast Refresh] done in 224ms @ http://localhost:3001/_next/static/chunks/node_modules_next_dist_1e8vcs8._.js:776
[  680847ms] [LOG] [Fast Refresh] done in 224ms @ http://localhost:3001/_next/static/chunks/node_modules_next_dist_1e8vcs8._.js:776
[  680910ms] [LOG] [Fast Refresh] done in 224ms @ http://localhost:3001/_next/static/chunks/node_modules_next_dist_1e8vcs8._.js:776
[  680972ms] [LOG] [Fast Refresh] done in 224ms @ http://localhost:3001/_next/static/chunks/node_modules_next_dist_1e8vcs8._.js:776
[  681034ms] [LOG] [Fast Refresh] done in 224ms @ http://localhost:3001/_next/static/chunks/node_modules_next_dist_1e8vcs8._.js:776
[  681098ms] [LOG] [Fast Refresh] done in 224ms @ http://localhost:3001/_next/static/chunks/node_modules_next_dist_1e8vcs8._.js:776
[  681162ms] [LOG] [Fast Refresh] done in 224ms @ http://localhost:3001/_next/static/chunks/node_modules_next_dist_1e8vcs8._.js:776
[  681224ms] [LOG] [Fast Refresh] done in 224ms @ http://localhost:3001/_next/static/chunks/node_modules_next_dist_1e8vcs8._.js:776
[  681289ms] [LOG] [Fast Refresh] done in 224ms @ http://localhost:3001/_next/static/chunks/node_modules_next_dist_1e8vcs8._.js:776
[  681349ms] [LOG] [Fast Refresh] done in 224ms @ http://localhost:3001/_next/static/chunks/node_modules_next_dist_1e8vcs8._.js:776
[  681411ms] [LOG] [Fast Refresh] done in 224ms @ http://localhost:3001/_next/static/chunks/node_modules_next_dist_1e8vcs8._.js:776
[  681475ms] [LOG] [Fast Refresh] done in 224ms @ http://localhost:3001/_next/static/chunks/node_modules_next_dist_1e8vcs8._.js:776
[  681537ms] [LOG] [Fast Refresh] done in 224ms @ http://localhost:3001/_next/static/chunks/node_modules_next_dist_1e8vcs8._.js:776
[  681598ms] [LOG] [Fast Refresh] done in 224ms @ http://localhost:3001/_next/static/chunks/node_modules_next_dist_1e8vcs8._.js:776
[  681659ms] [LOG] [Fast Refresh] done in 224ms @ http://localhost:3001/_next/static/chunks/node_modules_next_dist_1e8vcs8._.js:776
[  681722ms] [LOG] [Fast Refresh] done in 224ms @ http://localhost:3001/_next/static/chunks/node_modules_next_dist_1e8vcs8._.js:776
[  681785ms] [LOG] [Fast Refresh] done in 224ms @ http://localhost:3001/_next/static/chunks/node_modules_next_dist_1e8vcs8._.js:776
[  681847ms] [LOG] [Fast Refresh] done in 224ms @ http://localhost:3001/_next/static/chunks/node_modules_next_dist_1e8vcs8._.js:776
[  681908ms] [LOG] [Fast Refresh] done in 224ms @ http://localhost:3001/_next/static/chunks/node_modules_next_dist_1e8vcs8._.js:776
[  681971ms] [LOG] [Fast Refresh] done in 224ms @ http://localhost:3001/_next/static/chunks/node_modules_next_dist_1e8vcs8._.js:776
[  682033ms] [LOG] [Fast Refresh] done in 224ms @ http://localhost:3001/_next/static/chunks/node_modules_next_dist_1e8vcs8._.js:776
[  682097ms] [LOG] [Fast Refresh] done in 224ms @ http://localhost:3001/_next/static/chunks/node_modules_next_dist_1e8vcs8._.js:776
[  682157ms] [LOG] [Fast Refresh] done in 224ms @ http://localhost:3001/_next/static/chunks/node_modules_next_dist_1e8vcs8._.js:776
[  682219ms] [LOG] [Fast Refresh] done in 224ms @ http://localhost:3001/_next/static/chunks/node_modules_next_dist_1e8vcs8._.js:776
[  682281ms] [LOG] [Fast Refresh] done in 224ms @ http://localhost:3001/_next/static/chunks/node_modules_next_dist_1e8vcs8._.js:776
[  682343ms] [LOG] [Fast Refresh] done in 224ms @ http://localhost:3001/_next/static/chunks/node_modules_next_dist_1e8vcs8._.js:776
[  682408ms] [LOG] [Fast Refresh] done in 224ms @ http://localhost:3001/_next/static/chunks/node_modules_next_dist_1e8vcs8._.js:776
[  682468ms] [LOG] [Fast Refresh] done in 224ms @ http://localhost:3001/_next/static/chunks/node_modules_next_dist_1e8vcs8._.js:776
[  682531ms] [LOG] [Fast Refresh] done in 224ms @ http://localhost:3001/_next/static/chunks/node_modules_next_dist_1e8vcs8._.js:776
[  682593ms] [LOG] [Fast Refresh] done in 224ms @ http://localhost:3001/_next/static/chunks/node_modules_next_dist_1e8vcs8._.js:776
[  682655ms] [LOG] [Fast Refresh] done in 224ms @ http://localhost:3001/_next/static/chunks/node_modules_next_dist_1e8vcs8._.js:776
[  682718ms] [LOG] [Fast Refresh] done in 224ms @ http://localhost:3001/_next/static/chunks/node_modules_next_dist_1e8vcs8._.js:776
[  682780ms] [LOG] [Fast Refresh] done in 224ms @ http://localhost:3001/_next/static/chunks/node_modules_next_dist_1e8vcs8._.js:776
[  682843ms] [LOG] [Fast Refresh] done in 224ms @ http://localhost:3001/_next/static/chunks/node_modules_next_dist_1e8vcs8._.js:776
[  682904ms] [LOG] [Fast Refresh] done in 224ms @ http://localhost:3001/_next/static/chunks/node_modules_next_dist_1e8vcs8._.js:776
[  682965ms] [LOG] [Fast Refresh] done in 224ms @ http://localhost:3001/_next/static/chunks/node_modules_next_dist_1e8vcs8._.js:776
[  683027ms] [LOG] [Fast Refresh] done in 224ms @ http://localhost:3001/_next/static/chunks/node_modules_next_dist_1e8vcs8._.js:776
[  683090ms] [LOG] [Fast Refresh] done in 224ms @ http://localhost:3001/_next/static/chunks/node_modules_next_dist_1e8vcs8._.js:776
[  683152ms] [LOG] [Fast Refresh] done in 224ms @ http://localhost:3001/_next/static/chunks/node_modules_next_dist_1e8vcs8._.js:776
[  683215ms] [LOG] [Fast Refresh] done in 224ms @ http://localhost:3001/_next/static/chunks/node_modules_next_dist_1e8vcs8._.js:776
[  683290ms] [LOG] [Fast Refresh] done in 224ms @ http://localhost:3001/_next/static/chunks/node_modules_next_dist_1e8vcs8._.js:776
[  683356ms] [LOG] [Fast Refresh] done in 224ms @ http://localhost:3001/_next/static/chunks/node_modules_next_dist_1e8vcs8._.js:776
[  683417ms] [LOG] [Fast Refresh] done in 224ms @ http://localhost:3001/_next/static/chunks/node_modules_next_dist_1e8vcs8._.js:776
[  683479ms] [LOG] [Fast Refresh] done in 224ms @ http://localhost:3001/_next/static/chunks/node_modules_next_dist_1e8vcs8._.js:776
[  683540ms] [LOG] [Fast Refresh] done in 224ms @ http://localhost:3001/_next/static/chunks/node_modules_next_dist_1e8vcs8._.js:776
[  683603ms] [LOG] [Fast Refresh] done in 224ms @ http://localhost:3001/_next/static/chunks/node_modules_next_dist_1e8vcs8._.js:776
[  683664ms] [LOG] [Fast Refresh] done in 224ms @ http://localhost:3001/_next/static/chunks/node_modules_next_dist_1e8vcs8._.js:776
[  683727ms] [LOG] [Fast Refresh] done in 224ms @ http://localhost:3001/_next/static/chunks/node_modules_next_dist_1e8vcs8._.js:776
[  683791ms] [LOG] [Fast Refresh] done in 224ms @ http://localhost:3001/_next/static/chunks/node_modules_next_dist_1e8vcs8._.js:776
[  683855ms] [LOG] [Fast Refresh] done in 224ms @ http://localhost:3001/_next/static/chunks/node_modules_next_dist_1e8vcs8._.js:776
[  683917ms] [LOG] [Fast Refresh] done in 224ms @ http://localhost:3001/_next/static/chunks/node_modules_next_dist_1e8vcs8._.js:776
[  683981ms] [LOG] [Fast Refresh] done in 224ms @ http://localhost:3001/_next/static/chunks/node_modules_next_dist_1e8vcs8._.js:776
[  684042ms] [LOG] [Fast Refresh] done in 224ms @ http://localhost:3001/_next/static/chunks/node_modules_next_dist_1e8vcs8._.js:776
[  684105ms] [LOG] [Fast Refresh] done in 224ms @ http://localhost:3001/_next/static/chunks/node_modules_next_dist_1e8vcs8._.js:776
[  684167ms] [LOG] [Fast Refresh] done in 224ms @ http://localhost:3001/_next/static/chunks/node_modules_next_dist_1e8vcs8._.js:776
[  684229ms] [LOG] [Fast Refresh] done in 224ms @ http://localhost:3001/_next/static/chunks/node_modules_next_dist_1e8vcs8._.js:776
[  684293ms] [LOG] [Fast Refresh] done in 224ms @ http://localhost:3001/_next/static/chunks/node_modules_next_dist_1e8vcs8._.js:776
[  684355ms] [LOG] [Fast Refresh] done in 224ms @ http://localhost:3001/_next/static/chunks/node_modules_next_dist_1e8vcs8._.js:776
[  684418ms] [LOG] [Fast Refresh] done in 224ms @ http://localhost:3001/_next/static/chunks/node_modules_next_dist_1e8vcs8._.js:776
[  684481ms] [LOG] [Fast Refresh] done in 224ms @ http://localhost:3001/_next/static/chunks/node_modules_next_dist_1e8vcs8._.js:776
[  684542ms] [LOG] [Fast Refresh] done in 224ms @ http://localhost:3001/_next/static/chunks/node_modules_next_dist_1e8vcs8._.js:776
[  684605ms] [LOG] [Fast Refresh] done in 224ms @ http://localhost:3001/_next/static/chunks/node_modules_next_dist_1e8vcs8._.js:776
[  684667ms] [LOG] [Fast Refresh] done in 224ms @ http://localhost:3001/_next/static/chunks/node_modules_next_dist_1e8vcs8._.js:776
[  684728ms] [LOG] [Fast Refresh] done in 224ms @ http://localhost:3001/_next/static/chunks/node_modules_next_dist_1e8vcs8._.js:776
[  684791ms] [LOG] [Fast Refresh] done in 224ms @ http://localhost:3001/_next/static/chunks/node_modules_next_dist_1e8vcs8._.js:776
[  684853ms] [LOG] [Fast Refresh] done in 224ms @ http://localhost:3001/_next/static/chunks/node_modules_next_dist_1e8vcs8._.js:776
[  684917ms] [LOG] [Fast Refresh] done in 224ms @ http://localhost:3001/_next/static/chunks/node_modules_next_dist_1e8vcs8._.js:776
[  684978ms] [LOG] [Fast Refresh] done in 224ms @ http://localhost:3001/_next/static/chunks/node_modules_next_dist_1e8vcs8._.js:776
[  685041ms] [LOG] [Fast Refresh] done in 224ms @ http://localhost:3001/_next/static/chunks/node_modules_next_dist_1e8vcs8._.js:776
[  685103ms] [LOG] [Fast Refresh] done in 224ms @ http://localhost:3001/_next/static/chunks/node_modules_next_dist_1e8vcs8._.js:776
[  685165ms] [LOG] [Fast Refresh] done in 224ms @ http://localhost:3001/_next/static/chunks/node_modules_next_dist_1e8vcs8._.js:776
[  685228ms] [LOG] [Fast Refresh] done in 224ms @ http://localhost:3001/_next/static/chunks/node_modules_next_dist_1e8vcs8._.js:776
[  685290ms] [LOG] [Fast Refresh] done in 224ms @ http://localhost:3001/_next/static/chunks/node_modules_next_dist_1e8vcs8._.js:776
[  685353ms] [LOG] [Fast Refresh] done in 224ms @ http://localhost:3001/_next/static/chunks/node_modules_next_dist_1e8vcs8._.js:776
[  685416ms] [LOG] [Fast Refresh] done in 224ms @ http://localhost:3001/_next/static/chunks/node_modules_next_dist_1e8vcs8._.js:776
[  685481ms] [LOG] [Fast Refresh] done in 224ms @ http://localhost:3001/_next/static/chunks/node_modules_next_dist_1e8vcs8._.js:776
[  685542ms] [LOG] [Fast Refresh] done in 224ms @ http://localhost:3001/_next/static/chunks/node_modules_next_dist_1e8vcs8._.js:776
[  685606ms] [LOG] [Fast Refresh] done in 224ms @ http://localhost:3001/_next/static/chunks/node_modules_next_dist_1e8vcs8._.js:776
[  685667ms] [LOG] [Fast Refresh] done in 224ms @ http://localhost:3001/_next/static/chunks/node_modules_next_dist_1e8vcs8._.js:776
[  685731ms] [LOG] [Fast Refresh] done in 224ms @ http://localhost:3001/_next/static/chunks/node_modules_next_dist_1e8vcs8._.js:776
[  685797ms] [LOG] [Fast Refresh] done in 224ms @ http://localhost:3001/_next/static/chunks/node_modules_next_dist_1e8vcs8._.js:776
[  685873ms] [LOG] [Fast Refresh] done in 224ms @ http://localhost:3001/_next/static/chunks/node_modules_next_dist_1e8vcs8._.js:776
[  685935ms] [LOG] [Fast Refresh] done in 224ms @ http://localhost:3001/_next/static/chunks/node_modules_next_dist_1e8vcs8._.js:776
[  685998ms] [LOG] [Fast Refresh] done in 224ms @ http://localhost:3001/_next/static/chunks/node_modules_next_dist_1e8vcs8._.js:776
[  686060ms] [LOG] [Fast Refresh] done in 224ms @ http://localhost:3001/_next/static/chunks/node_modules_next_dist_1e8vcs8._.js:776
[  686124ms] [LOG] [Fast Refresh] done in 224ms @ http://localhost:3001/_next/static/chunks/node_modules_next_dist_1e8vcs8._.js:776
[  686187ms] [LOG] [Fast Refresh] done in 224ms @ http://localhost:3001/_next/static/chunks/node_modules_next_dist_1e8vcs8._.js:776
[  686249ms] [LOG] [Fast Refresh] done in 224ms @ http://localhost:3001/_next/static/chunks/node_modules_next_dist_1e8vcs8._.js:776
[  686311ms] [LOG] [Fast Refresh] done in 224ms @ http://localhost:3001/_next/static/chunks/node_modules_next_dist_1e8vcs8._.js:776
[  686375ms] [LOG] [Fast Refresh] done in 224ms @ http://localhost:3001/_next/static/chunks/node_modules_next_dist_1e8vcs8._.js:776
[  686439ms] [LOG] [Fast Refresh] done in 224ms @ http://localhost:3001/_next/static/chunks/node_modules_next_dist_1e8vcs8._.js:776
[  686503ms] [LOG] [Fast Refresh] done in 224ms @ http://localhost:3001/_next/static/chunks/node_modules_next_dist_1e8vcs8._.js:776
[  686567ms] [LOG] [Fast Refresh] done in 224ms @ http://localhost:3001/_next/static/chunks/node_modules_next_dist_1e8vcs8._.js:776
[  686630ms] [LOG] [Fast Refresh] done in 224ms @ http://localhost:3001/_next/static/chunks/node_modules_next_dist_1e8vcs8._.js:776
[  686692ms] [LOG] [Fast Refresh] done in 224ms @ http://localhost:3001/_next/static/chunks/node_modules_next_dist_1e8vcs8._.js:776
[  686802ms] [LOG] [Fast Refresh] done in 224ms @ http://localhost:3001/_next/static/chunks/node_modules_next_dist_1e8vcs8._.js:776
[  686863ms] [LOG] [Fast Refresh] done in 224ms @ http://localhost:3001/_next/static/chunks/node_modules_next_dist_1e8vcs8._.js:776
[  686924ms] [LOG] [Fast Refresh] done in 224ms @ http://localhost:3001/_next/static/chunks/node_modules_next_dist_1e8vcs8._.js:776
[  686989ms] [LOG] [Fast Refresh] done in 224ms @ http://localhost:3001/_next/static/chunks/node_modules_next_dist_1e8vcs8._.js:776
[  687050ms] [LOG] [Fast Refresh] done in 224ms @ http://localhost:3001/_next/static/chunks/node_modules_next_dist_1e8vcs8._.js:776
[  687112ms] [LOG] [Fast Refresh] done in 224ms @ http://localhost:3001/_next/static/chunks/node_modules_next_dist_1e8vcs8._.js:776
[  687177ms] [LOG] [Fast Refresh] done in 224ms @ http://localhost:3001/_next/static/chunks/node_modules_next_dist_1e8vcs8._.js:776
[  687253ms] [LOG] [Fast Refresh] done in 224ms @ http://localhost:3001/_next/static/chunks/node_modules_next_dist_1e8vcs8._.js:776
[  687318ms] [LOG] [Fast Refresh] done in 224ms @ http://localhost:3001/_next/static/chunks/node_modules_next_dist_1e8vcs8._.js:776
[  687380ms] [LOG] [Fast Refresh] done in 224ms @ http://localhost:3001/_next/static/chunks/node_modules_next_dist_1e8vcs8._.js:776
[  687442ms] [LOG] [Fast Refresh] done in 224ms @ http://localhost:3001/_next/static/chunks/node_modules_next_dist_1e8vcs8._.js:776
[  687504ms] [LOG] [Fast Refresh] done in 224ms @ http://localhost:3001/_next/static/chunks/node_modules_next_dist_1e8vcs8._.js:776
[  687568ms] [LOG] [Fast Refresh] done in 224ms @ http://localhost:3001/_next/static/chunks/node_modules_next_dist_1e8vcs8._.js:776
[  687629ms] [LOG] [Fast Refresh] done in 224ms @ http://localhost:3001/_next/static/chunks/node_modules_next_dist_1e8vcs8._.js:776
[  687692ms] [LOG] [Fast Refresh] done in 224ms @ http://localhost:3001/_next/static/chunks/node_modules_next_dist_1e8vcs8._.js:776
[  687754ms] [LOG] [Fast Refresh] done in 224ms @ http://localhost:3001/_next/static/chunks/node_modules_next_dist_1e8vcs8._.js:776
[  687817ms] [LOG] [Fast Refresh] done in 224ms @ http://localhost:3001/_next/static/chunks/node_modules_next_dist_1e8vcs8._.js:776
[  687879ms] [LOG] [Fast Refresh] done in 224ms @ http://localhost:3001/_next/static/chunks/node_modules_next_dist_1e8vcs8._.js:776
[  687943ms] [LOG] [Fast Refresh] done in 224ms @ http://localhost:3001/_next/static/chunks/node_modules_next_dist_1e8vcs8._.js:776
[  688006ms] [LOG] [Fast Refresh] done in 224ms @ http://localhost:3001/_next/static/chunks/node_modules_next_dist_1e8vcs8._.js:776
[  688069ms] [LOG] [Fast Refresh] done in 224ms @ http://localhost:3001/_next/static/chunks/node_modules_next_dist_1e8vcs8._.js:776
[  688132ms] [LOG] [Fast Refresh] done in 224ms @ http://localhost:3001/_next/static/chunks/node_modules_next_dist_1e8vcs8._.js:776
[  688195ms] [LOG] [Fast Refresh] done in 224ms @ http://localhost:3001/_next/static/chunks/node_modules_next_dist_1e8vcs8._.js:776
[  688258ms] [LOG] [Fast Refresh] done in 224ms @ http://localhost:3001/_next/static/chunks/node_modules_next_dist_1e8vcs8._.js:776
[  688322ms] [LOG] [Fast Refresh] done in 224ms @ http://localhost:3001/_next/static/chunks/node_modules_next_dist_1e8vcs8._.js:776
[  688385ms] [LOG] [Fast Refresh] done in 224ms @ http://localhost:3001/_next/static/chunks/node_modules_next_dist_1e8vcs8._.js:776
[  688447ms] [LOG] [Fast Refresh] done in 224ms @ http://localhost:3001/_next/static/chunks/node_modules_next_dist_1e8vcs8._.js:776
[  688509ms] [LOG] [Fast Refresh] done in 224ms @ http://localhost:3001/_next/static/chunks/node_modules_next_dist_1e8vcs8._.js:776
[  688573ms] [LOG] [Fast Refresh] done in 224ms @ http://localhost:3001/_next/static/chunks/node_modules_next_dist_1e8vcs8._.js:776
[  688634ms] [LOG] [Fast Refresh] done in 224ms @ http://localhost:3001/_next/static/chunks/node_modules_next_dist_1e8vcs8._.js:776
[  688698ms] [LOG] [Fast Refresh] done in 224ms @ http://localhost:3001/_next/static/chunks/node_modules_next_dist_1e8vcs8._.js:776
[  688760ms] [LOG] [Fast Refresh] done in 224ms @ http://localhost:3001/_next/static/chunks/node_modules_next_dist_1e8vcs8._.js:776
[  688822ms] [LOG] [Fast Refresh] done in 224ms @ http://localhost:3001/_next/static/chunks/node_modules_next_dist_1e8vcs8._.js:776
[  688884ms] [LOG] [Fast Refresh] done in 224ms @ http://localhost:3001/_next/static/chunks/node_modules_next_dist_1e8vcs8._.js:776
[  688948ms] [LOG] [Fast Refresh] done in 224ms @ http://localhost:3001/_next/static/chunks/node_modules_next_dist_1e8vcs8._.js:776
[  689010ms] [LOG] [Fast Refresh] done in 224ms @ http://localhost:3001/_next/static/chunks/node_modules_next_dist_1e8vcs8._.js:776
[  689073ms] [LOG] [Fast Refresh] done in 224ms @ http://localhost:3001/_next/static/chunks/node_modules_next_dist_1e8vcs8._.js:776
[  689137ms] [LOG] [Fast Refresh] done in 224ms @ http://localhost:3001/_next/static/chunks/node_modules_next_dist_1e8vcs8._.js:776
[  689200ms] [LOG] [Fast Refresh] done in 224ms @ http://localhost:3001/_next/static/chunks/node_modules_next_dist_1e8vcs8._.js:776
[  689264ms] [LOG] [Fast Refresh] done in 224ms @ http://localhost:3001/_next/static/chunks/node_modules_next_dist_1e8vcs8._.js:776
[  689325ms] [LOG] [Fast Refresh] done in 224ms @ http://localhost:3001/_next/static/chunks/node_modules_next_dist_1e8vcs8._.js:776
[  689389ms] [LOG] [Fast Refresh] done in 224ms @ http://localhost:3001/_next/static/chunks/node_modules_next_dist_1e8vcs8._.js:776
[  689454ms] [LOG] [Fast Refresh] done in 224ms @ http://localhost:3001/_next/static/chunks/node_modules_next_dist_1e8vcs8._.js:776
[  689518ms] [LOG] [Fast Refresh] done in 224ms @ http://localhost:3001/_next/static/chunks/node_modules_next_dist_1e8vcs8._.js:776
[  689581ms] [LOG] [Fast Refresh] done in 224ms @ http://localhost:3001/_next/static/chunks/node_modules_next_dist_1e8vcs8._.js:776
[  689644ms] [LOG] [Fast Refresh] done in 224ms @ http://localhost:3001/_next/static/chunks/node_modules_next_dist_1e8vcs8._.js:776
[  689706ms] [LOG] [Fast Refresh] done in 224ms @ http://localhost:3001/_next/static/chunks/node_modules_next_dist_1e8vcs8._.js:776
[  689776ms] [LOG] [Fast Refresh] done in 224ms @ http://localhost:3001/_next/static/chunks/node_modules_next_dist_1e8vcs8._.js:776
[  689847ms] [LOG] [Fast Refresh] done in 224ms @ http://localhost:3001/_next/static/chunks/node_modules_next_dist_1e8vcs8._.js:776
[  689908ms] [LOG] [Fast Refresh] done in 224ms @ http://localhost:3001/_next/static/chunks/node_modules_next_dist_1e8vcs8._.js:776
[  689971ms] [LOG] [Fast Refresh] done in 224ms @ http://localhost:3001/_next/static/chunks/node_modules_next_dist_1e8vcs8._.js:776
[  690034ms] [LOG] [Fast Refresh] done in 224ms @ http://localhost:3001/_next/static/chunks/node_modules_next_dist_1e8vcs8._.js:776
[  690098ms] [LOG] [Fast Refresh] done in 224ms @ http://localhost:3001/_next/static/chunks/node_modules_next_dist_1e8vcs8._.js:776
[  690160ms] [LOG] [Fast Refresh] done in 224ms @ http://localhost:3001/_next/static/chunks/node_modules_next_dist_1e8vcs8._.js:776
[  690223ms] [LOG] [Fast Refresh] done in 224ms @ http://localhost:3001/_next/static/chunks/node_modules_next_dist_1e8vcs8._.js:776
[  690285ms] [LOG] [Fast Refresh] done in 224ms @ http://localhost:3001/_next/static/chunks/node_modules_next_dist_1e8vcs8._.js:776
[  690347ms] [LOG] [Fast Refresh] done in 224ms @ http://localhost:3001/_next/static/chunks/node_modules_next_dist_1e8vcs8._.js:776
[  690410ms] [LOG] [Fast Refresh] done in 224ms @ http://localhost:3001/_next/static/chunks/node_modules_next_dist_1e8vcs8._.js:776
[  690474ms] [LOG] [Fast Refresh] done in 224ms @ http://localhost:3001/_next/static/chunks/node_modules_next_dist_1e8vcs8._.js:776
[  690538ms] [LOG] [Fast Refresh] done in 224ms @ http://localhost:3001/_next/static/chunks/node_modules_next_dist_1e8vcs8._.js:776
[  690601ms] [LOG] [Fast Refresh] done in 224ms @ http://localhost:3001/_next/static/chunks/node_modules_next_dist_1e8vcs8._.js:776
[  690665ms] [LOG] [Fast Refresh] done in 224ms @ http://localhost:3001/_next/static/chunks/node_modules_next_dist_1e8vcs8._.js:776
[  690727ms] [LOG] [Fast Refresh] done in 224ms @ http://localhost:3001/_next/static/chunks/node_modules_next_dist_1e8vcs8._.js:776
[  690790ms] [LOG] [Fast Refresh] done in 224ms @ http://localhost:3001/_next/static/chunks/node_modules_next_dist_1e8vcs8._.js:776
[  690853ms] [LOG] [Fast Refresh] done in 224ms @ http://localhost:3001/_next/static/chunks/node_modules_next_dist_1e8vcs8._.js:776
[  690918ms] [LOG] [Fast Refresh] done in 224ms @ http://localhost:3001/_next/static/chunks/node_modules_next_dist_1e8vcs8._.js:776
[  690981ms] [LOG] [Fast Refresh] done in 224ms @ http://localhost:3001/_next/static/chunks/node_modules_next_dist_1e8vcs8._.js:776
[  691044ms] [LOG] [Fast Refresh] done in 224ms @ http://localhost:3001/_next/static/chunks/node_modules_next_dist_1e8vcs8._.js:776
[  691108ms] [LOG] [Fast Refresh] done in 224ms @ http://localhost:3001/_next/static/chunks/node_modules_next_dist_1e8vcs8._.js:776
[  691170ms] [LOG] [Fast Refresh] done in 224ms @ http://localhost:3001/_next/static/chunks/node_modules_next_dist_1e8vcs8._.js:776
[  691232ms] [LOG] [Fast Refresh] done in 224ms @ http://localhost:3001/_next/static/chunks/node_modules_next_dist_1e8vcs8._.js:776
[  691295ms] [LOG] [Fast Refresh] done in 224ms @ http://localhost:3001/_next/static/chunks/node_modules_next_dist_1e8vcs8._.js:776
[  691358ms] [LOG] [Fast Refresh] done in 224ms @ http://localhost:3001/_next/static/chunks/node_modules_next_dist_1e8vcs8._.js:776
[  691423ms] [LOG] [Fast Refresh] done in 224ms @ http://localhost:3001/_next/static/chunks/node_modules_next_dist_1e8vcs8._.js:776
[  691485ms] [LOG] [Fast Refresh] done in 224ms @ http://localhost:3001/_next/static/chunks/node_modules_next_dist_1e8vcs8._.js:776
[  691548ms] [LOG] [Fast Refresh] done in 224ms @ http://localhost:3001/_next/static/chunks/node_modules_next_dist_1e8vcs8._.js:776
[  691611ms] [LOG] [Fast Refresh] done in 224ms @ http://localhost:3001/_next/static/chunks/node_modules_next_dist_1e8vcs8._.js:776
[  691674ms] [LOG] [Fast Refresh] done in 224ms @ http://localhost:3001/_next/static/chunks/node_modules_next_dist_1e8vcs8._.js:776
[  691736ms] [LOG] [Fast Refresh] done in 224ms @ http://localhost:3001/_next/static/chunks/node_modules_next_dist_1e8vcs8._.js:776
[  691799ms] [LOG] [Fast Refresh] done in 224ms @ http://localhost:3001/_next/static/chunks/node_modules_next_dist_1e8vcs8._.js:776
[  691863ms] [LOG] [Fast Refresh] done in 224ms @ http://localhost:3001/_next/static/chunks/node_modules_next_dist_1e8vcs8._.js:776
[  691925ms] [LOG] [Fast Refresh] done in 224ms @ http://localhost:3001/_next/static/chunks/node_modules_next_dist_1e8vcs8._.js:776
[  691990ms] [LOG] [Fast Refresh] done in 224ms @ http://localhost:3001/_next/static/chunks/node_modules_next_dist_1e8vcs8._.js:776
[  692053ms] [LOG] [Fast Refresh] done in 224ms @ http://localhost:3001/_next/static/chunks/node_modules_next_dist_1e8vcs8._.js:776
[  692115ms] [LOG] [Fast Refresh] done in 224ms @ http://localhost:3001/_next/static/chunks/node_modules_next_dist_1e8vcs8._.js:776
[  692178ms] [LOG] [Fast Refresh] done in 224ms @ http://localhost:3001/_next/static/chunks/node_modules_next_dist_1e8vcs8._.js:776
[  692240ms] [LOG] [Fast Refresh] done in 224ms @ http://localhost:3001/_next/static/chunks/node_modules_next_dist_1e8vcs8._.js:776
[  692301ms] [LOG] [Fast Refresh] done in 224ms @ http://localhost:3001/_next/static/chunks/node_modules_next_dist_1e8vcs8._.js:776
[  692363ms] [LOG] [Fast Refresh] done in 224ms @ http://localhost:3001/_next/static/chunks/node_modules_next_dist_1e8vcs8._.js:776
[  692425ms] [LOG] [Fast Refresh] done in 224ms @ http://localhost:3001/_next/static/chunks/node_modules_next_dist_1e8vcs8._.js:776
[  692489ms] [LOG] [Fast Refresh] done in 224ms @ http://localhost:3001/_next/static/chunks/node_modules_next_dist_1e8vcs8._.js:776
[  692553ms] [LOG] [Fast Refresh] done in 224ms @ http://localhost:3001/_next/static/chunks/node_modules_next_dist_1e8vcs8._.js:776
[  692618ms] [LOG] [Fast Refresh] done in 224ms @ http://localhost:3001/_next/static/chunks/node_modules_next_dist_1e8vcs8._.js:776
[  692680ms] [LOG] [Fast Refresh] done in 224ms @ http://localhost:3001/_next/static/chunks/node_modules_next_dist_1e8vcs8._.js:776
[  692742ms] [LOG] [Fast Refresh] done in 224ms @ http://localhost:3001/_next/static/chunks/node_modules_next_dist_1e8vcs8._.js:776
[  692806ms] [LOG] [Fast Refresh] done in 224ms @ http://localhost:3001/_next/static/chunks/node_modules_next_dist_1e8vcs8._.js:776
[  692870ms] [LOG] [Fast Refresh] done in 224ms @ http://localhost:3001/_next/static/chunks/node_modules_next_dist_1e8vcs8._.js:776
[  692932ms] [LOG] [Fast Refresh] done in 224ms @ http://localhost:3001/_next/static/chunks/node_modules_next_dist_1e8vcs8._.js:776
[  692994ms] [LOG] [Fast Refresh] done in 224ms @ http://localhost:3001/_next/static/chunks/node_modules_next_dist_1e8vcs8._.js:776
[  693058ms] [LOG] [Fast Refresh] done in 224ms @ http://localhost:3001/_next/static/chunks/node_modules_next_dist_1e8vcs8._.js:776
[  693122ms] [LOG] [Fast Refresh] done in 224ms @ http://localhost:3001/_next/static/chunks/node_modules_next_dist_1e8vcs8._.js:776
[  693186ms] [LOG] [Fast Refresh] done in 224ms @ http://localhost:3001/_next/static/chunks/node_modules_next_dist_1e8vcs8._.js:776
[  693250ms] [LOG] [Fast Refresh] done in 224ms @ http://localhost:3001/_next/static/chunks/node_modules_next_dist_1e8vcs8._.js:776
[  693313ms] [LOG] [Fast Refresh] done in 224ms @ http://localhost:3001/_next/static/chunks/node_modules_next_dist_1e8vcs8._.js:776
[  693377ms] [LOG] [Fast Refresh] done in 224ms @ http://localhost:3001/_next/static/chunks/node_modules_next_dist_1e8vcs8._.js:776
[  693440ms] [LOG] [Fast Refresh] done in 224ms @ http://localhost:3001/_next/static/chunks/node_modules_next_dist_1e8vcs8._.js:776
[  693504ms] [LOG] [Fast Refresh] done in 224ms @ http://localhost:3001/_next/static/chunks/node_modules_next_dist_1e8vcs8._.js:776
[  693565ms] [LOG] [Fast Refresh] done in 224ms @ http://localhost:3001/_next/static/chunks/node_modules_next_dist_1e8vcs8._.js:776
[  693628ms] [LOG] [Fast Refresh] done in 224ms @ http://localhost:3001/_next/static/chunks/node_modules_next_dist_1e8vcs8._.js:776
[  693690ms] [LOG] [Fast Refresh] done in 224ms @ http://localhost:3001/_next/static/chunks/node_modules_next_dist_1e8vcs8._.js:776
[  693752ms] [LOG] [Fast Refresh] done in 224ms @ http://localhost:3001/_next/static/chunks/node_modules_next_dist_1e8vcs8._.js:776
[  693816ms] [LOG] [Fast Refresh] done in 224ms @ http://localhost:3001/_next/static/chunks/node_modules_next_dist_1e8vcs8._.js:776
[  693877ms] [LOG] [Fast Refresh] done in 224ms @ http://localhost:3001/_next/static/chunks/node_modules_next_dist_1e8vcs8._.js:776
[  693940ms] [LOG] [Fast Refresh] done in 224ms @ http://localhost:3001/_next/static/chunks/node_modules_next_dist_1e8vcs8._.js:776
[  694003ms] [LOG] [Fast Refresh] done in 224ms @ http://localhost:3001/_next/static/chunks/node_modules_next_dist_1e8vcs8._.js:776
[  694067ms] [LOG] [Fast Refresh] done in 224ms @ http://localhost:3001/_next/static/chunks/node_modules_next_dist_1e8vcs8._.js:776
[  694129ms] [LOG] [Fast Refresh] done in 224ms @ http://localhost:3001/_next/static/chunks/node_modules_next_dist_1e8vcs8._.js:776
[  694192ms] [LOG] [Fast Refresh] done in 224ms @ http://localhost:3001/_next/static/chunks/node_modules_next_dist_1e8vcs8._.js:776
[  694255ms] [LOG] [Fast Refresh] done in 224ms @ http://localhost:3001/_next/static/chunks/node_modules_next_dist_1e8vcs8._.js:776
[  694318ms] [LOG] [Fast Refresh] done in 224ms @ http://localhost:3001/_next/static/chunks/node_modules_next_dist_1e8vcs8._.js:776
[  694382ms] [LOG] [Fast Refresh] done in 224ms @ http://localhost:3001/_next/static/chunks/node_modules_next_dist_1e8vcs8._.js:776
[  694446ms] [LOG] [Fast Refresh] done in 224ms @ http://localhost:3001/_next/static/chunks/node_modules_next_dist_1e8vcs8._.js:776
[  694508ms] [LOG] [Fast Refresh] done in 224ms @ http://localhost:3001/_next/static/chunks/node_modules_next_dist_1e8vcs8._.js:776
[  694571ms] [LOG] [Fast Refresh] done in 224ms @ http://localhost:3001/_next/static/chunks/node_modules_next_dist_1e8vcs8._.js:776
[  694635ms] [LOG] [Fast Refresh] done in 224ms @ http://localhost:3001/_next/static/chunks/node_modules_next_dist_1e8vcs8._.js:776
[  694699ms] [LOG] [Fast Refresh] done in 224ms @ http://localhost:3001/_next/static/chunks/node_modules_next_dist_1e8vcs8._.js:776
[  694760ms] [LOG] [Fast Refresh] done in 224ms @ http://localhost:3001/_next/static/chunks/node_modules_next_dist_1e8vcs8._.js:776
[  694822ms] [LOG] [Fast Refresh] done in 224ms @ http://localhost:3001/_next/static/chunks/node_modules_next_dist_1e8vcs8._.js:776
[  694884ms] [LOG] [Fast Refresh] done in 224ms @ http://localhost:3001/_next/static/chunks/node_modules_next_dist_1e8vcs8._.js:776
[  694947ms] [LOG] [Fast Refresh] done in 224ms @ http://localhost:3001/_next/static/chunks/node_modules_next_dist_1e8vcs8._.js:776
[  695009ms] [LOG] [Fast Refresh] done in 224ms @ http://localhost:3001/_next/static/chunks/node_modules_next_dist_1e8vcs8._.js:776
[  695072ms] [LOG] [Fast Refresh] done in 224ms @ http://localhost:3001/_next/static/chunks/node_modules_next_dist_1e8vcs8._.js:776
[  695136ms] [LOG] [Fast Refresh] done in 224ms @ http://localhost:3001/_next/static/chunks/node_modules_next_dist_1e8vcs8._.js:776
[  695198ms] [LOG] [Fast Refresh] done in 224ms @ http://localhost:3001/_next/static/chunks/node_modules_next_dist_1e8vcs8._.js:776
[  695262ms] [LOG] [Fast Refresh] done in 224ms @ http://localhost:3001/_next/static/chunks/node_modules_next_dist_1e8vcs8._.js:776
[  695326ms] [LOG] [Fast Refresh] done in 224ms @ http://localhost:3001/_next/static/chunks/node_modules_next_dist_1e8vcs8._.js:776
[  695389ms] [LOG] [Fast Refresh] done in 224ms @ http://localhost:3001/_next/static/chunks/node_modules_next_dist_1e8vcs8._.js:776
[  695451ms] [LOG] [Fast Refresh] done in 224ms @ http://localhost:3001/_next/static/chunks/node_modules_next_dist_1e8vcs8._.js:776
[  695515ms] [LOG] [Fast Refresh] done in 224ms @ http://localhost:3001/_next/static/chunks/node_modules_next_dist_1e8vcs8._.js:776
[  695593ms] [LOG] [Fast Refresh] done in 224ms @ http://localhost:3001/_next/static/chunks/node_modules_next_dist_1e8vcs8._.js:776
[  695657ms] [LOG] [Fast Refresh] done in 224ms @ http://localhost:3001/_next/static/chunks/node_modules_next_dist_1e8vcs8._.js:776
[  695720ms] [LOG] [Fast Refresh] done in 224ms @ http://localhost:3001/_next/static/chunks/node_modules_next_dist_1e8vcs8._.js:776
[  695782ms] [LOG] [Fast Refresh] done in 224ms @ http://localhost:3001/_next/static/chunks/node_modules_next_dist_1e8vcs8._.js:776
[  695846ms] [LOG] [Fast Refresh] done in 224ms @ http://localhost:3001/_next/static/chunks/node_modules_next_dist_1e8vcs8._.js:776
[  695909ms] [LOG] [Fast Refresh] done in 224ms @ http://localhost:3001/_next/static/chunks/node_modules_next_dist_1e8vcs8._.js:776
[  695972ms] [LOG] [Fast Refresh] done in 224ms @ http://localhost:3001/_next/static/chunks/node_modules_next_dist_1e8vcs8._.js:776
[  696035ms] [LOG] [Fast Refresh] done in 224ms @ http://localhost:3001/_next/static/chunks/node_modules_next_dist_1e8vcs8._.js:776
[  696097ms] [LOG] [Fast Refresh] done in 224ms @ http://localhost:3001/_next/static/chunks/node_modules_next_dist_1e8vcs8._.js:776
[  696160ms] [LOG] [Fast Refresh] done in 224ms @ http://localhost:3001/_next/static/chunks/node_modules_next_dist_1e8vcs8._.js:776
[  696223ms] [LOG] [Fast Refresh] done in 224ms @ http://localhost:3001/_next/static/chunks/node_modules_next_dist_1e8vcs8._.js:776
[  696286ms] [LOG] [Fast Refresh] done in 224ms @ http://localhost:3001/_next/static/chunks/node_modules_next_dist_1e8vcs8._.js:776
[  696347ms] [LOG] [Fast Refresh] done in 224ms @ http://localhost:3001/_next/static/chunks/node_modules_next_dist_1e8vcs8._.js:776
[  696409ms] [LOG] [Fast Refresh] done in 224ms @ http://localhost:3001/_next/static/chunks/node_modules_next_dist_1e8vcs8._.js:776
[  696554ms] [LOG] [Fast Refresh] done in 224ms @ http://localhost:3001/_next/static/chunks/node_modules_next_dist_1e8vcs8._.js:776
[  696620ms] [LOG] [Fast Refresh] done in 224ms @ http://localhost:3001/_next/static/chunks/node_modules_next_dist_1e8vcs8._.js:776
[  696703ms] [LOG] [Fast Refresh] done in 224ms @ http://localhost:3001/_next/static/chunks/node_modules_next_dist_1e8vcs8._.js:776
[  696766ms] [LOG] [Fast Refresh] done in 224ms @ http://localhost:3001/_next/static/chunks/node_modules_next_dist_1e8vcs8._.js:776
[  696829ms] [LOG] [Fast Refresh] done in 224ms @ http://localhost:3001/_next/static/chunks/node_modules_next_dist_1e8vcs8._.js:776
[  696892ms] [LOG] [Fast Refresh] done in 224ms @ http://localhost:3001/_next/static/chunks/node_modules_next_dist_1e8vcs8._.js:776
[  696953ms] [LOG] [Fast Refresh] done in 224ms @ http://localhost:3001/_next/static/chunks/node_modules_next_dist_1e8vcs8._.js:776
[  697016ms] [LOG] [Fast Refresh] done in 224ms @ http://localhost:3001/_next/static/chunks/node_modules_next_dist_1e8vcs8._.js:776
[  697078ms] [LOG] [Fast Refresh] done in 224ms @ http://localhost:3001/_next/static/chunks/node_modules_next_dist_1e8vcs8._.js:776
[  697142ms] [LOG] [Fast Refresh] done in 224ms @ http://localhost:3001/_next/static/chunks/node_modules_next_dist_1e8vcs8._.js:776
[  697205ms] [LOG] [Fast Refresh] done in 224ms @ http://localhost:3001/_next/static/chunks/node_modules_next_dist_1e8vcs8._.js:776
[  697268ms] [LOG] [Fast Refresh] done in 224ms @ http://localhost:3001/_next/static/chunks/node_modules_next_dist_1e8vcs8._.js:776
[  697331ms] [LOG] [Fast Refresh] done in 224ms @ http://localhost:3001/_next/static/chunks/node_modules_next_dist_1e8vcs8._.js:776
[  697393ms] [LOG] [Fast Refresh] done in 224ms @ http://localhost:3001/_next/static/chunks/node_modules_next_dist_1e8vcs8._.js:776
[  697457ms] [LOG] [Fast Refresh] done in 224ms @ http://localhost:3001/_next/static/chunks/node_modules_next_dist_1e8vcs8._.js:776
[  697520ms] [LOG] [Fast Refresh] done in 224ms @ http://localhost:3001/_next/static/chunks/node_modules_next_dist_1e8vcs8._.js:776
[  697583ms] [LOG] [Fast Refresh] done in 224ms @ http://localhost:3001/_next/static/chunks/node_modules_next_dist_1e8vcs8._.js:776
[  697646ms] [LOG] [Fast Refresh] done in 224ms @ http://localhost:3001/_next/static/chunks/node_modules_next_dist_1e8vcs8._.js:776
[  697708ms] [LOG] [Fast Refresh] done in 224ms @ http://localhost:3001/_next/static/chunks/node_modules_next_dist_1e8vcs8._.js:776
[  697769ms] [LOG] [Fast Refresh] done in 224ms @ http://localhost:3001/_next/static/chunks/node_modules_next_dist_1e8vcs8._.js:776
[  697834ms] [LOG] [Fast Refresh] done in 224ms @ http://localhost:3001/_next/static/chunks/node_modules_next_dist_1e8vcs8._.js:776
[  697897ms] [LOG] [Fast Refresh] done in 224ms @ http://localhost:3001/_next/static/chunks/node_modules_next_dist_1e8vcs8._.js:776
[  697958ms] [LOG] [Fast Refresh] done in 224ms @ http://localhost:3001/_next/static/chunks/node_modules_next_dist_1e8vcs8._.js:776
[  698022ms] [LOG] [Fast Refresh] done in 224ms @ http://localhost:3001/_next/static/chunks/node_modules_next_dist_1e8vcs8._.js:776
[  698084ms] [LOG] [Fast Refresh] done in 224ms @ http://localhost:3001/_next/static/chunks/node_modules_next_dist_1e8vcs8._.js:776
[  698147ms] [LOG] [Fast Refresh] done in 224ms @ http://localhost:3001/_next/static/chunks/node_modules_next_dist_1e8vcs8._.js:776
[  698210ms] [LOG] [Fast Refresh] done in 224ms @ http://localhost:3001/_next/static/chunks/node_modules_next_dist_1e8vcs8._.js:776
[  698273ms] [LOG] [Fast Refresh] done in 224ms @ http://localhost:3001/_next/static/chunks/node_modules_next_dist_1e8vcs8._.js:776
[  698336ms] [LOG] [Fast Refresh] done in 224ms @ http://localhost:3001/_next/static/chunks/node_modules_next_dist_1e8vcs8._.js:776
[  698400ms] [LOG] [Fast Refresh] done in 224ms @ http://localhost:3001/_next/static/chunks/node_modules_next_dist_1e8vcs8._.js:776
[  698463ms] [LOG] [Fast Refresh] done in 224ms @ http://localhost:3001/_next/static/chunks/node_modules_next_dist_1e8vcs8._.js:776
[  698526ms] [LOG] [Fast Refresh] done in 224ms @ http://localhost:3001/_next/static/chunks/node_modules_next_dist_1e8vcs8._.js:776
[  698588ms] [LOG] [Fast Refresh] done in 224ms @ http://localhost:3001/_next/static/chunks/node_modules_next_dist_1e8vcs8._.js:776
[  698651ms] [LOG] [Fast Refresh] done in 224ms @ http://localhost:3001/_next/static/chunks/node_modules_next_dist_1e8vcs8._.js:776
[  698713ms] [LOG] [Fast Refresh] done in 224ms @ http://localhost:3001/_next/static/chunks/node_modules_next_dist_1e8vcs8._.js:776
[  698776ms] [LOG] [Fast Refresh] done in 224ms @ http://localhost:3001/_next/static/chunks/node_modules_next_dist_1e8vcs8._.js:776
[  698839ms] [LOG] [Fast Refresh] done in 224ms @ http://localhost:3001/_next/static/chunks/node_modules_next_dist_1e8vcs8._.js:776
[  698902ms] [LOG] [Fast Refresh] done in 224ms @ http://localhost:3001/_next/static/chunks/node_modules_next_dist_1e8vcs8._.js:776
[  698965ms] [LOG] [Fast Refresh] done in 224ms @ http://localhost:3001/_next/static/chunks/node_modules_next_dist_1e8vcs8._.js:776
[  699028ms] [LOG] [Fast Refresh] done in 224ms @ http://localhost:3001/_next/static/chunks/node_modules_next_dist_1e8vcs8._.js:776
[  699091ms] [LOG] [Fast Refresh] done in 224ms @ http://localhost:3001/_next/static/chunks/node_modules_next_dist_1e8vcs8._.js:776
[  699154ms] [LOG] [Fast Refresh] done in 224ms @ http://localhost:3001/_next/static/chunks/node_modules_next_dist_1e8vcs8._.js:776
[  699217ms] [LOG] [Fast Refresh] done in 224ms @ http://localhost:3001/_next/static/chunks/node_modules_next_dist_1e8vcs8._.js:776
[  699279ms] [LOG] [Fast Refresh] done in 224ms @ http://localhost:3001/_next/static/chunks/node_modules_next_dist_1e8vcs8._.js:776
[  699341ms] [LOG] [Fast Refresh] done in 224ms @ http://localhost:3001/_next/static/chunks/node_modules_next_dist_1e8vcs8._.js:776
[  699403ms] [LOG] [Fast Refresh] done in 224ms @ http://localhost:3001/_next/static/chunks/node_modules_next_dist_1e8vcs8._.js:776
[  699466ms] [LOG] [Fast Refresh] done in 224ms @ http://localhost:3001/_next/static/chunks/node_modules_next_dist_1e8vcs8._.js:776
[  699529ms] [LOG] [Fast Refresh] done in 224ms @ http://localhost:3001/_next/static/chunks/node_modules_next_dist_1e8vcs8._.js:776
[  699590ms] [LOG] [Fast Refresh] done in 224ms @ http://localhost:3001/_next/static/chunks/node_modules_next_dist_1e8vcs8._.js:776
[  699652ms] [LOG] [Fast Refresh] done in 224ms @ http://localhost:3001/_next/static/chunks/node_modules_next_dist_1e8vcs8._.js:776
[  699715ms] [LOG] [Fast Refresh] done in 224ms @ http://localhost:3001/_next/static/chunks/node_modules_next_dist_1e8vcs8._.js:776
[  699777ms] [LOG] [Fast Refresh] done in 224ms @ http://localhost:3001/_next/static/chunks/node_modules_next_dist_1e8vcs8._.js:776
[  699840ms] [LOG] [Fast Refresh] done in 224ms @ http://localhost:3001/_next/static/chunks/node_modules_next_dist_1e8vcs8._.js:776
[  699901ms] [LOG] [Fast Refresh] done in 224ms @ http://localhost:3001/_next/static/chunks/node_modules_next_dist_1e8vcs8._.js:776
[  699964ms] [LOG] [Fast Refresh] done in 224ms @ http://localhost:3001/_next/static/chunks/node_modules_next_dist_1e8vcs8._.js:776
[  700027ms] [LOG] [Fast Refresh] done in 224ms @ http://localhost:3001/_next/static/chunks/node_modules_next_dist_1e8vcs8._.js:776
[  700089ms] [LOG] [Fast Refresh] done in 224ms @ http://localhost:3001/_next/static/chunks/node_modules_next_dist_1e8vcs8._.js:776
[  700153ms] [LOG] [Fast Refresh] done in 224ms @ http://localhost:3001/_next/static/chunks/node_modules_next_dist_1e8vcs8._.js:776
[  700214ms] [LOG] [Fast Refresh] done in 224ms @ http://localhost:3001/_next/static/chunks/node_modules_next_dist_1e8vcs8._.js:776
[  700275ms] [LOG] [Fast Refresh] done in 224ms @ http://localhost:3001/_next/static/chunks/node_modules_next_dist_1e8vcs8._.js:776
[  700338ms] [LOG] [Fast Refresh] done in 224ms @ http://localhost:3001/_next/static/chunks/node_modules_next_dist_1e8vcs8._.js:776
[  700399ms] [LOG] [Fast Refresh] done in 224ms @ http://localhost:3001/_next/static/chunks/node_modules_next_dist_1e8vcs8._.js:776
[  700463ms] [LOG] [Fast Refresh] done in 224ms @ http://localhost:3001/_next/static/chunks/node_modules_next_dist_1e8vcs8._.js:776
[  700525ms] [LOG] [Fast Refresh] done in 224ms @ http://localhost:3001/_next/static/chunks/node_modules_next_dist_1e8vcs8._.js:776
[  700588ms] [LOG] [Fast Refresh] done in 224ms @ http://localhost:3001/_next/static/chunks/node_modules_next_dist_1e8vcs8._.js:776
[  700651ms] [LOG] [Fast Refresh] done in 224ms @ http://localhost:3001/_next/static/chunks/node_modules_next_dist_1e8vcs8._.js:776
[  700714ms] [LOG] [Fast Refresh] done in 224ms @ http://localhost:3001/_next/static/chunks/node_modules_next_dist_1e8vcs8._.js:776
[  700776ms] [LOG] [Fast Refresh] done in 224ms @ http://localhost:3001/_next/static/chunks/node_modules_next_dist_1e8vcs8._.js:776
[  700838ms] [LOG] [Fast Refresh] done in 224ms @ http://localhost:3001/_next/static/chunks/node_modules_next_dist_1e8vcs8._.js:776
[  700903ms] [LOG] [Fast Refresh] done in 224ms @ http://localhost:3001/_next/static/chunks/node_modules_next_dist_1e8vcs8._.js:776
[  700966ms] [LOG] [Fast Refresh] done in 224ms @ http://localhost:3001/_next/static/chunks/node_modules_next_dist_1e8vcs8._.js:776
[  701029ms] [LOG] [Fast Refresh] done in 224ms @ http://localhost:3001/_next/static/chunks/node_modules_next_dist_1e8vcs8._.js:776
[  701090ms] [LOG] [Fast Refresh] done in 224ms @ http://localhost:3001/_next/static/chunks/node_modules_next_dist_1e8vcs8._.js:776
[  701152ms] [LOG] [Fast Refresh] done in 224ms @ http://localhost:3001/_next/static/chunks/node_modules_next_dist_1e8vcs8._.js:776
[  701214ms] [LOG] [Fast Refresh] done in 224ms @ http://localhost:3001/_next/static/chunks/node_modules_next_dist_1e8vcs8._.js:776
[  701275ms] [LOG] [Fast Refresh] done in 224ms @ http://localhost:3001/_next/static/chunks/node_modules_next_dist_1e8vcs8._.js:776
[  701339ms] [LOG] [Fast Refresh] done in 224ms @ http://localhost:3001/_next/static/chunks/node_modules_next_dist_1e8vcs8._.js:776
[  701402ms] [LOG] [Fast Refresh] done in 224ms @ http://localhost:3001/_next/static/chunks/node_modules_next_dist_1e8vcs8._.js:776
[  701464ms] [LOG] [Fast Refresh] done in 224ms @ http://localhost:3001/_next/static/chunks/node_modules_next_dist_1e8vcs8._.js:776
[  701526ms] [LOG] [Fast Refresh] done in 224ms @ http://localhost:3001/_next/static/chunks/node_modules_next_dist_1e8vcs8._.js:776
[  701589ms] [LOG] [Fast Refresh] done in 224ms @ http://localhost:3001/_next/static/chunks/node_modules_next_dist_1e8vcs8._.js:776
[  701653ms] [LOG] [Fast Refresh] done in 224ms @ http://localhost:3001/_next/static/chunks/node_modules_next_dist_1e8vcs8._.js:776
[  701717ms] [LOG] [Fast Refresh] done in 224ms @ http://localhost:3001/_next/static/chunks/node_modules_next_dist_1e8vcs8._.js:776
[  701779ms] [LOG] [Fast Refresh] done in 224ms @ http://localhost:3001/_next/static/chunks/node_modules_next_dist_1e8vcs8._.js:776
[  701841ms] [LOG] [Fast Refresh] done in 224ms @ http://localhost:3001/_next/static/chunks/node_modules_next_dist_1e8vcs8._.js:776
[  701904ms] [LOG] [Fast Refresh] done in 224ms @ http://localhost:3001/_next/static/chunks/node_modules_next_dist_1e8vcs8._.js:776
[  701966ms] [LOG] [Fast Refresh] done in 224ms @ http://localhost:3001/_next/static/chunks/node_modules_next_dist_1e8vcs8._.js:776
[  702028ms] [LOG] [Fast Refresh] done in 224ms @ http://localhost:3001/_next/static/chunks/node_modules_next_dist_1e8vcs8._.js:776
[  702089ms] [LOG] [Fast Refresh] done in 224ms @ http://localhost:3001/_next/static/chunks/node_modules_next_dist_1e8vcs8._.js:776
[  702151ms] [LOG] [Fast Refresh] done in 224ms @ http://localhost:3001/_next/static/chunks/node_modules_next_dist_1e8vcs8._.js:776
[  702213ms] [LOG] [Fast Refresh] done in 224ms @ http://localhost:3001/_next/static/chunks/node_modules_next_dist_1e8vcs8._.js:776
[  702275ms] [LOG] [Fast Refresh] done in 224ms @ http://localhost:3001/_next/static/chunks/node_modules_next_dist_1e8vcs8._.js:776
[  702339ms] [LOG] [Fast Refresh] done in 224ms @ http://localhost:3001/_next/static/chunks/node_modules_next_dist_1e8vcs8._.js:776
[  702401ms] [LOG] [Fast Refresh] done in 224ms @ http://localhost:3001/_next/static/chunks/node_modules_next_dist_1e8vcs8._.js:776
[  702465ms] [LOG] [Fast Refresh] done in 224ms @ http://localhost:3001/_next/static/chunks/node_modules_next_dist_1e8vcs8._.js:776
[  702529ms] [LOG] [Fast Refresh] done in 224ms @ http://localhost:3001/_next/static/chunks/node_modules_next_dist_1e8vcs8._.js:776
[  702592ms] [LOG] [Fast Refresh] done in 224ms @ http://localhost:3001/_next/static/chunks/node_modules_next_dist_1e8vcs8._.js:776
[  702655ms] [LOG] [Fast Refresh] done in 224ms @ http://localhost:3001/_next/static/chunks/node_modules_next_dist_1e8vcs8._.js:776
[  702717ms] [LOG] [Fast Refresh] done in 224ms @ http://localhost:3001/_next/static/chunks/node_modules_next_dist_1e8vcs8._.js:776
[  702777ms] [LOG] [Fast Refresh] done in 224ms @ http://localhost:3001/_next/static/chunks/node_modules_next_dist_1e8vcs8._.js:776
[  702840ms] [LOG] [Fast Refresh] done in 224ms @ http://localhost:3001/_next/static/chunks/node_modules_next_dist_1e8vcs8._.js:776
[  702903ms] [LOG] [Fast Refresh] done in 224ms @ http://localhost:3001/_next/static/chunks/node_modules_next_dist_1e8vcs8._.js:776
[  702965ms] [LOG] [Fast Refresh] done in 224ms @ http://localhost:3001/_next/static/chunks/node_modules_next_dist_1e8vcs8._.js:776
[  703027ms] [LOG] [Fast Refresh] done in 224ms @ http://localhost:3001/_next/static/chunks/node_modules_next_dist_1e8vcs8._.js:776
[  703088ms] [LOG] [Fast Refresh] done in 224ms @ http://localhost:3001/_next/static/chunks/node_modules_next_dist_1e8vcs8._.js:776
[  703150ms] [LOG] [Fast Refresh] done in 224ms @ http://localhost:3001/_next/static/chunks/node_modules_next_dist_1e8vcs8._.js:776
[  703213ms] [LOG] [Fast Refresh] done in 224ms @ http://localhost:3001/_next/static/chunks/node_modules_next_dist_1e8vcs8._.js:776
[  703277ms] [LOG] [Fast Refresh] done in 224ms @ http://localhost:3001/_next/static/chunks/node_modules_next_dist_1e8vcs8._.js:776
[  703340ms] [LOG] [Fast Refresh] done in 224ms @ http://localhost:3001/_next/static/chunks/node_modules_next_dist_1e8vcs8._.js:776
[  703402ms] [LOG] [Fast Refresh] done in 224ms @ http://localhost:3001/_next/static/chunks/node_modules_next_dist_1e8vcs8._.js:776
[  703466ms] [LOG] [Fast Refresh] done in 224ms @ http://localhost:3001/_next/static/chunks/node_modules_next_dist_1e8vcs8._.js:776
[  703528ms] [LOG] [Fast Refresh] done in 224ms @ http://localhost:3001/_next/static/chunks/node_modules_next_dist_1e8vcs8._.js:776
[  703590ms] [LOG] [Fast Refresh] done in 224ms @ http://localhost:3001/_next/static/chunks/node_modules_next_dist_1e8vcs8._.js:776
[  703653ms] [LOG] [Fast Refresh] done in 224ms @ http://localhost:3001/_next/static/chunks/node_modules_next_dist_1e8vcs8._.js:776
[  703717ms] [LOG] [Fast Refresh] done in 224ms @ http://localhost:3001/_next/static/chunks/node_modules_next_dist_1e8vcs8._.js:776
[  703779ms] [LOG] [Fast Refresh] done in 224ms @ http://localhost:3001/_next/static/chunks/node_modules_next_dist_1e8vcs8._.js:776
[  703842ms] [LOG] [Fast Refresh] done in 224ms @ http://localhost:3001/_next/static/chunks/node_modules_next_dist_1e8vcs8._.js:776
[  703904ms] [LOG] [Fast Refresh] done in 224ms @ http://localhost:3001/_next/static/chunks/node_modules_next_dist_1e8vcs8._.js:776
[  703965ms] [LOG] [Fast Refresh] done in 224ms @ http://localhost:3001/_next/static/chunks/node_modules_next_dist_1e8vcs8._.js:776
[  704028ms] [LOG] [Fast Refresh] done in 224ms @ http://localhost:3001/_next/static/chunks/node_modules_next_dist_1e8vcs8._.js:776
[  704090ms] [LOG] [Fast Refresh] done in 224ms @ http://localhost:3001/_next/static/chunks/node_modules_next_dist_1e8vcs8._.js:776
[  704151ms] [LOG] [Fast Refresh] done in 224ms @ http://localhost:3001/_next/static/chunks/node_modules_next_dist_1e8vcs8._.js:776
[  704214ms] [LOG] [Fast Refresh] done in 224ms @ http://localhost:3001/_next/static/chunks/node_modules_next_dist_1e8vcs8._.js:776
[  704278ms] [LOG] [Fast Refresh] done in 224ms @ http://localhost:3001/_next/static/chunks/node_modules_next_dist_1e8vcs8._.js:776
[  704343ms] [LOG] [Fast Refresh] done in 224ms @ http://localhost:3001/_next/static/chunks/node_modules_next_dist_1e8vcs8._.js:776
[  704407ms] [LOG] [Fast Refresh] done in 224ms @ http://localhost:3001/_next/static/chunks/node_modules_next_dist_1e8vcs8._.js:776
[  704471ms] [LOG] [Fast Refresh] done in 224ms @ http://localhost:3001/_next/static/chunks/node_modules_next_dist_1e8vcs8._.js:776
[  704535ms] [LOG] [Fast Refresh] done in 224ms @ http://localhost:3001/_next/static/chunks/node_modules_next_dist_1e8vcs8._.js:776
[  704597ms] [LOG] [Fast Refresh] done in 224ms @ http://localhost:3001/_next/static/chunks/node_modules_next_dist_1e8vcs8._.js:776
[  704661ms] [LOG] [Fast Refresh] done in 224ms @ http://localhost:3001/_next/static/chunks/node_modules_next_dist_1e8vcs8._.js:776
[  704725ms] [LOG] [Fast Refresh] done in 224ms @ http://localhost:3001/_next/static/chunks/node_modules_next_dist_1e8vcs8._.js:776
[  704787ms] [LOG] [Fast Refresh] done in 224ms @ http://localhost:3001/_next/static/chunks/node_modules_next_dist_1e8vcs8._.js:776
[  704851ms] [LOG] [Fast Refresh] done in 224ms @ http://localhost:3001/_next/static/chunks/node_modules_next_dist_1e8vcs8._.js:776
[  704914ms] [LOG] [Fast Refresh] done in 224ms @ http://localhost:3001/_next/static/chunks/node_modules_next_dist_1e8vcs8._.js:776
[  704977ms] [LOG] [Fast Refresh] done in 224ms @ http://localhost:3001/_next/static/chunks/node_modules_next_dist_1e8vcs8._.js:776
[  705040ms] [LOG] [Fast Refresh] done in 224ms @ http://localhost:3001/_next/static/chunks/node_modules_next_dist_1e8vcs8._.js:776
[  705103ms] [LOG] [Fast Refresh] done in 224ms @ http://localhost:3001/_next/static/chunks/node_modules_next_dist_1e8vcs8._.js:776
[  705165ms] [LOG] [Fast Refresh] done in 224ms @ http://localhost:3001/_next/static/chunks/node_modules_next_dist_1e8vcs8._.js:776
[  705227ms] [LOG] [Fast Refresh] done in 224ms @ http://localhost:3001/_next/static/chunks/node_modules_next_dist_1e8vcs8._.js:776
[  705291ms] [LOG] [Fast Refresh] done in 224ms @ http://localhost:3001/_next/static/chunks/node_modules_next_dist_1e8vcs8._.js:776
[  705355ms] [LOG] [Fast Refresh] done in 224ms @ http://localhost:3001/_next/static/chunks/node_modules_next_dist_1e8vcs8._.js:776
[  705417ms] [LOG] [Fast Refresh] done in 224ms @ http://localhost:3001/_next/static/chunks/node_modules_next_dist_1e8vcs8._.js:776
[  705479ms] [LOG] [Fast Refresh] done in 224ms @ http://localhost:3001/_next/static/chunks/node_modules_next_dist_1e8vcs8._.js:776
[  705543ms] [LOG] [Fast Refresh] done in 224ms @ http://localhost:3001/_next/static/chunks/node_modules_next_dist_1e8vcs8._.js:776
[  705605ms] [LOG] [Fast Refresh] done in 224ms @ http://localhost:3001/_next/static/chunks/node_modules_next_dist_1e8vcs8._.js:776
[  705669ms] [LOG] [Fast Refresh] done in 224ms @ http://localhost:3001/_next/static/chunks/node_modules_next_dist_1e8vcs8._.js:776
[  705732ms] [LOG] [Fast Refresh] done in 224ms @ http://localhost:3001/_next/static/chunks/node_modules_next_dist_1e8vcs8._.js:776
[  705795ms] [LOG] [Fast Refresh] done in 224ms @ http://localhost:3001/_next/static/chunks/node_modules_next_dist_1e8vcs8._.js:776
[  705857ms] [LOG] [Fast Refresh] done in 224ms @ http://localhost:3001/_next/static/chunks/node_modules_next_dist_1e8vcs8._.js:776
[  705920ms] [LOG] [Fast Refresh] done in 224ms @ http://localhost:3001/_next/static/chunks/node_modules_next_dist_1e8vcs8._.js:776
[  705984ms] [LOG] [Fast Refresh] done in 224ms @ http://localhost:3001/_next/static/chunks/node_modules_next_dist_1e8vcs8._.js:776
[  706047ms] [LOG] [Fast Refresh] done in 224ms @ http://localhost:3001/_next/static/chunks/node_modules_next_dist_1e8vcs8._.js:776
[  706111ms] [LOG] [Fast Refresh] done in 224ms @ http://localhost:3001/_next/static/chunks/node_modules_next_dist_1e8vcs8._.js:776
[  706172ms] [LOG] [Fast Refresh] done in 224ms @ http://localhost:3001/_next/static/chunks/node_modules_next_dist_1e8vcs8._.js:776
[  706234ms] [LOG] [Fast Refresh] done in 224ms @ http://localhost:3001/_next/static/chunks/node_modules_next_dist_1e8vcs8._.js:776
[  706298ms] [LOG] [Fast Refresh] done in 224ms @ http://localhost:3001/_next/static/chunks/node_modules_next_dist_1e8vcs8._.js:776
[  706360ms] [LOG] [Fast Refresh] done in 224ms @ http://localhost:3001/_next/static/chunks/node_modules_next_dist_1e8vcs8._.js:776
[  706423ms] [LOG] [Fast Refresh] done in 224ms @ http://localhost:3001/_next/static/chunks/node_modules_next_dist_1e8vcs8._.js:776
[  706487ms] [LOG] [Fast Refresh] done in 224ms @ http://localhost:3001/_next/static/chunks/node_modules_next_dist_1e8vcs8._.js:776
[  706550ms] [LOG] [Fast Refresh] done in 224ms @ http://localhost:3001/_next/static/chunks/node_modules_next_dist_1e8vcs8._.js:776
[  706613ms] [LOG] [Fast Refresh] done in 224ms @ http://localhost:3001/_next/static/chunks/node_modules_next_dist_1e8vcs8._.js:776
[  706675ms] [LOG] [Fast Refresh] done in 224ms @ http://localhost:3001/_next/static/chunks/node_modules_next_dist_1e8vcs8._.js:776
[  706738ms] [LOG] [Fast Refresh] done in 224ms @ http://localhost:3001/_next/static/chunks/node_modules_next_dist_1e8vcs8._.js:776
[  706801ms] [LOG] [Fast Refresh] done in 224ms @ http://localhost:3001/_next/static/chunks/node_modules_next_dist_1e8vcs8._.js:776
[  706862ms] [LOG] [Fast Refresh] done in 224ms @ http://localhost:3001/_next/static/chunks/node_modules_next_dist_1e8vcs8._.js:776
[  706926ms] [LOG] [Fast Refresh] done in 224ms @ http://localhost:3001/_next/static/chunks/node_modules_next_dist_1e8vcs8._.js:776
[  706990ms] [LOG] [Fast Refresh] done in 224ms @ http://localhost:3001/_next/static/chunks/node_modules_next_dist_1e8vcs8._.js:776
[  707055ms] [LOG] [Fast Refresh] done in 224ms @ http://localhost:3001/_next/static/chunks/node_modules_next_dist_1e8vcs8._.js:776
[  707118ms] [LOG] [Fast Refresh] done in 224ms @ http://localhost:3001/_next/static/chunks/node_modules_next_dist_1e8vcs8._.js:776
[  707181ms] [LOG] [Fast Refresh] done in 224ms @ http://localhost:3001/_next/static/chunks/node_modules_next_dist_1e8vcs8._.js:776
[  707242ms] [LOG] [Fast Refresh] done in 224ms @ http://localhost:3001/_next/static/chunks/node_modules_next_dist_1e8vcs8._.js:776
[  707303ms] [LOG] [Fast Refresh] done in 224ms @ http://localhost:3001/_next/static/chunks/node_modules_next_dist_1e8vcs8._.js:776
[  707368ms] [LOG] [Fast Refresh] done in 224ms @ http://localhost:3001/_next/static/chunks/node_modules_next_dist_1e8vcs8._.js:776
[  707431ms] [LOG] [Fast Refresh] done in 224ms @ http://localhost:3001/_next/static/chunks/node_modules_next_dist_1e8vcs8._.js:776
[  707495ms] [LOG] [Fast Refresh] done in 224ms @ http://localhost:3001/_next/static/chunks/node_modules_next_dist_1e8vcs8._.js:776
[  707559ms] [LOG] [Fast Refresh] done in 224ms @ http://localhost:3001/_next/static/chunks/node_modules_next_dist_1e8vcs8._.js:776
[  707622ms] [LOG] [Fast Refresh] done in 224ms @ http://localhost:3001/_next/static/chunks/node_modules_next_dist_1e8vcs8._.js:776
[  707686ms] [LOG] [Fast Refresh] done in 224ms @ http://localhost:3001/_next/static/chunks/node_modules_next_dist_1e8vcs8._.js:776
[  707750ms] [LOG] [Fast Refresh] done in 224ms @ http://localhost:3001/_next/static/chunks/node_modules_next_dist_1e8vcs8._.js:776
[  707813ms] [LOG] [Fast Refresh] done in 224ms @ http://localhost:3001/_next/static/chunks/node_modules_next_dist_1e8vcs8._.js:776
[  707877ms] [LOG] [Fast Refresh] done in 224ms @ http://localhost:3001/_next/static/chunks/node_modules_next_dist_1e8vcs8._.js:776
[  707941ms] [LOG] [Fast Refresh] done in 224ms @ http://localhost:3001/_next/static/chunks/node_modules_next_dist_1e8vcs8._.js:776
[  708010ms] [LOG] [Fast Refresh] done in 224ms @ http://localhost:3001/_next/static/chunks/node_modules_next_dist_1e8vcs8._.js:776
[  708069ms] [LOG] [Fast Refresh] done in 224ms @ http://localhost:3001/_next/static/chunks/node_modules_next_dist_1e8vcs8._.js:776
[  708130ms] [LOG] [Fast Refresh] done in 224ms @ http://localhost:3001/_next/static/chunks/node_modules_next_dist_1e8vcs8._.js:776
[  708194ms] [LOG] [Fast Refresh] done in 224ms @ http://localhost:3001/_next/static/chunks/node_modules_next_dist_1e8vcs8._.js:776
[  708256ms] [LOG] [Fast Refresh] done in 224ms @ http://localhost:3001/_next/static/chunks/node_modules_next_dist_1e8vcs8._.js:776
[  708319ms] [LOG] [Fast Refresh] done in 224ms @ http://localhost:3001/_next/static/chunks/node_modules_next_dist_1e8vcs8._.js:776
[  708384ms] [LOG] [Fast Refresh] done in 224ms @ http://localhost:3001/_next/static/chunks/node_modules_next_dist_1e8vcs8._.js:776
[  708447ms] [LOG] [Fast Refresh] done in 224ms @ http://localhost:3001/_next/static/chunks/node_modules_next_dist_1e8vcs8._.js:776
[  708510ms] [LOG] [Fast Refresh] done in 224ms @ http://localhost:3001/_next/static/chunks/node_modules_next_dist_1e8vcs8._.js:776
[  708574ms] [LOG] [Fast Refresh] done in 224ms @ http://localhost:3001/_next/static/chunks/node_modules_next_dist_1e8vcs8._.js:776
[  708636ms] [LOG] [Fast Refresh] done in 224ms @ http://localhost:3001/_next/static/chunks/node_modules_next_dist_1e8vcs8._.js:776
[  708698ms] [LOG] [Fast Refresh] done in 224ms @ http://localhost:3001/_next/static/chunks/node_modules_next_dist_1e8vcs8._.js:776
[  708761ms] [LOG] [Fast Refresh] done in 224ms @ http://localhost:3001/_next/static/chunks/node_modules_next_dist_1e8vcs8._.js:776
[  708825ms] [LOG] [Fast Refresh] done in 224ms @ http://localhost:3001/_next/static/chunks/node_modules_next_dist_1e8vcs8._.js:776
[  708887ms] [LOG] [Fast Refresh] done in 224ms @ http://localhost:3001/_next/static/chunks/node_modules_next_dist_1e8vcs8._.js:776
[  708951ms] [LOG] [Fast Refresh] done in 224ms @ http://localhost:3001/_next/static/chunks/node_modules_next_dist_1e8vcs8._.js:776
[  709013ms] [LOG] [Fast Refresh] done in 224ms @ http://localhost:3001/_next/static/chunks/node_modules_next_dist_1e8vcs8._.js:776
[  709078ms] [LOG] [Fast Refresh] done in 224ms @ http://localhost:3001/_next/static/chunks/node_modules_next_dist_1e8vcs8._.js:776
[  709142ms] [LOG] [Fast Refresh] done in 224ms @ http://localhost:3001/_next/static/chunks/node_modules_next_dist_1e8vcs8._.js:776
[  709204ms] [LOG] [Fast Refresh] done in 224ms @ http://localhost:3001/_next/static/chunks/node_modules_next_dist_1e8vcs8._.js:776
[  709267ms] [LOG] [Fast Refresh] done in 224ms @ http://localhost:3001/_next/static/chunks/node_modules_next_dist_1e8vcs8._.js:776
[  709331ms] [LOG] [Fast Refresh] done in 224ms @ http://localhost:3001/_next/static/chunks/node_modules_next_dist_1e8vcs8._.js:776
[  709395ms] [LOG] [Fast Refresh] done in 224ms @ http://localhost:3001/_next/static/chunks/node_modules_next_dist_1e8vcs8._.js:776
[  709459ms] [LOG] [Fast Refresh] done in 224ms @ http://localhost:3001/_next/static/chunks/node_modules_next_dist_1e8vcs8._.js:776
[  709520ms] [LOG] [Fast Refresh] done in 224ms @ http://localhost:3001/_next/static/chunks/node_modules_next_dist_1e8vcs8._.js:776
[  709583ms] [LOG] [Fast Refresh] done in 224ms @ http://localhost:3001/_next/static/chunks/node_modules_next_dist_1e8vcs8._.js:776
[  709646ms] [LOG] [Fast Refresh] done in 224ms @ http://localhost:3001/_next/static/chunks/node_modules_next_dist_1e8vcs8._.js:776
[  709710ms] [LOG] [Fast Refresh] done in 224ms @ http://localhost:3001/_next/static/chunks/node_modules_next_dist_1e8vcs8._.js:776
[  709774ms] [LOG] [Fast Refresh] done in 224ms @ http://localhost:3001/_next/static/chunks/node_modules_next_dist_1e8vcs8._.js:776
[  709837ms] [LOG] [Fast Refresh] done in 224ms @ http://localhost:3001/_next/static/chunks/node_modules_next_dist_1e8vcs8._.js:776
[  709900ms] [LOG] [Fast Refresh] done in 224ms @ http://localhost:3001/_next/static/chunks/node_modules_next_dist_1e8vcs8._.js:776
[  709964ms] [LOG] [Fast Refresh] done in 224ms @ http://localhost:3001/_next/static/chunks/node_modules_next_dist_1e8vcs8._.js:776
[  710028ms] [LOG] [Fast Refresh] done in 224ms @ http://localhost:3001/_next/static/chunks/node_modules_next_dist_1e8vcs8._.js:776
[  710091ms] [LOG] [Fast Refresh] done in 224ms @ http://localhost:3001/_next/static/chunks/node_modules_next_dist_1e8vcs8._.js:776
[  710155ms] [LOG] [Fast Refresh] done in 224ms @ http://localhost:3001/_next/static/chunks/node_modules_next_dist_1e8vcs8._.js:776
[  710218ms] [LOG] [Fast Refresh] done in 224ms @ http://localhost:3001/_next/static/chunks/node_modules_next_dist_1e8vcs8._.js:776
[  710280ms] [LOG] [Fast Refresh] done in 224ms @ http://localhost:3001/_next/static/chunks/node_modules_next_dist_1e8vcs8._.js:776
[  710344ms] [LOG] [Fast Refresh] done in 224ms @ http://localhost:3001/_next/static/chunks/node_modules_next_dist_1e8vcs8._.js:776
[  710396ms] [LOG] [Fast Refresh] done in 224ms @ http://localhost:3001/_next/static/chunks/node_modules_next_dist_1e8vcs8._.js:776
[  710454ms] [LOG] [Fast Refresh] done in 224ms @ http://localhost:3001/_next/static/chunks/node_modules_next_dist_1e8vcs8._.js:776
[  710517ms] [LOG] [Fast Refresh] done in 224ms @ http://localhost:3001/_next/static/chunks/node_modules_next_dist_1e8vcs8._.js:776
[  710580ms] [LOG] [Fast Refresh] done in 224ms @ http://localhost:3001/_next/static/chunks/node_modules_next_dist_1e8vcs8._.js:776
[  710643ms] [LOG] [Fast Refresh] done in 224ms @ http://localhost:3001/_next/static/chunks/node_modules_next_dist_1e8vcs8._.js:776
[  710706ms] [LOG] [Fast Refresh] done in 224ms @ http://localhost:3001/_next/static/chunks/node_modules_next_dist_1e8vcs8._.js:776
[  710769ms] [LOG] [Fast Refresh] done in 224ms @ http://localhost:3001/_next/static/chunks/node_modules_next_dist_1e8vcs8._.js:776
[  710832ms] [LOG] [Fast Refresh] done in 224ms @ http://localhost:3001/_next/static/chunks/node_modules_next_dist_1e8vcs8._.js:776
[  710894ms] [LOG] [Fast Refresh] done in 224ms @ http://localhost:3001/_next/static/chunks/node_modules_next_dist_1e8vcs8._.js:776
[  710960ms] [LOG] [Fast Refresh] done in 224ms @ http://localhost:3001/_next/static/chunks/node_modules_next_dist_1e8vcs8._.js:776
[  711021ms] [LOG] [Fast Refresh] done in 224ms @ http://localhost:3001/_next/static/chunks/node_modules_next_dist_1e8vcs8._.js:776
[  711083ms] [LOG] [Fast Refresh] done in 224ms @ http://localhost:3001/_next/static/chunks/node_modules_next_dist_1e8vcs8._.js:776
[  711147ms] [LOG] [Fast Refresh] done in 224ms @ http://localhost:3001/_next/static/chunks/node_modules_next_dist_1e8vcs8._.js:776
[  711210ms] [LOG] [Fast Refresh] done in 224ms @ http://localhost:3001/_next/static/chunks/node_modules_next_dist_1e8vcs8._.js:776
[  711273ms] [LOG] [Fast Refresh] done in 224ms @ http://localhost:3001/_next/static/chunks/node_modules_next_dist_1e8vcs8._.js:776
[  711336ms] [LOG] [Fast Refresh] done in 224ms @ http://localhost:3001/_next/static/chunks/node_modules_next_dist_1e8vcs8._.js:776
[  711398ms] [LOG] [Fast Refresh] done in 224ms @ http://localhost:3001/_next/static/chunks/node_modules_next_dist_1e8vcs8._.js:776
[  711460ms] [LOG] [Fast Refresh] done in 224ms @ http://localhost:3001/_next/static/chunks/node_modules_next_dist_1e8vcs8._.js:776
[  711523ms] [LOG] [Fast Refresh] done in 224ms @ http://localhost:3001/_next/static/chunks/node_modules_next_dist_1e8vcs8._.js:776
[  711586ms] [LOG] [Fast Refresh] done in 224ms @ http://localhost:3001/_next/static/chunks/node_modules_next_dist_1e8vcs8._.js:776
[  711648ms] [LOG] [Fast Refresh] done in 224ms @ http://localhost:3001/_next/static/chunks/node_modules_next_dist_1e8vcs8._.js:776
[  711711ms] [LOG] [Fast Refresh] done in 224ms @ http://localhost:3001/_next/static/chunks/node_modules_next_dist_1e8vcs8._.js:776
[  711775ms] [LOG] [Fast Refresh] done in 224ms @ http://localhost:3001/_next/static/chunks/node_modules_next_dist_1e8vcs8._.js:776
[  711837ms] [LOG] [Fast Refresh] done in 224ms @ http://localhost:3001/_next/static/chunks/node_modules_next_dist_1e8vcs8._.js:776
[  711900ms] [LOG] [Fast Refresh] done in 224ms @ http://localhost:3001/_next/static/chunks/node_modules_next_dist_1e8vcs8._.js:776
[  711963ms] [LOG] [Fast Refresh] done in 224ms @ http://localhost:3001/_next/static/chunks/node_modules_next_dist_1e8vcs8._.js:776
[  712026ms] [LOG] [Fast Refresh] done in 224ms @ http://localhost:3001/_next/static/chunks/node_modules_next_dist_1e8vcs8._.js:776
[  712090ms] [LOG] [Fast Refresh] done in 224ms @ http://localhost:3001/_next/static/chunks/node_modules_next_dist_1e8vcs8._.js:776
[  712152ms] [LOG] [Fast Refresh] done in 224ms @ http://localhost:3001/_next/static/chunks/node_modules_next_dist_1e8vcs8._.js:776
[  712216ms] [LOG] [Fast Refresh] done in 224ms @ http://localhost:3001/_next/static/chunks/node_modules_next_dist_1e8vcs8._.js:776
[  712279ms] [LOG] [Fast Refresh] done in 224ms @ http://localhost:3001/_next/static/chunks/node_modules_next_dist_1e8vcs8._.js:776
[  712343ms] [LOG] [Fast Refresh] done in 224ms @ http://localhost:3001/_next/static/chunks/node_modules_next_dist_1e8vcs8._.js:776
[  712405ms] [LOG] [Fast Refresh] done in 224ms @ http://localhost:3001/_next/static/chunks/node_modules_next_dist_1e8vcs8._.js:776
[  712469ms] [LOG] [Fast Refresh] done in 224ms @ http://localhost:3001/_next/static/chunks/node_modules_next_dist_1e8vcs8._.js:776
[  712534ms] [LOG] [Fast Refresh] done in 224ms @ http://localhost:3001/_next/static/chunks/node_modules_next_dist_1e8vcs8._.js:776
[  712598ms] [LOG] [Fast Refresh] done in 224ms @ http://localhost:3001/_next/static/chunks/node_modules_next_dist_1e8vcs8._.js:776
[  712660ms] [LOG] [Fast Refresh] done in 224ms @ http://localhost:3001/_next/static/chunks/node_modules_next_dist_1e8vcs8._.js:776
[  712725ms] [LOG] [Fast Refresh] done in 224ms @ http://localhost:3001/_next/static/chunks/node_modules_next_dist_1e8vcs8._.js:776
[  712788ms] [LOG] [Fast Refresh] done in 224ms @ http://localhost:3001/_next/static/chunks/node_modules_next_dist_1e8vcs8._.js:776
[  712850ms] [LOG] [Fast Refresh] done in 224ms @ http://localhost:3001/_next/static/chunks/node_modules_next_dist_1e8vcs8._.js:776
[  712913ms] [LOG] [Fast Refresh] done in 224ms @ http://localhost:3001/_next/static/chunks/node_modules_next_dist_1e8vcs8._.js:776
[  712977ms] [LOG] [Fast Refresh] done in 224ms @ http://localhost:3001/_next/static/chunks/node_modules_next_dist_1e8vcs8._.js:776
[  713041ms] [LOG] [Fast Refresh] done in 224ms @ http://localhost:3001/_next/static/chunks/node_modules_next_dist_1e8vcs8._.js:776
[  713105ms] [LOG] [Fast Refresh] done in 224ms @ http://localhost:3001/_next/static/chunks/node_modules_next_dist_1e8vcs8._.js:776
[  713169ms] [LOG] [Fast Refresh] done in 224ms @ http://localhost:3001/_next/static/chunks/node_modules_next_dist_1e8vcs8._.js:776
[  713233ms] [LOG] [Fast Refresh] done in 224ms @ http://localhost:3001/_next/static/chunks/node_modules_next_dist_1e8vcs8._.js:776
[  713297ms] [LOG] [Fast Refresh] done in 224ms @ http://localhost:3001/_next/static/chunks/node_modules_next_dist_1e8vcs8._.js:776
[  713361ms] [LOG] [Fast Refresh] done in 224ms @ http://localhost:3001/_next/static/chunks/node_modules_next_dist_1e8vcs8._.js:776
[  713425ms] [LOG] [Fast Refresh] done in 224ms @ http://localhost:3001/_next/static/chunks/node_modules_next_dist_1e8vcs8._.js:776
[  713488ms] [LOG] [Fast Refresh] done in 224ms @ http://localhost:3001/_next/static/chunks/node_modules_next_dist_1e8vcs8._.js:776
[  713551ms] [LOG] [Fast Refresh] done in 224ms @ http://localhost:3001/_next/static/chunks/node_modules_next_dist_1e8vcs8._.js:776
[  713614ms] [LOG] [Fast Refresh] done in 224ms @ http://localhost:3001/_next/static/chunks/node_modules_next_dist_1e8vcs8._.js:776
[  713677ms] [LOG] [Fast Refresh] done in 224ms @ http://localhost:3001/_next/static/chunks/node_modules_next_dist_1e8vcs8._.js:776
[  713740ms] [LOG] [Fast Refresh] done in 224ms @ http://localhost:3001/_next/static/chunks/node_modules_next_dist_1e8vcs8._.js:776
[  713803ms] [LOG] [Fast Refresh] done in 224ms @ http://localhost:3001/_next/static/chunks/node_modules_next_dist_1e8vcs8._.js:776
[  713865ms] [LOG] [Fast Refresh] done in 224ms @ http://localhost:3001/_next/static/chunks/node_modules_next_dist_1e8vcs8._.js:776
[  713928ms] [LOG] [Fast Refresh] done in 224ms @ http://localhost:3001/_next/static/chunks/node_modules_next_dist_1e8vcs8._.js:776
[  713992ms] [LOG] [Fast Refresh] done in 224ms @ http://localhost:3001/_next/static/chunks/node_modules_next_dist_1e8vcs8._.js:776
[  714054ms] [LOG] [Fast Refresh] done in 224ms @ http://localhost:3001/_next/static/chunks/node_modules_next_dist_1e8vcs8._.js:776
[  714118ms] [LOG] [Fast Refresh] done in 224ms @ http://localhost:3001/_next/static/chunks/node_modules_next_dist_1e8vcs8._.js:776
[  714183ms] [LOG] [Fast Refresh] done in 224ms @ http://localhost:3001/_next/static/chunks/node_modules_next_dist_1e8vcs8._.js:776
[  714245ms] [LOG] [Fast Refresh] done in 224ms @ http://localhost:3001/_next/static/chunks/node_modules_next_dist_1e8vcs8._.js:776
[  714310ms] [LOG] [Fast Refresh] done in 224ms @ http://localhost:3001/_next/static/chunks/node_modules_next_dist_1e8vcs8._.js:776
[  714374ms] [LOG] [Fast Refresh] done in 224ms @ http://localhost:3001/_next/static/chunks/node_modules_next_dist_1e8vcs8._.js:776
[  714436ms] [LOG] [Fast Refresh] done in 224ms @ http://localhost:3001/_next/static/chunks/node_modules_next_dist_1e8vcs8._.js:776
[  714497ms] [LOG] [Fast Refresh] done in 224ms @ http://localhost:3001/_next/static/chunks/node_modules_next_dist_1e8vcs8._.js:776
[  714560ms] [LOG] [Fast Refresh] done in 224ms @ http://localhost:3001/_next/static/chunks/node_modules_next_dist_1e8vcs8._.js:776
[  714622ms] [LOG] [Fast Refresh] done in 224ms @ http://localhost:3001/_next/static/chunks/node_modules_next_dist_1e8vcs8._.js:776
[  714686ms] [LOG] [Fast Refresh] done in 224ms @ http://localhost:3001/_next/static/chunks/node_modules_next_dist_1e8vcs8._.js:776
[  714746ms] [LOG] [Fast Refresh] done in 224ms @ http://localhost:3001/_next/static/chunks/node_modules_next_dist_1e8vcs8._.js:776
[  714810ms] [LOG] [Fast Refresh] done in 224ms @ http://localhost:3001/_next/static/chunks/node_modules_next_dist_1e8vcs8._.js:776
[  714873ms] [LOG] [Fast Refresh] done in 224ms @ http://localhost:3001/_next/static/chunks/node_modules_next_dist_1e8vcs8._.js:776
[  714936ms] [LOG] [Fast Refresh] done in 224ms @ http://localhost:3001/_next/static/chunks/node_modules_next_dist_1e8vcs8._.js:776
[  714996ms] [LOG] [Fast Refresh] done in 224ms @ http://localhost:3001/_next/static/chunks/node_modules_next_dist_1e8vcs8._.js:776
[  715058ms] [LOG] [Fast Refresh] done in 224ms @ http://localhost:3001/_next/static/chunks/node_modules_next_dist_1e8vcs8._.js:776
[  715121ms] [LOG] [Fast Refresh] done in 224ms @ http://localhost:3001/_next/static/chunks/node_modules_next_dist_1e8vcs8._.js:776
[  715182ms] [LOG] [Fast Refresh] done in 224ms @ http://localhost:3001/_next/static/chunks/node_modules_next_dist_1e8vcs8._.js:776
[  715245ms] [LOG] [Fast Refresh] done in 224ms @ http://localhost:3001/_next/static/chunks/node_modules_next_dist_1e8vcs8._.js:776
[  715308ms] [LOG] [Fast Refresh] done in 224ms @ http://localhost:3001/_next/static/chunks/node_modules_next_dist_1e8vcs8._.js:776
[  715370ms] [LOG] [Fast Refresh] done in 224ms @ http://localhost:3001/_next/static/chunks/node_modules_next_dist_1e8vcs8._.js:776
[  715433ms] [LOG] [Fast Refresh] done in 224ms @ http://localhost:3001/_next/static/chunks/node_modules_next_dist_1e8vcs8._.js:776
[  715494ms] [LOG] [Fast Refresh] done in 224ms @ http://localhost:3001/_next/static/chunks/node_modules_next_dist_1e8vcs8._.js:776
[  715556ms] [LOG] [Fast Refresh] done in 224ms @ http://localhost:3001/_next/static/chunks/node_modules_next_dist_1e8vcs8._.js:776
[  715622ms] [LOG] [Fast Refresh] done in 224ms @ http://localhost:3001/_next/static/chunks/node_modules_next_dist_1e8vcs8._.js:776
[  715682ms] [LOG] [Fast Refresh] done in 224ms @ http://localhost:3001/_next/static/chunks/node_modules_next_dist_1e8vcs8._.js:776
[  715744ms] [LOG] [Fast Refresh] done in 224ms @ http://localhost:3001/_next/static/chunks/node_modules_next_dist_1e8vcs8._.js:776
[  715807ms] [LOG] [Fast Refresh] done in 224ms @ http://localhost:3001/_next/static/chunks/node_modules_next_dist_1e8vcs8._.js:776
[  715871ms] [LOG] [Fast Refresh] done in 224ms @ http://localhost:3001/_next/static/chunks/node_modules_next_dist_1e8vcs8._.js:776
[  715934ms] [LOG] [Fast Refresh] done in 224ms @ http://localhost:3001/_next/static/chunks/node_modules_next_dist_1e8vcs8._.js:776
[  715997ms] [LOG] [Fast Refresh] done in 224ms @ http://localhost:3001/_next/static/chunks/node_modules_next_dist_1e8vcs8._.js:776
[  716061ms] [LOG] [Fast Refresh] done in 224ms @ http://localhost:3001/_next/static/chunks/node_modules_next_dist_1e8vcs8._.js:776
[  716125ms] [LOG] [Fast Refresh] done in 224ms @ http://localhost:3001/_next/static/chunks/node_modules_next_dist_1e8vcs8._.js:776
[  716187ms] [LOG] [Fast Refresh] done in 224ms @ http://localhost:3001/_next/static/chunks/node_modules_next_dist_1e8vcs8._.js:776
[  716249ms] [LOG] [Fast Refresh] done in 224ms @ http://localhost:3001/_next/static/chunks/node_modules_next_dist_1e8vcs8._.js:776
[  716312ms] [LOG] [Fast Refresh] done in 224ms @ http://localhost:3001/_next/static/chunks/node_modules_next_dist_1e8vcs8._.js:776
[  716377ms] [LOG] [Fast Refresh] done in 224ms @ http://localhost:3001/_next/static/chunks/node_modules_next_dist_1e8vcs8._.js:776
[  716440ms] [LOG] [Fast Refresh] done in 224ms @ http://localhost:3001/_next/static/chunks/node_modules_next_dist_1e8vcs8._.js:776
[  716502ms] [LOG] [Fast Refresh] done in 224ms @ http://localhost:3001/_next/static/chunks/node_modules_next_dist_1e8vcs8._.js:776
[  716562ms] [LOG] [Fast Refresh] done in 224ms @ http://localhost:3001/_next/static/chunks/node_modules_next_dist_1e8vcs8._.js:776
[  716623ms] [LOG] [Fast Refresh] done in 224ms @ http://localhost:3001/_next/static/chunks/node_modules_next_dist_1e8vcs8._.js:776
[  716686ms] [LOG] [Fast Refresh] done in 224ms @ http://localhost:3001/_next/static/chunks/node_modules_next_dist_1e8vcs8._.js:776
[  716749ms] [LOG] [Fast Refresh] done in 224ms @ http://localhost:3001/_next/static/chunks/node_modules_next_dist_1e8vcs8._.js:776
[  716810ms] [LOG] [Fast Refresh] done in 224ms @ http://localhost:3001/_next/static/chunks/node_modules_next_dist_1e8vcs8._.js:776
[  716874ms] [LOG] [Fast Refresh] done in 224ms @ http://localhost:3001/_next/static/chunks/node_modules_next_dist_1e8vcs8._.js:776
[  716936ms] [LOG] [Fast Refresh] done in 224ms @ http://localhost:3001/_next/static/chunks/node_modules_next_dist_1e8vcs8._.js:776
[  716999ms] [LOG] [Fast Refresh] done in 224ms @ http://localhost:3001/_next/static/chunks/node_modules_next_dist_1e8vcs8._.js:776
[  717062ms] [LOG] [Fast Refresh] done in 224ms @ http://localhost:3001/_next/static/chunks/node_modules_next_dist_1e8vcs8._.js:776
[  717126ms] [LOG] [Fast Refresh] done in 224ms @ http://localhost:3001/_next/static/chunks/node_modules_next_dist_1e8vcs8._.js:776
[  717190ms] [LOG] [Fast Refresh] done in 224ms @ http://localhost:3001/_next/static/chunks/node_modules_next_dist_1e8vcs8._.js:776
[  717253ms] [LOG] [Fast Refresh] done in 224ms @ http://localhost:3001/_next/static/chunks/node_modules_next_dist_1e8vcs8._.js:776
[  717316ms] [LOG] [Fast Refresh] done in 224ms @ http://localhost:3001/_next/static/chunks/node_modules_next_dist_1e8vcs8._.js:776
[  717431ms] [LOG] [Fast Refresh] done in 224ms @ http://localhost:3001/_next/static/chunks/node_modules_next_dist_1e8vcs8._.js:776
[  717520ms] [LOG] [Fast Refresh] done in 224ms @ http://localhost:3001/_next/static/chunks/node_modules_next_dist_1e8vcs8._.js:776
[  717581ms] [LOG] [Fast Refresh] done in 224ms @ http://localhost:3001/_next/static/chunks/node_modules_next_dist_1e8vcs8._.js:776
[  717642ms] [LOG] [Fast Refresh] done in 224ms @ http://localhost:3001/_next/static/chunks/node_modules_next_dist_1e8vcs8._.js:776
[  717705ms] [LOG] [Fast Refresh] done in 224ms @ http://localhost:3001/_next/static/chunks/node_modules_next_dist_1e8vcs8._.js:776
[  717767ms] [LOG] [Fast Refresh] done in 224ms @ http://localhost:3001/_next/static/chunks/node_modules_next_dist_1e8vcs8._.js:776
[  717830ms] [LOG] [Fast Refresh] done in 224ms @ http://localhost:3001/_next/static/chunks/node_modules_next_dist_1e8vcs8._.js:776
[  717892ms] [LOG] [Fast Refresh] done in 224ms @ http://localhost:3001/_next/static/chunks/node_modules_next_dist_1e8vcs8._.js:776
[  717954ms] [LOG] [Fast Refresh] done in 224ms @ http://localhost:3001/_next/static/chunks/node_modules_next_dist_1e8vcs8._.js:776
[  718017ms] [LOG] [Fast Refresh] done in 224ms @ http://localhost:3001/_next/static/chunks/node_modules_next_dist_1e8vcs8._.js:776
[  718079ms] [LOG] [Fast Refresh] done in 224ms @ http://localhost:3001/_next/static/chunks/node_modules_next_dist_1e8vcs8._.js:776
[  718141ms] [LOG] [Fast Refresh] done in 224ms @ http://localhost:3001/_next/static/chunks/node_modules_next_dist_1e8vcs8._.js:776
[  718205ms] [LOG] [Fast Refresh] done in 224ms @ http://localhost:3001/_next/static/chunks/node_modules_next_dist_1e8vcs8._.js:776
[  718268ms] [LOG] [Fast Refresh] done in 224ms @ http://localhost:3001/_next/static/chunks/node_modules_next_dist_1e8vcs8._.js:776
[  718330ms] [LOG] [Fast Refresh] done in 224ms @ http://localhost:3001/_next/static/chunks/node_modules_next_dist_1e8vcs8._.js:776
[  718393ms] [LOG] [Fast Refresh] done in 224ms @ http://localhost:3001/_next/static/chunks/node_modules_next_dist_1e8vcs8._.js:776
[  718456ms] [LOG] [Fast Refresh] done in 224ms @ http://localhost:3001/_next/static/chunks/node_modules_next_dist_1e8vcs8._.js:776
[  718518ms] [LOG] [Fast Refresh] done in 224ms @ http://localhost:3001/_next/static/chunks/node_modules_next_dist_1e8vcs8._.js:776
[  718580ms] [LOG] [Fast Refresh] done in 224ms @ http://localhost:3001/_next/static/chunks/node_modules_next_dist_1e8vcs8._.js:776
[  718641ms] [LOG] [Fast Refresh] done in 224ms @ http://localhost:3001/_next/static/chunks/node_modules_next_dist_1e8vcs8._.js:776
[  718703ms] [LOG] [Fast Refresh] done in 224ms @ http://localhost:3001/_next/static/chunks/node_modules_next_dist_1e8vcs8._.js:776
[  718767ms] [LOG] [Fast Refresh] done in 224ms @ http://localhost:3001/_next/static/chunks/node_modules_next_dist_1e8vcs8._.js:776
[  718830ms] [LOG] [Fast Refresh] done in 224ms @ http://localhost:3001/_next/static/chunks/node_modules_next_dist_1e8vcs8._.js:776
[  718892ms] [LOG] [Fast Refresh] done in 224ms @ http://localhost:3001/_next/static/chunks/node_modules_next_dist_1e8vcs8._.js:776
[  718955ms] [LOG] [Fast Refresh] done in 224ms @ http://localhost:3001/_next/static/chunks/node_modules_next_dist_1e8vcs8._.js:776
[  719019ms] [LOG] [Fast Refresh] done in 224ms @ http://localhost:3001/_next/static/chunks/node_modules_next_dist_1e8vcs8._.js:776
[  719080ms] [LOG] [Fast Refresh] done in 224ms @ http://localhost:3001/_next/static/chunks/node_modules_next_dist_1e8vcs8._.js:776
[  719143ms] [LOG] [Fast Refresh] done in 224ms @ http://localhost:3001/_next/static/chunks/node_modules_next_dist_1e8vcs8._.js:776
[  719207ms] [LOG] [Fast Refresh] done in 224ms @ http://localhost:3001/_next/static/chunks/node_modules_next_dist_1e8vcs8._.js:776
[  719270ms] [LOG] [Fast Refresh] done in 224ms @ http://localhost:3001/_next/static/chunks/node_modules_next_dist_1e8vcs8._.js:776
[  719332ms] [LOG] [Fast Refresh] done in 224ms @ http://localhost:3001/_next/static/chunks/node_modules_next_dist_1e8vcs8._.js:776
[  719396ms] [LOG] [Fast Refresh] done in 224ms @ http://localhost:3001/_next/static/chunks/node_modules_next_dist_1e8vcs8._.js:776
[  719460ms] [LOG] [Fast Refresh] done in 224ms @ http://localhost:3001/_next/static/chunks/node_modules_next_dist_1e8vcs8._.js:776
[  719522ms] [LOG] [Fast Refresh] done in 224ms @ http://localhost:3001/_next/static/chunks/node_modules_next_dist_1e8vcs8._.js:776
[  719586ms] [LOG] [Fast Refresh] done in 224ms @ http://localhost:3001/_next/static/chunks/node_modules_next_dist_1e8vcs8._.js:776
[  719647ms] [LOG] [Fast Refresh] done in 224ms @ http://localhost:3001/_next/static/chunks/node_modules_next_dist_1e8vcs8._.js:776
[  719709ms] [LOG] [Fast Refresh] done in 224ms @ http://localhost:3001/_next/static/chunks/node_modules_next_dist_1e8vcs8._.js:776
[  719772ms] [LOG] [Fast Refresh] done in 224ms @ http://localhost:3001/_next/static/chunks/node_modules_next_dist_1e8vcs8._.js:776
[  719836ms] [LOG] [Fast Refresh] done in 224ms @ http://localhost:3001/_next/static/chunks/node_modules_next_dist_1e8vcs8._.js:776
[  719897ms] [LOG] [Fast Refresh] done in 224ms @ http://localhost:3001/_next/static/chunks/node_modules_next_dist_1e8vcs8._.js:776
[  719961ms] [LOG] [Fast Refresh] done in 224ms @ http://localhost:3001/_next/static/chunks/node_modules_next_dist_1e8vcs8._.js:776
[  720025ms] [LOG] [Fast Refresh] done in 224ms @ http://localhost:3001/_next/static/chunks/node_modules_next_dist_1e8vcs8._.js:776
[  720088ms] [LOG] [Fast Refresh] done in 224ms @ http://localhost:3001/_next/static/chunks/node_modules_next_dist_1e8vcs8._.js:776
[  720150ms] [LOG] [Fast Refresh] done in 224ms @ http://localhost:3001/_next/static/chunks/node_modules_next_dist_1e8vcs8._.js:776
[  720213ms] [LOG] [Fast Refresh] done in 224ms @ http://localhost:3001/_next/static/chunks/node_modules_next_dist_1e8vcs8._.js:776
[  720275ms] [LOG] [Fast Refresh] done in 224ms @ http://localhost:3001/_next/static/chunks/node_modules_next_dist_1e8vcs8._.js:776
[  720339ms] [LOG] [Fast Refresh] done in 224ms @ http://localhost:3001/_next/static/chunks/node_modules_next_dist_1e8vcs8._.js:776
[  720402ms] [LOG] [Fast Refresh] done in 224ms @ http://localhost:3001/_next/static/chunks/node_modules_next_dist_1e8vcs8._.js:776
[  720465ms] [LOG] [Fast Refresh] done in 224ms @ http://localhost:3001/_next/static/chunks/node_modules_next_dist_1e8vcs8._.js:776
[  720529ms] [LOG] [Fast Refresh] done in 224ms @ http://localhost:3001/_next/static/chunks/node_modules_next_dist_1e8vcs8._.js:776
[  720592ms] [LOG] [Fast Refresh] done in 224ms @ http://localhost:3001/_next/static/chunks/node_modules_next_dist_1e8vcs8._.js:776
[  720654ms] [LOG] [Fast Refresh] done in 224ms @ http://localhost:3001/_next/static/chunks/node_modules_next_dist_1e8vcs8._.js:776
[  720717ms] [LOG] [Fast Refresh] done in 224ms @ http://localhost:3001/_next/static/chunks/node_modules_next_dist_1e8vcs8._.js:776
[  720779ms] [LOG] [Fast Refresh] done in 224ms @ http://localhost:3001/_next/static/chunks/node_modules_next_dist_1e8vcs8._.js:776
[  720843ms] [LOG] [Fast Refresh] done in 224ms @ http://localhost:3001/_next/static/chunks/node_modules_next_dist_1e8vcs8._.js:776
[  720903ms] [LOG] [Fast Refresh] done in 224ms @ http://localhost:3001/_next/static/chunks/node_modules_next_dist_1e8vcs8._.js:776
[  720966ms] [LOG] [Fast Refresh] done in 224ms @ http://localhost:3001/_next/static/chunks/node_modules_next_dist_1e8vcs8._.js:776
[  721029ms] [LOG] [Fast Refresh] done in 224ms @ http://localhost:3001/_next/static/chunks/node_modules_next_dist_1e8vcs8._.js:776
[  721093ms] [LOG] [Fast Refresh] done in 224ms @ http://localhost:3001/_next/static/chunks/node_modules_next_dist_1e8vcs8._.js:776
[  721155ms] [LOG] [Fast Refresh] done in 224ms @ http://localhost:3001/_next/static/chunks/node_modules_next_dist_1e8vcs8._.js:776
[  721217ms] [LOG] [Fast Refresh] done in 224ms @ http://localhost:3001/_next/static/chunks/node_modules_next_dist_1e8vcs8._.js:776
[  721279ms] [LOG] [Fast Refresh] done in 224ms @ http://localhost:3001/_next/static/chunks/node_modules_next_dist_1e8vcs8._.js:776
[  721344ms] [LOG] [Fast Refresh] done in 224ms @ http://localhost:3001/_next/static/chunks/node_modules_next_dist_1e8vcs8._.js:776
[  721407ms] [LOG] [Fast Refresh] done in 224ms @ http://localhost:3001/_next/static/chunks/node_modules_next_dist_1e8vcs8._.js:776
[  721470ms] [LOG] [Fast Refresh] done in 224ms @ http://localhost:3001/_next/static/chunks/node_modules_next_dist_1e8vcs8._.js:776
[  721532ms] [LOG] [Fast Refresh] done in 224ms @ http://localhost:3001/_next/static/chunks/node_modules_next_dist_1e8vcs8._.js:776
[  721594ms] [LOG] [Fast Refresh] done in 224ms @ http://localhost:3001/_next/static/chunks/node_modules_next_dist_1e8vcs8._.js:776
[  721658ms] [LOG] [Fast Refresh] done in 224ms @ http://localhost:3001/_next/static/chunks/node_modules_next_dist_1e8vcs8._.js:776
[  721721ms] [LOG] [Fast Refresh] done in 224ms @ http://localhost:3001/_next/static/chunks/node_modules_next_dist_1e8vcs8._.js:776
[  721782ms] [LOG] [Fast Refresh] done in 224ms @ http://localhost:3001/_next/static/chunks/node_modules_next_dist_1e8vcs8._.js:776
[  721845ms] [LOG] [Fast Refresh] done in 224ms @ http://localhost:3001/_next/static/chunks/node_modules_next_dist_1e8vcs8._.js:776
[  721908ms] [LOG] [Fast Refresh] done in 224ms @ http://localhost:3001/_next/static/chunks/node_modules_next_dist_1e8vcs8._.js:776
[  721971ms] [LOG] [Fast Refresh] done in 224ms @ http://localhost:3001/_next/static/chunks/node_modules_next_dist_1e8vcs8._.js:776
[  722033ms] [LOG] [Fast Refresh] done in 224ms @ http://localhost:3001/_next/static/chunks/node_modules_next_dist_1e8vcs8._.js:776
[  722095ms] [LOG] [Fast Refresh] done in 224ms @ http://localhost:3001/_next/static/chunks/node_modules_next_dist_1e8vcs8._.js:776
[  722158ms] [LOG] [Fast Refresh] done in 224ms @ http://localhost:3001/_next/static/chunks/node_modules_next_dist_1e8vcs8._.js:776
[  722220ms] [LOG] [Fast Refresh] done in 224ms @ http://localhost:3001/_next/static/chunks/node_modules_next_dist_1e8vcs8._.js:776
[  722283ms] [LOG] [Fast Refresh] done in 224ms @ http://localhost:3001/_next/static/chunks/node_modules_next_dist_1e8vcs8._.js:776
[  722347ms] [LOG] [Fast Refresh] done in 224ms @ http://localhost:3001/_next/static/chunks/node_modules_next_dist_1e8vcs8._.js:776
[  722409ms] [LOG] [Fast Refresh] done in 224ms @ http://localhost:3001/_next/static/chunks/node_modules_next_dist_1e8vcs8._.js:776
[  722463ms] [LOG] [Fast Refresh] done in 224ms @ http://localhost:3001/_next/static/chunks/node_modules_next_dist_1e8vcs8._.js:776
[  722520ms] [LOG] [Fast Refresh] done in 224ms @ http://localhost:3001/_next/static/chunks/node_modules_next_dist_1e8vcs8._.js:776
[  722581ms] [LOG] [Fast Refresh] done in 224ms @ http://localhost:3001/_next/static/chunks/node_modules_next_dist_1e8vcs8._.js:776
[  722644ms] [LOG] [Fast Refresh] done in 224ms @ http://localhost:3001/_next/static/chunks/node_modules_next_dist_1e8vcs8._.js:776
[  722706ms] [LOG] [Fast Refresh] done in 224ms @ http://localhost:3001/_next/static/chunks/node_modules_next_dist_1e8vcs8._.js:776
[  722768ms] [LOG] [Fast Refresh] done in 224ms @ http://localhost:3001/_next/static/chunks/node_modules_next_dist_1e8vcs8._.js:776
[  722831ms] [LOG] [Fast Refresh] done in 224ms @ http://localhost:3001/_next/static/chunks/node_modules_next_dist_1e8vcs8._.js:776
[  722894ms] [LOG] [Fast Refresh] done in 224ms @ http://localhost:3001/_next/static/chunks/node_modules_next_dist_1e8vcs8._.js:776
[  722956ms] [LOG] [Fast Refresh] done in 224ms @ http://localhost:3001/_next/static/chunks/node_modules_next_dist_1e8vcs8._.js:776
[  723017ms] [LOG] [Fast Refresh] done in 224ms @ http://localhost:3001/_next/static/chunks/node_modules_next_dist_1e8vcs8._.js:776
[  723080ms] [LOG] [Fast Refresh] done in 224ms @ http://localhost:3001/_next/static/chunks/node_modules_next_dist_1e8vcs8._.js:776
[  723142ms] [LOG] [Fast Refresh] done in 224ms @ http://localhost:3001/_next/static/chunks/node_modules_next_dist_1e8vcs8._.js:776
[  723204ms] [LOG] [Fast Refresh] done in 224ms @ http://localhost:3001/_next/static/chunks/node_modules_next_dist_1e8vcs8._.js:776
[  723267ms] [LOG] [Fast Refresh] done in 224ms @ http://localhost:3001/_next/static/chunks/node_modules_next_dist_1e8vcs8._.js:776
[  723330ms] [LOG] [Fast Refresh] done in 224ms @ http://localhost:3001/_next/static/chunks/node_modules_next_dist_1e8vcs8._.js:776
[  723393ms] [LOG] [Fast Refresh] done in 224ms @ http://localhost:3001/_next/static/chunks/node_modules_next_dist_1e8vcs8._.js:776
[  723457ms] [LOG] [Fast Refresh] done in 224ms @ http://localhost:3001/_next/static/chunks/node_modules_next_dist_1e8vcs8._.js:776
[  723520ms] [LOG] [Fast Refresh] done in 224ms @ http://localhost:3001/_next/static/chunks/node_modules_next_dist_1e8vcs8._.js:776
[  723582ms] [LOG] [Fast Refresh] done in 224ms @ http://localhost:3001/_next/static/chunks/node_modules_next_dist_1e8vcs8._.js:776
[  723643ms] [LOG] [Fast Refresh] done in 224ms @ http://localhost:3001/_next/static/chunks/node_modules_next_dist_1e8vcs8._.js:776
[  723706ms] [LOG] [Fast Refresh] done in 224ms @ http://localhost:3001/_next/static/chunks/node_modules_next_dist_1e8vcs8._.js:776
[  723769ms] [LOG] [Fast Refresh] done in 224ms @ http://localhost:3001/_next/static/chunks/node_modules_next_dist_1e8vcs8._.js:776
[  723831ms] [LOG] [Fast Refresh] done in 224ms @ http://localhost:3001/_next/static/chunks/node_modules_next_dist_1e8vcs8._.js:776
[  723893ms] [LOG] [Fast Refresh] done in 224ms @ http://localhost:3001/_next/static/chunks/node_modules_next_dist_1e8vcs8._.js:776
[  723955ms] [LOG] [Fast Refresh] done in 224ms @ http://localhost:3001/_next/static/chunks/node_modules_next_dist_1e8vcs8._.js:776
[  724017ms] [LOG] [Fast Refresh] done in 224ms @ http://localhost:3001/_next/static/chunks/node_modules_next_dist_1e8vcs8._.js:776
[  724081ms] [LOG] [Fast Refresh] done in 224ms @ http://localhost:3001/_next/static/chunks/node_modules_next_dist_1e8vcs8._.js:776
[  724145ms] [LOG] [Fast Refresh] done in 224ms @ http://localhost:3001/_next/static/chunks/node_modules_next_dist_1e8vcs8._.js:776
[  724208ms] [LOG] [Fast Refresh] done in 224ms @ http://localhost:3001/_next/static/chunks/node_modules_next_dist_1e8vcs8._.js:776
[  724270ms] [LOG] [Fast Refresh] done in 224ms @ http://localhost:3001/_next/static/chunks/node_modules_next_dist_1e8vcs8._.js:776
[  724334ms] [LOG] [Fast Refresh] done in 224ms @ http://localhost:3001/_next/static/chunks/node_modules_next_dist_1e8vcs8._.js:776
[  724398ms] [LOG] [Fast Refresh] done in 224ms @ http://localhost:3001/_next/static/chunks/node_modules_next_dist_1e8vcs8._.js:776
[  724460ms] [LOG] [Fast Refresh] done in 224ms @ http://localhost:3001/_next/static/chunks/node_modules_next_dist_1e8vcs8._.js:776
[  724523ms] [LOG] [Fast Refresh] done in 224ms @ http://localhost:3001/_next/static/chunks/node_modules_next_dist_1e8vcs8._.js:776
[  724585ms] [LOG] [Fast Refresh] done in 224ms @ http://localhost:3001/_next/static/chunks/node_modules_next_dist_1e8vcs8._.js:776
[  724647ms] [LOG] [Fast Refresh] done in 224ms @ http://localhost:3001/_next/static/chunks/node_modules_next_dist_1e8vcs8._.js:776
[  724710ms] [LOG] [Fast Refresh] done in 224ms @ http://localhost:3001/_next/static/chunks/node_modules_next_dist_1e8vcs8._.js:776
[  724773ms] [LOG] [Fast Refresh] done in 224ms @ http://localhost:3001/_next/static/chunks/node_modules_next_dist_1e8vcs8._.js:776
[  724837ms] [LOG] [Fast Refresh] done in 224ms @ http://localhost:3001/_next/static/chunks/node_modules_next_dist_1e8vcs8._.js:776
[  724899ms] [LOG] [Fast Refresh] done in 224ms @ http://localhost:3001/_next/static/chunks/node_modules_next_dist_1e8vcs8._.js:776
[  724962ms] [LOG] [Fast Refresh] done in 224ms @ http://localhost:3001/_next/static/chunks/node_modules_next_dist_1e8vcs8._.js:776
[  725024ms] [LOG] [Fast Refresh] done in 224ms @ http://localhost:3001/_next/static/chunks/node_modules_next_dist_1e8vcs8._.js:776
[  725087ms] [LOG] [Fast Refresh] done in 224ms @ http://localhost:3001/_next/static/chunks/node_modules_next_dist_1e8vcs8._.js:776
[  725150ms] [LOG] [Fast Refresh] done in 224ms @ http://localhost:3001/_next/static/chunks/node_modules_next_dist_1e8vcs8._.js:776
[  725212ms] [LOG] [Fast Refresh] done in 224ms @ http://localhost:3001/_next/static/chunks/node_modules_next_dist_1e8vcs8._.js:776
[  725274ms] [LOG] [Fast Refresh] done in 224ms @ http://localhost:3001/_next/static/chunks/node_modules_next_dist_1e8vcs8._.js:776
[  725338ms] [LOG] [Fast Refresh] done in 224ms @ http://localhost:3001/_next/static/chunks/node_modules_next_dist_1e8vcs8._.js:776
[  725401ms] [LOG] [Fast Refresh] done in 224ms @ http://localhost:3001/_next/static/chunks/node_modules_next_dist_1e8vcs8._.js:776
[  725463ms] [LOG] [Fast Refresh] done in 224ms @ http://localhost:3001/_next/static/chunks/node_modules_next_dist_1e8vcs8._.js:776
[  725526ms] [LOG] [Fast Refresh] done in 224ms @ http://localhost:3001/_next/static/chunks/node_modules_next_dist_1e8vcs8._.js:776
[  725588ms] [LOG] [Fast Refresh] done in 224ms @ http://localhost:3001/_next/static/chunks/node_modules_next_dist_1e8vcs8._.js:776
[  725650ms] [LOG] [Fast Refresh] done in 224ms @ http://localhost:3001/_next/static/chunks/node_modules_next_dist_1e8vcs8._.js:776
[  725711ms] [LOG] [Fast Refresh] done in 224ms @ http://localhost:3001/_next/static/chunks/node_modules_next_dist_1e8vcs8._.js:776
[  725772ms] [LOG] [Fast Refresh] done in 224ms @ http://localhost:3001/_next/static/chunks/node_modules_next_dist_1e8vcs8._.js:776
[  725835ms] [LOG] [Fast Refresh] done in 224ms @ http://localhost:3001/_next/static/chunks/node_modules_next_dist_1e8vcs8._.js:776
[  725897ms] [LOG] [Fast Refresh] done in 224ms @ http://localhost:3001/_next/static/chunks/node_modules_next_dist_1e8vcs8._.js:776
[  725959ms] [LOG] [Fast Refresh] done in 224ms @ http://localhost:3001/_next/static/chunks/node_modules_next_dist_1e8vcs8._.js:776
[  726022ms] [LOG] [Fast Refresh] done in 224ms @ http://localhost:3001/_next/static/chunks/node_modules_next_dist_1e8vcs8._.js:776
[  726100ms] [LOG] [Fast Refresh] done in 224ms @ http://localhost:3001/_next/static/chunks/node_modules_next_dist_1e8vcs8._.js:776
[  726164ms] [LOG] [Fast Refresh] done in 224ms @ http://localhost:3001/_next/static/chunks/node_modules_next_dist_1e8vcs8._.js:776
[  726228ms] [LOG] [Fast Refresh] done in 224ms @ http://localhost:3001/_next/static/chunks/node_modules_next_dist_1e8vcs8._.js:776
[  726289ms] [LOG] [Fast Refresh] done in 224ms @ http://localhost:3001/_next/static/chunks/node_modules_next_dist_1e8vcs8._.js:776
[  726351ms] [LOG] [Fast Refresh] done in 224ms @ http://localhost:3001/_next/static/chunks/node_modules_next_dist_1e8vcs8._.js:776
[  726415ms] [LOG] [Fast Refresh] done in 224ms @ http://localhost:3001/_next/static/chunks/node_modules_next_dist_1e8vcs8._.js:776
[  726478ms] [LOG] [Fast Refresh] done in 224ms @ http://localhost:3001/_next/static/chunks/node_modules_next_dist_1e8vcs8._.js:776
[  726541ms] [LOG] [Fast Refresh] done in 224ms @ http://localhost:3001/_next/static/chunks/node_modules_next_dist_1e8vcs8._.js:776
[  726605ms] [LOG] [Fast Refresh] done in 224ms @ http://localhost:3001/_next/static/chunks/node_modules_next_dist_1e8vcs8._.js:776
[  726668ms] [LOG] [Fast Refresh] done in 224ms @ http://localhost:3001/_next/static/chunks/node_modules_next_dist_1e8vcs8._.js:776
[  726731ms] [LOG] [Fast Refresh] done in 224ms @ http://localhost:3001/_next/static/chunks/node_modules_next_dist_1e8vcs8._.js:776
[  726795ms] [LOG] [Fast Refresh] done in 224ms @ http://localhost:3001/_next/static/chunks/node_modules_next_dist_1e8vcs8._.js:776
[  726857ms] [LOG] [Fast Refresh] done in 224ms @ http://localhost:3001/_next/static/chunks/node_modules_next_dist_1e8vcs8._.js:776
[  726919ms] [LOG] [Fast Refresh] done in 224ms @ http://localhost:3001/_next/static/chunks/node_modules_next_dist_1e8vcs8._.js:776
[  726982ms] [LOG] [Fast Refresh] done in 224ms @ http://localhost:3001/_next/static/chunks/node_modules_next_dist_1e8vcs8._.js:776
[  727046ms] [LOG] [Fast Refresh] done in 224ms @ http://localhost:3001/_next/static/chunks/node_modules_next_dist_1e8vcs8._.js:776
[  727108ms] [LOG] [Fast Refresh] done in 224ms @ http://localhost:3001/_next/static/chunks/node_modules_next_dist_1e8vcs8._.js:776
[  727171ms] [LOG] [Fast Refresh] done in 224ms @ http://localhost:3001/_next/static/chunks/node_modules_next_dist_1e8vcs8._.js:776
[  727235ms] [LOG] [Fast Refresh] done in 224ms @ http://localhost:3001/_next/static/chunks/node_modules_next_dist_1e8vcs8._.js:776
[  727297ms] [LOG] [Fast Refresh] done in 224ms @ http://localhost:3001/_next/static/chunks/node_modules_next_dist_1e8vcs8._.js:776
[  727359ms] [LOG] [Fast Refresh] done in 224ms @ http://localhost:3001/_next/static/chunks/node_modules_next_dist_1e8vcs8._.js:776
[  727422ms] [LOG] [Fast Refresh] done in 224ms @ http://localhost:3001/_next/static/chunks/node_modules_next_dist_1e8vcs8._.js:776
[  727485ms] [LOG] [Fast Refresh] done in 224ms @ http://localhost:3001/_next/static/chunks/node_modules_next_dist_1e8vcs8._.js:776
[  727548ms] [LOG] [Fast Refresh] done in 224ms @ http://localhost:3001/_next/static/chunks/node_modules_next_dist_1e8vcs8._.js:776
[  727612ms] [LOG] [Fast Refresh] done in 224ms @ http://localhost:3001/_next/static/chunks/node_modules_next_dist_1e8vcs8._.js:776
[  727674ms] [LOG] [Fast Refresh] done in 224ms @ http://localhost:3001/_next/static/chunks/node_modules_next_dist_1e8vcs8._.js:776
[  727737ms] [LOG] [Fast Refresh] done in 224ms @ http://localhost:3001/_next/static/chunks/node_modules_next_dist_1e8vcs8._.js:776
[  727799ms] [LOG] [Fast Refresh] done in 224ms @ http://localhost:3001/_next/static/chunks/node_modules_next_dist_1e8vcs8._.js:776
[  727862ms] [LOG] [Fast Refresh] done in 224ms @ http://localhost:3001/_next/static/chunks/node_modules_next_dist_1e8vcs8._.js:776
[  727926ms] [LOG] [Fast Refresh] done in 224ms @ http://localhost:3001/_next/static/chunks/node_modules_next_dist_1e8vcs8._.js:776
[  727988ms] [LOG] [Fast Refresh] done in 224ms @ http://localhost:3001/_next/static/chunks/node_modules_next_dist_1e8vcs8._.js:776
[  728051ms] [LOG] [Fast Refresh] done in 224ms @ http://localhost:3001/_next/static/chunks/node_modules_next_dist_1e8vcs8._.js:776
[  728114ms] [LOG] [Fast Refresh] done in 224ms @ http://localhost:3001/_next/static/chunks/node_modules_next_dist_1e8vcs8._.js:776
[  728177ms] [LOG] [Fast Refresh] done in 224ms @ http://localhost:3001/_next/static/chunks/node_modules_next_dist_1e8vcs8._.js:776
[  728240ms] [LOG] [Fast Refresh] done in 224ms @ http://localhost:3001/_next/static/chunks/node_modules_next_dist_1e8vcs8._.js:776
[  728303ms] [LOG] [Fast Refresh] done in 224ms @ http://localhost:3001/_next/static/chunks/node_modules_next_dist_1e8vcs8._.js:776
[  728363ms] [LOG] [Fast Refresh] done in 224ms @ http://localhost:3001/_next/static/chunks/node_modules_next_dist_1e8vcs8._.js:776
[  728426ms] [LOG] [Fast Refresh] done in 224ms @ http://localhost:3001/_next/static/chunks/node_modules_next_dist_1e8vcs8._.js:776
[  728489ms] [LOG] [Fast Refresh] done in 224ms @ http://localhost:3001/_next/static/chunks/node_modules_next_dist_1e8vcs8._.js:776
[  728552ms] [LOG] [Fast Refresh] done in 224ms @ http://localhost:3001/_next/static/chunks/node_modules_next_dist_1e8vcs8._.js:776
[  728614ms] [LOG] [Fast Refresh] done in 224ms @ http://localhost:3001/_next/static/chunks/node_modules_next_dist_1e8vcs8._.js:776
[  728677ms] [LOG] [Fast Refresh] done in 224ms @ http://localhost:3001/_next/static/chunks/node_modules_next_dist_1e8vcs8._.js:776
[  728739ms] [LOG] [Fast Refresh] done in 224ms @ http://localhost:3001/_next/static/chunks/node_modules_next_dist_1e8vcs8._.js:776
[  728802ms] [LOG] [Fast Refresh] done in 224ms @ http://localhost:3001/_next/static/chunks/node_modules_next_dist_1e8vcs8._.js:776
[  728865ms] [LOG] [Fast Refresh] done in 224ms @ http://localhost:3001/_next/static/chunks/node_modules_next_dist_1e8vcs8._.js:776
[  728929ms] [LOG] [Fast Refresh] done in 224ms @ http://localhost:3001/_next/static/chunks/node_modules_next_dist_1e8vcs8._.js:776
[  728992ms] [LOG] [Fast Refresh] done in 224ms @ http://localhost:3001/_next/static/chunks/node_modules_next_dist_1e8vcs8._.js:776
[  729054ms] [LOG] [Fast Refresh] done in 224ms @ http://localhost:3001/_next/static/chunks/node_modules_next_dist_1e8vcs8._.js:776
[  729118ms] [LOG] [Fast Refresh] done in 224ms @ http://localhost:3001/_next/static/chunks/node_modules_next_dist_1e8vcs8._.js:776
[  729180ms] [LOG] [Fast Refresh] done in 224ms @ http://localhost:3001/_next/static/chunks/node_modules_next_dist_1e8vcs8._.js:776
[  729242ms] [LOG] [Fast Refresh] done in 224ms @ http://localhost:3001/_next/static/chunks/node_modules_next_dist_1e8vcs8._.js:776
[  729305ms] [LOG] [Fast Refresh] done in 224ms @ http://localhost:3001/_next/static/chunks/node_modules_next_dist_1e8vcs8._.js:776
[  729367ms] [LOG] [Fast Refresh] done in 224ms @ http://localhost:3001/_next/static/chunks/node_modules_next_dist_1e8vcs8._.js:776
[  729429ms] [LOG] [Fast Refresh] done in 224ms @ http://localhost:3001/_next/static/chunks/node_modules_next_dist_1e8vcs8._.js:776
[  729493ms] [LOG] [Fast Refresh] done in 224ms @ http://localhost:3001/_next/static/chunks/node_modules_next_dist_1e8vcs8._.js:776
[  729557ms] [LOG] [Fast Refresh] done in 224ms @ http://localhost:3001/_next/static/chunks/node_modules_next_dist_1e8vcs8._.js:776
[  729620ms] [LOG] [Fast Refresh] done in 224ms @ http://localhost:3001/_next/static/chunks/node_modules_next_dist_1e8vcs8._.js:776
[  729684ms] [LOG] [Fast Refresh] done in 224ms @ http://localhost:3001/_next/static/chunks/node_modules_next_dist_1e8vcs8._.js:776
[  729746ms] [LOG] [Fast Refresh] done in 224ms @ http://localhost:3001/_next/static/chunks/node_modules_next_dist_1e8vcs8._.js:776
[  729809ms] [LOG] [Fast Refresh] done in 224ms @ http://localhost:3001/_next/static/chunks/node_modules_next_dist_1e8vcs8._.js:776
[  729871ms] [LOG] [Fast Refresh] done in 224ms @ http://localhost:3001/_next/static/chunks/node_modules_next_dist_1e8vcs8._.js:776
[  729933ms] [LOG] [Fast Refresh] done in 224ms @ http://localhost:3001/_next/static/chunks/node_modules_next_dist_1e8vcs8._.js:776
[  729996ms] [LOG] [Fast Refresh] done in 224ms @ http://localhost:3001/_next/static/chunks/node_modules_next_dist_1e8vcs8._.js:776
[  730061ms] [LOG] [Fast Refresh] done in 224ms @ http://localhost:3001/_next/static/chunks/node_modules_next_dist_1e8vcs8._.js:776
[  730123ms] [LOG] [Fast Refresh] done in 224ms @ http://localhost:3001/_next/static/chunks/node_modules_next_dist_1e8vcs8._.js:776
[  730187ms] [LOG] [Fast Refresh] done in 224ms @ http://localhost:3001/_next/static/chunks/node_modules_next_dist_1e8vcs8._.js:776
[  730248ms] [LOG] [Fast Refresh] done in 224ms @ http://localhost:3001/_next/static/chunks/node_modules_next_dist_1e8vcs8._.js:776
[  730311ms] [LOG] [Fast Refresh] done in 224ms @ http://localhost:3001/_next/static/chunks/node_modules_next_dist_1e8vcs8._.js:776
[  730374ms] [LOG] [Fast Refresh] done in 224ms @ http://localhost:3001/_next/static/chunks/node_modules_next_dist_1e8vcs8._.js:776
[  730434ms] [LOG] [Fast Refresh] done in 224ms @ http://localhost:3001/_next/static/chunks/node_modules_next_dist_1e8vcs8._.js:776
[  730497ms] [LOG] [Fast Refresh] done in 224ms @ http://localhost:3001/_next/static/chunks/node_modules_next_dist_1e8vcs8._.js:776
[  730559ms] [LOG] [Fast Refresh] done in 224ms @ http://localhost:3001/_next/static/chunks/node_modules_next_dist_1e8vcs8._.js:776
[  730621ms] [LOG] [Fast Refresh] done in 224ms @ http://localhost:3001/_next/static/chunks/node_modules_next_dist_1e8vcs8._.js:776
[  730684ms] [LOG] [Fast Refresh] done in 224ms @ http://localhost:3001/_next/static/chunks/node_modules_next_dist_1e8vcs8._.js:776
[  730746ms] [LOG] [Fast Refresh] done in 224ms @ http://localhost:3001/_next/static/chunks/node_modules_next_dist_1e8vcs8._.js:776
[  730808ms] [LOG] [Fast Refresh] done in 224ms @ http://localhost:3001/_next/static/chunks/node_modules_next_dist_1e8vcs8._.js:776
[  730871ms] [LOG] [Fast Refresh] done in 224ms @ http://localhost:3001/_next/static/chunks/node_modules_next_dist_1e8vcs8._.js:776
[  730932ms] [LOG] [Fast Refresh] done in 224ms @ http://localhost:3001/_next/static/chunks/node_modules_next_dist_1e8vcs8._.js:776
[  730995ms] [LOG] [Fast Refresh] done in 224ms @ http://localhost:3001/_next/static/chunks/node_modules_next_dist_1e8vcs8._.js:776
[  731057ms] [LOG] [Fast Refresh] done in 224ms @ http://localhost:3001/_next/static/chunks/node_modules_next_dist_1e8vcs8._.js:776
[  731121ms] [LOG] [Fast Refresh] done in 224ms @ http://localhost:3001/_next/static/chunks/node_modules_next_dist_1e8vcs8._.js:776
[  731182ms] [LOG] [Fast Refresh] done in 224ms @ http://localhost:3001/_next/static/chunks/node_modules_next_dist_1e8vcs8._.js:776
[  731245ms] [LOG] [Fast Refresh] done in 224ms @ http://localhost:3001/_next/static/chunks/node_modules_next_dist_1e8vcs8._.js:776
[  731308ms] [LOG] [Fast Refresh] done in 224ms @ http://localhost:3001/_next/static/chunks/node_modules_next_dist_1e8vcs8._.js:776
[  731369ms] [LOG] [Fast Refresh] done in 224ms @ http://localhost:3001/_next/static/chunks/node_modules_next_dist_1e8vcs8._.js:776
[  731431ms] [LOG] [Fast Refresh] done in 224ms @ http://localhost:3001/_next/static/chunks/node_modules_next_dist_1e8vcs8._.js:776
[  731494ms] [LOG] [Fast Refresh] done in 224ms @ http://localhost:3001/_next/static/chunks/node_modules_next_dist_1e8vcs8._.js:776
[  731556ms] [LOG] [Fast Refresh] done in 224ms @ http://localhost:3001/_next/static/chunks/node_modules_next_dist_1e8vcs8._.js:776
[  731619ms] [LOG] [Fast Refresh] done in 224ms @ http://localhost:3001/_next/static/chunks/node_modules_next_dist_1e8vcs8._.js:776
[  731681ms] [LOG] [Fast Refresh] done in 224ms @ http://localhost:3001/_next/static/chunks/node_modules_next_dist_1e8vcs8._.js:776
[  731741ms] [LOG] [Fast Refresh] done in 224ms @ http://localhost:3001/_next/static/chunks/node_modules_next_dist_1e8vcs8._.js:776
[  731802ms] [LOG] [Fast Refresh] done in 224ms @ http://localhost:3001/_next/static/chunks/node_modules_next_dist_1e8vcs8._.js:776
[  731865ms] [LOG] [Fast Refresh] done in 224ms @ http://localhost:3001/_next/static/chunks/node_modules_next_dist_1e8vcs8._.js:776
[  731928ms] [LOG] [Fast Refresh] done in 224ms @ http://localhost:3001/_next/static/chunks/node_modules_next_dist_1e8vcs8._.js:776
[  731992ms] [LOG] [Fast Refresh] done in 224ms @ http://localhost:3001/_next/static/chunks/node_modules_next_dist_1e8vcs8._.js:776
[  732055ms] [LOG] [Fast Refresh] done in 224ms @ http://localhost:3001/_next/static/chunks/node_modules_next_dist_1e8vcs8._.js:776
[  732118ms] [LOG] [Fast Refresh] done in 224ms @ http://localhost:3001/_next/static/chunks/node_modules_next_dist_1e8vcs8._.js:776
[  732181ms] [LOG] [Fast Refresh] done in 224ms @ http://localhost:3001/_next/static/chunks/node_modules_next_dist_1e8vcs8._.js:776
[  732246ms] [LOG] [Fast Refresh] done in 224ms @ http://localhost:3001/_next/static/chunks/node_modules_next_dist_1e8vcs8._.js:776
[  732307ms] [LOG] [Fast Refresh] done in 224ms @ http://localhost:3001/_next/static/chunks/node_modules_next_dist_1e8vcs8._.js:776
[  732369ms] [LOG] [Fast Refresh] done in 224ms @ http://localhost:3001/_next/static/chunks/node_modules_next_dist_1e8vcs8._.js:776
[  732432ms] [LOG] [Fast Refresh] done in 224ms @ http://localhost:3001/_next/static/chunks/node_modules_next_dist_1e8vcs8._.js:776
[  732494ms] [LOG] [Fast Refresh] done in 224ms @ http://localhost:3001/_next/static/chunks/node_modules_next_dist_1e8vcs8._.js:776
[  732557ms] [LOG] [Fast Refresh] done in 224ms @ http://localhost:3001/_next/static/chunks/node_modules_next_dist_1e8vcs8._.js:776
[  732621ms] [LOG] [Fast Refresh] done in 224ms @ http://localhost:3001/_next/static/chunks/node_modules_next_dist_1e8vcs8._.js:776
[  732685ms] [LOG] [Fast Refresh] done in 224ms @ http://localhost:3001/_next/static/chunks/node_modules_next_dist_1e8vcs8._.js:776
[  732747ms] [LOG] [Fast Refresh] done in 224ms @ http://localhost:3001/_next/static/chunks/node_modules_next_dist_1e8vcs8._.js:776
[  732810ms] [LOG] [Fast Refresh] done in 224ms @ http://localhost:3001/_next/static/chunks/node_modules_next_dist_1e8vcs8._.js:776
[  732873ms] [LOG] [Fast Refresh] done in 224ms @ http://localhost:3001/_next/static/chunks/node_modules_next_dist_1e8vcs8._.js:776
[  732964ms] [LOG] [Fast Refresh] done in 224ms @ http://localhost:3001/_next/static/chunks/node_modules_next_dist_1e8vcs8._.js:776
[  733030ms] [LOG] [Fast Refresh] done in 224ms @ http://localhost:3001/_next/static/chunks/node_modules_next_dist_1e8vcs8._.js:776
[  733093ms] [LOG] [Fast Refresh] done in 224ms @ http://localhost:3001/_next/static/chunks/node_modules_next_dist_1e8vcs8._.js:776
[  733155ms] [LOG] [Fast Refresh] done in 224ms @ http://localhost:3001/_next/static/chunks/node_modules_next_dist_1e8vcs8._.js:776
[  733216ms] [LOG] [Fast Refresh] done in 224ms @ http://localhost:3001/_next/static/chunks/node_modules_next_dist_1e8vcs8._.js:776
[  733279ms] [LOG] [Fast Refresh] done in 224ms @ http://localhost:3001/_next/static/chunks/node_modules_next_dist_1e8vcs8._.js:776
[  733340ms] [LOG] [Fast Refresh] done in 224ms @ http://localhost:3001/_next/static/chunks/node_modules_next_dist_1e8vcs8._.js:776
[  733401ms] [LOG] [Fast Refresh] done in 224ms @ http://localhost:3001/_next/static/chunks/node_modules_next_dist_1e8vcs8._.js:776
[  733465ms] [LOG] [Fast Refresh] done in 224ms @ http://localhost:3001/_next/static/chunks/node_modules_next_dist_1e8vcs8._.js:776
[  733527ms] [LOG] [Fast Refresh] done in 224ms @ http://localhost:3001/_next/static/chunks/node_modules_next_dist_1e8vcs8._.js:776
[  733589ms] [LOG] [Fast Refresh] done in 224ms @ http://localhost:3001/_next/static/chunks/node_modules_next_dist_1e8vcs8._.js:776
[  733650ms] [LOG] [Fast Refresh] done in 224ms @ http://localhost:3001/_next/static/chunks/node_modules_next_dist_1e8vcs8._.js:776
[  733711ms] [LOG] [Fast Refresh] done in 224ms @ http://localhost:3001/_next/static/chunks/node_modules_next_dist_1e8vcs8._.js:776
[  733774ms] [LOG] [Fast Refresh] done in 224ms @ http://localhost:3001/_next/static/chunks/node_modules_next_dist_1e8vcs8._.js:776
[  733836ms] [LOG] [Fast Refresh] done in 224ms @ http://localhost:3001/_next/static/chunks/node_modules_next_dist_1e8vcs8._.js:776
[  733898ms] [LOG] [Fast Refresh] done in 224ms @ http://localhost:3001/_next/static/chunks/node_modules_next_dist_1e8vcs8._.js:776
[  733961ms] [LOG] [Fast Refresh] done in 224ms @ http://localhost:3001/_next/static/chunks/node_modules_next_dist_1e8vcs8._.js:776
[  734022ms] [LOG] [Fast Refresh] done in 224ms @ http://localhost:3001/_next/static/chunks/node_modules_next_dist_1e8vcs8._.js:776
[  734085ms] [LOG] [Fast Refresh] done in 224ms @ http://localhost:3001/_next/static/chunks/node_modules_next_dist_1e8vcs8._.js:776
[  734149ms] [LOG] [Fast Refresh] done in 224ms @ http://localhost:3001/_next/static/chunks/node_modules_next_dist_1e8vcs8._.js:776
[  734211ms] [LOG] [Fast Refresh] done in 224ms @ http://localhost:3001/_next/static/chunks/node_modules_next_dist_1e8vcs8._.js:776
[  734275ms] [LOG] [Fast Refresh] done in 224ms @ http://localhost:3001/_next/static/chunks/node_modules_next_dist_1e8vcs8._.js:776
[  734338ms] [LOG] [Fast Refresh] done in 224ms @ http://localhost:3001/_next/static/chunks/node_modules_next_dist_1e8vcs8._.js:776
[  734398ms] [LOG] [Fast Refresh] done in 224ms @ http://localhost:3001/_next/static/chunks/node_modules_next_dist_1e8vcs8._.js:776
[  734463ms] [LOG] [Fast Refresh] done in 224ms @ http://localhost:3001/_next/static/chunks/node_modules_next_dist_1e8vcs8._.js:776
[  734525ms] [LOG] [Fast Refresh] done in 224ms @ http://localhost:3001/_next/static/chunks/node_modules_next_dist_1e8vcs8._.js:776
[  734587ms] [LOG] [Fast Refresh] done in 224ms @ http://localhost:3001/_next/static/chunks/node_modules_next_dist_1e8vcs8._.js:776
[  734650ms] [LOG] [Fast Refresh] done in 224ms @ http://localhost:3001/_next/static/chunks/node_modules_next_dist_1e8vcs8._.js:776
[  734713ms] [LOG] [Fast Refresh] done in 224ms @ http://localhost:3001/_next/static/chunks/node_modules_next_dist_1e8vcs8._.js:776
[  734776ms] [LOG] [Fast Refresh] done in 224ms @ http://localhost:3001/_next/static/chunks/node_modules_next_dist_1e8vcs8._.js:776
[  734838ms] [LOG] [Fast Refresh] done in 224ms @ http://localhost:3001/_next/static/chunks/node_modules_next_dist_1e8vcs8._.js:776
[  734902ms] [LOG] [Fast Refresh] done in 224ms @ http://localhost:3001/_next/static/chunks/node_modules_next_dist_1e8vcs8._.js:776
[  734965ms] [LOG] [Fast Refresh] done in 224ms @ http://localhost:3001/_next/static/chunks/node_modules_next_dist_1e8vcs8._.js:776
[  735028ms] [LOG] [Fast Refresh] done in 224ms @ http://localhost:3001/_next/static/chunks/node_modules_next_dist_1e8vcs8._.js:776
[  735093ms] [LOG] [Fast Refresh] done in 224ms @ http://localhost:3001/_next/static/chunks/node_modules_next_dist_1e8vcs8._.js:776
[  735157ms] [LOG] [Fast Refresh] done in 224ms @ http://localhost:3001/_next/static/chunks/node_modules_next_dist_1e8vcs8._.js:776
[  735219ms] [LOG] [Fast Refresh] done in 224ms @ http://localhost:3001/_next/static/chunks/node_modules_next_dist_1e8vcs8._.js:776
[  735282ms] [LOG] [Fast Refresh] done in 224ms @ http://localhost:3001/_next/static/chunks/node_modules_next_dist_1e8vcs8._.js:776
[  735346ms] [LOG] [Fast Refresh] done in 224ms @ http://localhost:3001/_next/static/chunks/node_modules_next_dist_1e8vcs8._.js:776
[  735408ms] [LOG] [Fast Refresh] done in 224ms @ http://localhost:3001/_next/static/chunks/node_modules_next_dist_1e8vcs8._.js:776
[  735471ms] [LOG] [Fast Refresh] done in 224ms @ http://localhost:3001/_next/static/chunks/node_modules_next_dist_1e8vcs8._.js:776
[  735532ms] [LOG] [Fast Refresh] done in 224ms @ http://localhost:3001/_next/static/chunks/node_modules_next_dist_1e8vcs8._.js:776
[  735594ms] [LOG] [Fast Refresh] done in 224ms @ http://localhost:3001/_next/static/chunks/node_modules_next_dist_1e8vcs8._.js:776
[  735655ms] [LOG] [Fast Refresh] done in 224ms @ http://localhost:3001/_next/static/chunks/node_modules_next_dist_1e8vcs8._.js:776
[  735718ms] [LOG] [Fast Refresh] done in 224ms @ http://localhost:3001/_next/static/chunks/node_modules_next_dist_1e8vcs8._.js:776
[  735781ms] [LOG] [Fast Refresh] done in 224ms @ http://localhost:3001/_next/static/chunks/node_modules_next_dist_1e8vcs8._.js:776
[  735843ms] [LOG] [Fast Refresh] done in 224ms @ http://localhost:3001/_next/static/chunks/node_modules_next_dist_1e8vcs8._.js:776
[  735907ms] [LOG] [Fast Refresh] done in 224ms @ http://localhost:3001/_next/static/chunks/node_modules_next_dist_1e8vcs8._.js:776
[  735970ms] [LOG] [Fast Refresh] done in 224ms @ http://localhost:3001/_next/static/chunks/node_modules_next_dist_1e8vcs8._.js:776
[  736033ms] [LOG] [Fast Refresh] done in 224ms @ http://localhost:3001/_next/static/chunks/node_modules_next_dist_1e8vcs8._.js:776
[  736097ms] [LOG] [Fast Refresh] done in 224ms @ http://localhost:3001/_next/static/chunks/node_modules_next_dist_1e8vcs8._.js:776
[  736160ms] [LOG] [Fast Refresh] done in 224ms @ http://localhost:3001/_next/static/chunks/node_modules_next_dist_1e8vcs8._.js:776
[  736224ms] [LOG] [Fast Refresh] done in 224ms @ http://localhost:3001/_next/static/chunks/node_modules_next_dist_1e8vcs8._.js:776
[  736287ms] [LOG] [Fast Refresh] done in 224ms @ http://localhost:3001/_next/static/chunks/node_modules_next_dist_1e8vcs8._.js:776
[  736350ms] [LOG] [Fast Refresh] done in 224ms @ http://localhost:3001/_next/static/chunks/node_modules_next_dist_1e8vcs8._.js:776
[  736413ms] [LOG] [Fast Refresh] done in 224ms @ http://localhost:3001/_next/static/chunks/node_modules_next_dist_1e8vcs8._.js:776
[  736476ms] [LOG] [Fast Refresh] done in 224ms @ http://localhost:3001/_next/static/chunks/node_modules_next_dist_1e8vcs8._.js:776
[  736539ms] [LOG] [Fast Refresh] done in 224ms @ http://localhost:3001/_next/static/chunks/node_modules_next_dist_1e8vcs8._.js:776
[  736601ms] [LOG] [Fast Refresh] done in 224ms @ http://localhost:3001/_next/static/chunks/node_modules_next_dist_1e8vcs8._.js:776
[  736664ms] [LOG] [Fast Refresh] done in 224ms @ http://localhost:3001/_next/static/chunks/node_modules_next_dist_1e8vcs8._.js:776
[  736727ms] [LOG] [Fast Refresh] done in 224ms @ http://localhost:3001/_next/static/chunks/node_modules_next_dist_1e8vcs8._.js:776
[  736789ms] [LOG] [Fast Refresh] done in 224ms @ http://localhost:3001/_next/static/chunks/node_modules_next_dist_1e8vcs8._.js:776
[  736852ms] [LOG] [Fast Refresh] done in 224ms @ http://localhost:3001/_next/static/chunks/node_modules_next_dist_1e8vcs8._.js:776
[  736915ms] [LOG] [Fast Refresh] done in 224ms @ http://localhost:3001/_next/static/chunks/node_modules_next_dist_1e8vcs8._.js:776
[  736978ms] [LOG] [Fast Refresh] done in 224ms @ http://localhost:3001/_next/static/chunks/node_modules_next_dist_1e8vcs8._.js:776
[  737040ms] [LOG] [Fast Refresh] done in 224ms @ http://localhost:3001/_next/static/chunks/node_modules_next_dist_1e8vcs8._.js:776
[  737103ms] [LOG] [Fast Refresh] done in 224ms @ http://localhost:3001/_next/static/chunks/node_modules_next_dist_1e8vcs8._.js:776
[  737166ms] [LOG] [Fast Refresh] done in 224ms @ http://localhost:3001/_next/static/chunks/node_modules_next_dist_1e8vcs8._.js:776
[  737229ms] [LOG] [Fast Refresh] done in 224ms @ http://localhost:3001/_next/static/chunks/node_modules_next_dist_1e8vcs8._.js:776
[  737292ms] [LOG] [Fast Refresh] done in 224ms @ http://localhost:3001/_next/static/chunks/node_modules_next_dist_1e8vcs8._.js:776
[  737356ms] [LOG] [Fast Refresh] done in 224ms @ http://localhost:3001/_next/static/chunks/node_modules_next_dist_1e8vcs8._.js:776
[  737419ms] [LOG] [Fast Refresh] done in 224ms @ http://localhost:3001/_next/static/chunks/node_modules_next_dist_1e8vcs8._.js:776
[  737481ms] [LOG] [Fast Refresh] done in 224ms @ http://localhost:3001/_next/static/chunks/node_modules_next_dist_1e8vcs8._.js:776
[  737545ms] [LOG] [Fast Refresh] done in 224ms @ http://localhost:3001/_next/static/chunks/node_modules_next_dist_1e8vcs8._.js:776
[  737607ms] [LOG] [Fast Refresh] done in 224ms @ http://localhost:3001/_next/static/chunks/node_modules_next_dist_1e8vcs8._.js:776
[  737672ms] [LOG] [Fast Refresh] done in 224ms @ http://localhost:3001/_next/static/chunks/node_modules_next_dist_1e8vcs8._.js:776
[  737733ms] [LOG] [Fast Refresh] done in 224ms @ http://localhost:3001/_next/static/chunks/node_modules_next_dist_1e8vcs8._.js:776
[  737796ms] [LOG] [Fast Refresh] done in 224ms @ http://localhost:3001/_next/static/chunks/node_modules_next_dist_1e8vcs8._.js:776
[  737858ms] [LOG] [Fast Refresh] done in 224ms @ http://localhost:3001/_next/static/chunks/node_modules_next_dist_1e8vcs8._.js:776
[  737920ms] [LOG] [Fast Refresh] done in 224ms @ http://localhost:3001/_next/static/chunks/node_modules_next_dist_1e8vcs8._.js:776
[  737983ms] [LOG] [Fast Refresh] done in 224ms @ http://localhost:3001/_next/static/chunks/node_modules_next_dist_1e8vcs8._.js:776
[  738046ms] [LOG] [Fast Refresh] done in 224ms @ http://localhost:3001/_next/static/chunks/node_modules_next_dist_1e8vcs8._.js:776
[  738108ms] [LOG] [Fast Refresh] done in 224ms @ http://localhost:3001/_next/static/chunks/node_modules_next_dist_1e8vcs8._.js:776
[  738172ms] [LOG] [Fast Refresh] done in 224ms @ http://localhost:3001/_next/static/chunks/node_modules_next_dist_1e8vcs8._.js:776
[  738234ms] [LOG] [Fast Refresh] done in 224ms @ http://localhost:3001/_next/static/chunks/node_modules_next_dist_1e8vcs8._.js:776
[  738297ms] [LOG] [Fast Refresh] done in 224ms @ http://localhost:3001/_next/static/chunks/node_modules_next_dist_1e8vcs8._.js:776
[  738359ms] [LOG] [Fast Refresh] done in 224ms @ http://localhost:3001/_next/static/chunks/node_modules_next_dist_1e8vcs8._.js:776
[  738422ms] [LOG] [Fast Refresh] done in 224ms @ http://localhost:3001/_next/static/chunks/node_modules_next_dist_1e8vcs8._.js:776
[  738483ms] [LOG] [Fast Refresh] done in 224ms @ http://localhost:3001/_next/static/chunks/node_modules_next_dist_1e8vcs8._.js:776
[  738547ms] [LOG] [Fast Refresh] done in 224ms @ http://localhost:3001/_next/static/chunks/node_modules_next_dist_1e8vcs8._.js:776
[  738608ms] [LOG] [Fast Refresh] done in 224ms @ http://localhost:3001/_next/static/chunks/node_modules_next_dist_1e8vcs8._.js:776
[  738687ms] [LOG] [Fast Refresh] done in 224ms @ http://localhost:3001/_next/static/chunks/node_modules_next_dist_1e8vcs8._.js:776
[  738748ms] [LOG] [Fast Refresh] done in 224ms @ http://localhost:3001/_next/static/chunks/node_modules_next_dist_1e8vcs8._.js:776
[  738809ms] [LOG] [Fast Refresh] done in 224ms @ http://localhost:3001/_next/static/chunks/node_modules_next_dist_1e8vcs8._.js:776
[  738873ms] [LOG] [Fast Refresh] done in 224ms @ http://localhost:3001/_next/static/chunks/node_modules_next_dist_1e8vcs8._.js:776
[  738935ms] [LOG] [Fast Refresh] done in 224ms @ http://localhost:3001/_next/static/chunks/node_modules_next_dist_1e8vcs8._.js:776
[  738998ms] [LOG] [Fast Refresh] done in 224ms @ http://localhost:3001/_next/static/chunks/node_modules_next_dist_1e8vcs8._.js:776
[  739060ms] [LOG] [Fast Refresh] done in 224ms @ http://localhost:3001/_next/static/chunks/node_modules_next_dist_1e8vcs8._.js:776
[  739124ms] [LOG] [Fast Refresh] done in 224ms @ http://localhost:3001/_next/static/chunks/node_modules_next_dist_1e8vcs8._.js:776
[  739187ms] [LOG] [Fast Refresh] done in 224ms @ http://localhost:3001/_next/static/chunks/node_modules_next_dist_1e8vcs8._.js:776
[  739250ms] [LOG] [Fast Refresh] done in 224ms @ http://localhost:3001/_next/static/chunks/node_modules_next_dist_1e8vcs8._.js:776
[  739313ms] [LOG] [Fast Refresh] done in 224ms @ http://localhost:3001/_next/static/chunks/node_modules_next_dist_1e8vcs8._.js:776
[  739377ms] [LOG] [Fast Refresh] done in 224ms @ http://localhost:3001/_next/static/chunks/node_modules_next_dist_1e8vcs8._.js:776
[  739439ms] [LOG] [Fast Refresh] done in 224ms @ http://localhost:3001/_next/static/chunks/node_modules_next_dist_1e8vcs8._.js:776
[  739502ms] [LOG] [Fast Refresh] done in 224ms @ http://localhost:3001/_next/static/chunks/node_modules_next_dist_1e8vcs8._.js:776
[  739564ms] [LOG] [Fast Refresh] done in 224ms @ http://localhost:3001/_next/static/chunks/node_modules_next_dist_1e8vcs8._.js:776
[  739627ms] [LOG] [Fast Refresh] done in 224ms @ http://localhost:3001/_next/static/chunks/node_modules_next_dist_1e8vcs8._.js:776
[  739690ms] [LOG] [Fast Refresh] done in 224ms @ http://localhost:3001/_next/static/chunks/node_modules_next_dist_1e8vcs8._.js:776
[  739752ms] [LOG] [Fast Refresh] done in 224ms @ http://localhost:3001/_next/static/chunks/node_modules_next_dist_1e8vcs8._.js:776
[  739814ms] [LOG] [Fast Refresh] done in 224ms @ http://localhost:3001/_next/static/chunks/node_modules_next_dist_1e8vcs8._.js:776
[  739877ms] [LOG] [Fast Refresh] done in 224ms @ http://localhost:3001/_next/static/chunks/node_modules_next_dist_1e8vcs8._.js:776
[  739940ms] [LOG] [Fast Refresh] done in 224ms @ http://localhost:3001/_next/static/chunks/node_modules_next_dist_1e8vcs8._.js:776
[  740003ms] [LOG] [Fast Refresh] done in 224ms @ http://localhost:3001/_next/static/chunks/node_modules_next_dist_1e8vcs8._.js:776
[  740066ms] [LOG] [Fast Refresh] done in 224ms @ http://localhost:3001/_next/static/chunks/node_modules_next_dist_1e8vcs8._.js:776
[  740130ms] [LOG] [Fast Refresh] done in 224ms @ http://localhost:3001/_next/static/chunks/node_modules_next_dist_1e8vcs8._.js:776
[  740193ms] [LOG] [Fast Refresh] done in 224ms @ http://localhost:3001/_next/static/chunks/node_modules_next_dist_1e8vcs8._.js:776
[  740255ms] [LOG] [Fast Refresh] done in 224ms @ http://localhost:3001/_next/static/chunks/node_modules_next_dist_1e8vcs8._.js:776
[  740318ms] [LOG] [Fast Refresh] done in 224ms @ http://localhost:3001/_next/static/chunks/node_modules_next_dist_1e8vcs8._.js:776
[  740382ms] [LOG] [Fast Refresh] done in 224ms @ http://localhost:3001/_next/static/chunks/node_modules_next_dist_1e8vcs8._.js:776
[  740444ms] [LOG] [Fast Refresh] done in 224ms @ http://localhost:3001/_next/static/chunks/node_modules_next_dist_1e8vcs8._.js:776
[  740507ms] [LOG] [Fast Refresh] done in 224ms @ http://localhost:3001/_next/static/chunks/node_modules_next_dist_1e8vcs8._.js:776
[  740570ms] [LOG] [Fast Refresh] done in 224ms @ http://localhost:3001/_next/static/chunks/node_modules_next_dist_1e8vcs8._.js:776
[  740632ms] [LOG] [Fast Refresh] done in 224ms @ http://localhost:3001/_next/static/chunks/node_modules_next_dist_1e8vcs8._.js:776
[  740694ms] [LOG] [Fast Refresh] done in 224ms @ http://localhost:3001/_next/static/chunks/node_modules_next_dist_1e8vcs8._.js:776
[  740758ms] [LOG] [Fast Refresh] done in 224ms @ http://localhost:3001/_next/static/chunks/node_modules_next_dist_1e8vcs8._.js:776
[  740821ms] [LOG] [Fast Refresh] done in 224ms @ http://localhost:3001/_next/static/chunks/node_modules_next_dist_1e8vcs8._.js:776
[  740884ms] [LOG] [Fast Refresh] done in 224ms @ http://localhost:3001/_next/static/chunks/node_modules_next_dist_1e8vcs8._.js:776
[  740948ms] [LOG] [Fast Refresh] done in 224ms @ http://localhost:3001/_next/static/chunks/node_modules_next_dist_1e8vcs8._.js:776
[  741009ms] [LOG] [Fast Refresh] done in 224ms @ http://localhost:3001/_next/static/chunks/node_modules_next_dist_1e8vcs8._.js:776
[  741073ms] [LOG] [Fast Refresh] done in 224ms @ http://localhost:3001/_next/static/chunks/node_modules_next_dist_1e8vcs8._.js:776
[  741136ms] [LOG] [Fast Refresh] done in 224ms @ http://localhost:3001/_next/static/chunks/node_modules_next_dist_1e8vcs8._.js:776
[  741198ms] [LOG] [Fast Refresh] done in 224ms @ http://localhost:3001/_next/static/chunks/node_modules_next_dist_1e8vcs8._.js:776
[  741261ms] [LOG] [Fast Refresh] done in 224ms @ http://localhost:3001/_next/static/chunks/node_modules_next_dist_1e8vcs8._.js:776
[  741323ms] [LOG] [Fast Refresh] done in 224ms @ http://localhost:3001/_next/static/chunks/node_modules_next_dist_1e8vcs8._.js:776
[  741387ms] [LOG] [Fast Refresh] done in 224ms @ http://localhost:3001/_next/static/chunks/node_modules_next_dist_1e8vcs8._.js:776
[  741449ms] [LOG] [Fast Refresh] done in 224ms @ http://localhost:3001/_next/static/chunks/node_modules_next_dist_1e8vcs8._.js:776
[  741512ms] [LOG] [Fast Refresh] done in 224ms @ http://localhost:3001/_next/static/chunks/node_modules_next_dist_1e8vcs8._.js:776
[  741576ms] [LOG] [Fast Refresh] done in 224ms @ http://localhost:3001/_next/static/chunks/node_modules_next_dist_1e8vcs8._.js:776
[  741637ms] [LOG] [Fast Refresh] done in 224ms @ http://localhost:3001/_next/static/chunks/node_modules_next_dist_1e8vcs8._.js:776
[  741702ms] [LOG] [Fast Refresh] done in 224ms @ http://localhost:3001/_next/static/chunks/node_modules_next_dist_1e8vcs8._.js:776
[  741764ms] [LOG] [Fast Refresh] done in 224ms @ http://localhost:3001/_next/static/chunks/node_modules_next_dist_1e8vcs8._.js:776
[  741826ms] [LOG] [Fast Refresh] done in 224ms @ http://localhost:3001/_next/static/chunks/node_modules_next_dist_1e8vcs8._.js:776
[  741889ms] [LOG] [Fast Refresh] done in 224ms @ http://localhost:3001/_next/static/chunks/node_modules_next_dist_1e8vcs8._.js:776
[  741953ms] [LOG] [Fast Refresh] done in 224ms @ http://localhost:3001/_next/static/chunks/node_modules_next_dist_1e8vcs8._.js:776
[  742014ms] [LOG] [Fast Refresh] done in 224ms @ http://localhost:3001/_next/static/chunks/node_modules_next_dist_1e8vcs8._.js:776
[  742077ms] [LOG] [Fast Refresh] done in 224ms @ http://localhost:3001/_next/static/chunks/node_modules_next_dist_1e8vcs8._.js:776
[  742141ms] [LOG] [Fast Refresh] done in 224ms @ http://localhost:3001/_next/static/chunks/node_modules_next_dist_1e8vcs8._.js:776
[  742204ms] [LOG] [Fast Refresh] done in 224ms @ http://localhost:3001/_next/static/chunks/node_modules_next_dist_1e8vcs8._.js:776
[  742266ms] [LOG] [Fast Refresh] done in 224ms @ http://localhost:3001/_next/static/chunks/node_modules_next_dist_1e8vcs8._.js:776
[  742329ms] [LOG] [Fast Refresh] done in 224ms @ http://localhost:3001/_next/static/chunks/node_modules_next_dist_1e8vcs8._.js:776
[  742390ms] [LOG] [Fast Refresh] done in 224ms @ http://localhost:3001/_next/static/chunks/node_modules_next_dist_1e8vcs8._.js:776
[  742453ms] [LOG] [Fast Refresh] done in 224ms @ http://localhost:3001/_next/static/chunks/node_modules_next_dist_1e8vcs8._.js:776
[  742516ms] [LOG] [Fast Refresh] done in 224ms @ http://localhost:3001/_next/static/chunks/node_modules_next_dist_1e8vcs8._.js:776
[  742577ms] [LOG] [Fast Refresh] done in 224ms @ http://localhost:3001/_next/static/chunks/node_modules_next_dist_1e8vcs8._.js:776
[  742640ms] [LOG] [Fast Refresh] done in 224ms @ http://localhost:3001/_next/static/chunks/node_modules_next_dist_1e8vcs8._.js:776
[  742703ms] [LOG] [Fast Refresh] done in 224ms @ http://localhost:3001/_next/static/chunks/node_modules_next_dist_1e8vcs8._.js:776
[  742766ms] [LOG] [Fast Refresh] done in 224ms @ http://localhost:3001/_next/static/chunks/node_modules_next_dist_1e8vcs8._.js:776
[  742827ms] [LOG] [Fast Refresh] done in 224ms @ http://localhost:3001/_next/static/chunks/node_modules_next_dist_1e8vcs8._.js:776
[  742890ms] [LOG] [Fast Refresh] done in 224ms @ http://localhost:3001/_next/static/chunks/node_modules_next_dist_1e8vcs8._.js:776
[  742953ms] [LOG] [Fast Refresh] done in 224ms @ http://localhost:3001/_next/static/chunks/node_modules_next_dist_1e8vcs8._.js:776
[  743014ms] [LOG] [Fast Refresh] done in 224ms @ http://localhost:3001/_next/static/chunks/node_modules_next_dist_1e8vcs8._.js:776
[  743077ms] [LOG] [Fast Refresh] done in 224ms @ http://localhost:3001/_next/static/chunks/node_modules_next_dist_1e8vcs8._.js:776
[  743140ms] [LOG] [Fast Refresh] done in 224ms @ http://localhost:3001/_next/static/chunks/node_modules_next_dist_1e8vcs8._.js:776
[  743204ms] [LOG] [Fast Refresh] done in 224ms @ http://localhost:3001/_next/static/chunks/node_modules_next_dist_1e8vcs8._.js:776
[  743265ms] [LOG] [Fast Refresh] done in 224ms @ http://localhost:3001/_next/static/chunks/node_modules_next_dist_1e8vcs8._.js:776
[  743329ms] [LOG] [Fast Refresh] done in 224ms @ http://localhost:3001/_next/static/chunks/node_modules_next_dist_1e8vcs8._.js:776
[  743390ms] [LOG] [Fast Refresh] done in 224ms @ http://localhost:3001/_next/static/chunks/node_modules_next_dist_1e8vcs8._.js:776
[  743453ms] [LOG] [Fast Refresh] done in 224ms @ http://localhost:3001/_next/static/chunks/node_modules_next_dist_1e8vcs8._.js:776
[  743514ms] [LOG] [Fast Refresh] done in 224ms @ http://localhost:3001/_next/static/chunks/node_modules_next_dist_1e8vcs8._.js:776
[  743576ms] [LOG] [Fast Refresh] done in 224ms @ http://localhost:3001/_next/static/chunks/node_modules_next_dist_1e8vcs8._.js:776
[  743639ms] [LOG] [Fast Refresh] done in 224ms @ http://localhost:3001/_next/static/chunks/node_modules_next_dist_1e8vcs8._.js:776
[  743703ms] [LOG] [Fast Refresh] done in 224ms @ http://localhost:3001/_next/static/chunks/node_modules_next_dist_1e8vcs8._.js:776
[  743763ms] [LOG] [Fast Refresh] done in 224ms @ http://localhost:3001/_next/static/chunks/node_modules_next_dist_1e8vcs8._.js:776
[  743825ms] [LOG] [Fast Refresh] done in 224ms @ http://localhost:3001/_next/static/chunks/node_modules_next_dist_1e8vcs8._.js:776
[  743888ms] [LOG] [Fast Refresh] done in 224ms @ http://localhost:3001/_next/static/chunks/node_modules_next_dist_1e8vcs8._.js:776
[  743950ms] [LOG] [Fast Refresh] done in 224ms @ http://localhost:3001/_next/static/chunks/node_modules_next_dist_1e8vcs8._.js:776
[  744014ms] [LOG] [Fast Refresh] done in 224ms @ http://localhost:3001/_next/static/chunks/node_modules_next_dist_1e8vcs8._.js:776
[  744077ms] [LOG] [Fast Refresh] done in 224ms @ http://localhost:3001/_next/static/chunks/node_modules_next_dist_1e8vcs8._.js:776
[  744141ms] [LOG] [Fast Refresh] done in 224ms @ http://localhost:3001/_next/static/chunks/node_modules_next_dist_1e8vcs8._.js:776
[  744204ms] [LOG] [Fast Refresh] done in 224ms @ http://localhost:3001/_next/static/chunks/node_modules_next_dist_1e8vcs8._.js:776
[  744267ms] [LOG] [Fast Refresh] done in 224ms @ http://localhost:3001/_next/static/chunks/node_modules_next_dist_1e8vcs8._.js:776
[  744328ms] [LOG] [Fast Refresh] done in 224ms @ http://localhost:3001/_next/static/chunks/node_modules_next_dist_1e8vcs8._.js:776
[  744390ms] [LOG] [Fast Refresh] done in 224ms @ http://localhost:3001/_next/static/chunks/node_modules_next_dist_1e8vcs8._.js:776
[  744452ms] [LOG] [Fast Refresh] done in 224ms @ http://localhost:3001/_next/static/chunks/node_modules_next_dist_1e8vcs8._.js:776
[  744524ms] [LOG] [Fast Refresh] done in 224ms @ http://localhost:3001/_next/static/chunks/node_modules_next_dist_1e8vcs8._.js:776
[  744592ms] [LOG] [Fast Refresh] done in 224ms @ http://localhost:3001/_next/static/chunks/node_modules_next_dist_1e8vcs8._.js:776
[  744655ms] [LOG] [Fast Refresh] done in 224ms @ http://localhost:3001/_next/static/chunks/node_modules_next_dist_1e8vcs8._.js:776
[  744716ms] [LOG] [Fast Refresh] done in 224ms @ http://localhost:3001/_next/static/chunks/node_modules_next_dist_1e8vcs8._.js:776
[  744779ms] [LOG] [Fast Refresh] done in 224ms @ http://localhost:3001/_next/static/chunks/node_modules_next_dist_1e8vcs8._.js:776
[  744842ms] [LOG] [Fast Refresh] done in 224ms @ http://localhost:3001/_next/static/chunks/node_modules_next_dist_1e8vcs8._.js:776
[  744904ms] [LOG] [Fast Refresh] done in 224ms @ http://localhost:3001/_next/static/chunks/node_modules_next_dist_1e8vcs8._.js:776
[  744965ms] [LOG] [Fast Refresh] done in 224ms @ http://localhost:3001/_next/static/chunks/node_modules_next_dist_1e8vcs8._.js:776
[  745028ms] [LOG] [Fast Refresh] done in 224ms @ http://localhost:3001/_next/static/chunks/node_modules_next_dist_1e8vcs8._.js:776
[  745091ms] [LOG] [Fast Refresh] done in 224ms @ http://localhost:3001/_next/static/chunks/node_modules_next_dist_1e8vcs8._.js:776
[  745154ms] [LOG] [Fast Refresh] done in 224ms @ http://localhost:3001/_next/static/chunks/node_modules_next_dist_1e8vcs8._.js:776
[  745215ms] [LOG] [Fast Refresh] done in 224ms @ http://localhost:3001/_next/static/chunks/node_modules_next_dist_1e8vcs8._.js:776
[  745278ms] [LOG] [Fast Refresh] done in 224ms @ http://localhost:3001/_next/static/chunks/node_modules_next_dist_1e8vcs8._.js:776
[  745341ms] [LOG] [Fast Refresh] done in 224ms @ http://localhost:3001/_next/static/chunks/node_modules_next_dist_1e8vcs8._.js:776
[  745405ms] [LOG] [Fast Refresh] done in 224ms @ http://localhost:3001/_next/static/chunks/node_modules_next_dist_1e8vcs8._.js:776
[  745467ms] [LOG] [Fast Refresh] done in 224ms @ http://localhost:3001/_next/static/chunks/node_modules_next_dist_1e8vcs8._.js:776
[  745529ms] [LOG] [Fast Refresh] done in 224ms @ http://localhost:3001/_next/static/chunks/node_modules_next_dist_1e8vcs8._.js:776
[  745593ms] [LOG] [Fast Refresh] done in 224ms @ http://localhost:3001/_next/static/chunks/node_modules_next_dist_1e8vcs8._.js:776
[  745656ms] [LOG] [Fast Refresh] done in 224ms @ http://localhost:3001/_next/static/chunks/node_modules_next_dist_1e8vcs8._.js:776
[  745720ms] [LOG] [Fast Refresh] done in 224ms @ http://localhost:3001/_next/static/chunks/node_modules_next_dist_1e8vcs8._.js:776
[  745783ms] [LOG] [Fast Refresh] done in 224ms @ http://localhost:3001/_next/static/chunks/node_modules_next_dist_1e8vcs8._.js:776
[  745847ms] [LOG] [Fast Refresh] done in 224ms @ http://localhost:3001/_next/static/chunks/node_modules_next_dist_1e8vcs8._.js:776
[  745910ms] [LOG] [Fast Refresh] done in 224ms @ http://localhost:3001/_next/static/chunks/node_modules_next_dist_1e8vcs8._.js:776
[  745975ms] [LOG] [Fast Refresh] done in 224ms @ http://localhost:3001/_next/static/chunks/node_modules_next_dist_1e8vcs8._.js:776
[  746036ms] [LOG] [Fast Refresh] done in 224ms @ http://localhost:3001/_next/static/chunks/node_modules_next_dist_1e8vcs8._.js:776
[  746097ms] [LOG] [Fast Refresh] done in 224ms @ http://localhost:3001/_next/static/chunks/node_modules_next_dist_1e8vcs8._.js:776
[  746160ms] [LOG] [Fast Refresh] done in 224ms @ http://localhost:3001/_next/static/chunks/node_modules_next_dist_1e8vcs8._.js:776
[  746223ms] [LOG] [Fast Refresh] done in 224ms @ http://localhost:3001/_next/static/chunks/node_modules_next_dist_1e8vcs8._.js:776
[  746284ms] [LOG] [Fast Refresh] done in 224ms @ http://localhost:3001/_next/static/chunks/node_modules_next_dist_1e8vcs8._.js:776
[  746349ms] [LOG] [Fast Refresh] done in 224ms @ http://localhost:3001/_next/static/chunks/node_modules_next_dist_1e8vcs8._.js:776
[  746413ms] [LOG] [Fast Refresh] done in 224ms @ http://localhost:3001/_next/static/chunks/node_modules_next_dist_1e8vcs8._.js:776
[  746476ms] [LOG] [Fast Refresh] done in 224ms @ http://localhost:3001/_next/static/chunks/node_modules_next_dist_1e8vcs8._.js:776
[  746538ms] [LOG] [Fast Refresh] done in 224ms @ http://localhost:3001/_next/static/chunks/node_modules_next_dist_1e8vcs8._.js:776
[  746600ms] [LOG] [Fast Refresh] done in 224ms @ http://localhost:3001/_next/static/chunks/node_modules_next_dist_1e8vcs8._.js:776
[  746661ms] [LOG] [Fast Refresh] done in 224ms @ http://localhost:3001/_next/static/chunks/node_modules_next_dist_1e8vcs8._.js:776
[  746723ms] [LOG] [Fast Refresh] done in 224ms @ http://localhost:3001/_next/static/chunks/node_modules_next_dist_1e8vcs8._.js:776
[  746786ms] [LOG] [Fast Refresh] done in 224ms @ http://localhost:3001/_next/static/chunks/node_modules_next_dist_1e8vcs8._.js:776
[  746849ms] [LOG] [Fast Refresh] done in 224ms @ http://localhost:3001/_next/static/chunks/node_modules_next_dist_1e8vcs8._.js:776
[  746912ms] [LOG] [Fast Refresh] done in 224ms @ http://localhost:3001/_next/static/chunks/node_modules_next_dist_1e8vcs8._.js:776
[  746975ms] [LOG] [Fast Refresh] done in 224ms @ http://localhost:3001/_next/static/chunks/node_modules_next_dist_1e8vcs8._.js:776
[  747037ms] [LOG] [Fast Refresh] done in 224ms @ http://localhost:3001/_next/static/chunks/node_modules_next_dist_1e8vcs8._.js:776
[  747101ms] [LOG] [Fast Refresh] done in 224ms @ http://localhost:3001/_next/static/chunks/node_modules_next_dist_1e8vcs8._.js:776
[  747165ms] [LOG] [Fast Refresh] done in 224ms @ http://localhost:3001/_next/static/chunks/node_modules_next_dist_1e8vcs8._.js:776
[  747228ms] [LOG] [Fast Refresh] done in 224ms @ http://localhost:3001/_next/static/chunks/node_modules_next_dist_1e8vcs8._.js:776
[  747307ms] [LOG] [Fast Refresh] done in 224ms @ http://localhost:3001/_next/static/chunks/node_modules_next_dist_1e8vcs8._.js:776
[  747371ms] [LOG] [Fast Refresh] done in 224ms @ http://localhost:3001/_next/static/chunks/node_modules_next_dist_1e8vcs8._.js:776
[  747433ms] [LOG] [Fast Refresh] done in 224ms @ http://localhost:3001/_next/static/chunks/node_modules_next_dist_1e8vcs8._.js:776
[  747496ms] [LOG] [Fast Refresh] done in 224ms @ http://localhost:3001/_next/static/chunks/node_modules_next_dist_1e8vcs8._.js:776
[  747559ms] [LOG] [Fast Refresh] done in 224ms @ http://localhost:3001/_next/static/chunks/node_modules_next_dist_1e8vcs8._.js:776
[  747623ms] [LOG] [Fast Refresh] done in 224ms @ http://localhost:3001/_next/static/chunks/node_modules_next_dist_1e8vcs8._.js:776
[  747685ms] [LOG] [Fast Refresh] done in 224ms @ http://localhost:3001/_next/static/chunks/node_modules_next_dist_1e8vcs8._.js:776
[  747746ms] [LOG] [Fast Refresh] done in 224ms @ http://localhost:3001/_next/static/chunks/node_modules_next_dist_1e8vcs8._.js:776
[  747808ms] [LOG] [Fast Refresh] done in 224ms @ http://localhost:3001/_next/static/chunks/node_modules_next_dist_1e8vcs8._.js:776
[  747872ms] [LOG] [Fast Refresh] done in 224ms @ http://localhost:3001/_next/static/chunks/node_modules_next_dist_1e8vcs8._.js:776
[  747936ms] [LOG] [Fast Refresh] done in 224ms @ http://localhost:3001/_next/static/chunks/node_modules_next_dist_1e8vcs8._.js:776
[  747999ms] [LOG] [Fast Refresh] done in 224ms @ http://localhost:3001/_next/static/chunks/node_modules_next_dist_1e8vcs8._.js:776
[  748061ms] [LOG] [Fast Refresh] done in 224ms @ http://localhost:3001/_next/static/chunks/node_modules_next_dist_1e8vcs8._.js:776
[  748122ms] [LOG] [Fast Refresh] done in 224ms @ http://localhost:3001/_next/static/chunks/node_modules_next_dist_1e8vcs8._.js:776
[  748185ms] [LOG] [Fast Refresh] done in 224ms @ http://localhost:3001/_next/static/chunks/node_modules_next_dist_1e8vcs8._.js:776
[  748247ms] [LOG] [Fast Refresh] done in 224ms @ http://localhost:3001/_next/static/chunks/node_modules_next_dist_1e8vcs8._.js:776
[  748310ms] [LOG] [Fast Refresh] done in 224ms @ http://localhost:3001/_next/static/chunks/node_modules_next_dist_1e8vcs8._.js:776
[  748374ms] [LOG] [Fast Refresh] done in 224ms @ http://localhost:3001/_next/static/chunks/node_modules_next_dist_1e8vcs8._.js:776
[  748436ms] [LOG] [Fast Refresh] done in 224ms @ http://localhost:3001/_next/static/chunks/node_modules_next_dist_1e8vcs8._.js:776
[  748498ms] [LOG] [Fast Refresh] done in 224ms @ http://localhost:3001/_next/static/chunks/node_modules_next_dist_1e8vcs8._.js:776
[  748561ms] [LOG] [Fast Refresh] done in 224ms @ http://localhost:3001/_next/static/chunks/node_modules_next_dist_1e8vcs8._.js:776
[  748624ms] [LOG] [Fast Refresh] done in 224ms @ http://localhost:3001/_next/static/chunks/node_modules_next_dist_1e8vcs8._.js:776
[  748687ms] [LOG] [Fast Refresh] done in 224ms @ http://localhost:3001/_next/static/chunks/node_modules_next_dist_1e8vcs8._.js:776
[  748751ms] [LOG] [Fast Refresh] done in 224ms @ http://localhost:3001/_next/static/chunks/node_modules_next_dist_1e8vcs8._.js:776
[  748813ms] [LOG] [Fast Refresh] done in 224ms @ http://localhost:3001/_next/static/chunks/node_modules_next_dist_1e8vcs8._.js:776
[  748877ms] [LOG] [Fast Refresh] done in 224ms @ http://localhost:3001/_next/static/chunks/node_modules_next_dist_1e8vcs8._.js:776
[  748940ms] [LOG] [Fast Refresh] done in 224ms @ http://localhost:3001/_next/static/chunks/node_modules_next_dist_1e8vcs8._.js:776
[  749001ms] [LOG] [Fast Refresh] done in 224ms @ http://localhost:3001/_next/static/chunks/node_modules_next_dist_1e8vcs8._.js:776
[  749063ms] [LOG] [Fast Refresh] done in 224ms @ http://localhost:3001/_next/static/chunks/node_modules_next_dist_1e8vcs8._.js:776
[  749125ms] [LOG] [Fast Refresh] done in 224ms @ http://localhost:3001/_next/static/chunks/node_modules_next_dist_1e8vcs8._.js:776
[  749188ms] [LOG] [Fast Refresh] done in 224ms @ http://localhost:3001/_next/static/chunks/node_modules_next_dist_1e8vcs8._.js:776
[  749249ms] [LOG] [Fast Refresh] done in 224ms @ http://localhost:3001/_next/static/chunks/node_modules_next_dist_1e8vcs8._.js:776
[  749312ms] [LOG] [Fast Refresh] done in 224ms @ http://localhost:3001/_next/static/chunks/node_modules_next_dist_1e8vcs8._.js:776
[  749376ms] [LOG] [Fast Refresh] done in 224ms @ http://localhost:3001/_next/static/chunks/node_modules_next_dist_1e8vcs8._.js:776
[  749439ms] [LOG] [Fast Refresh] done in 224ms @ http://localhost:3001/_next/static/chunks/node_modules_next_dist_1e8vcs8._.js:776
[  749501ms] [LOG] [Fast Refresh] done in 224ms @ http://localhost:3001/_next/static/chunks/node_modules_next_dist_1e8vcs8._.js:776
[  749565ms] [LOG] [Fast Refresh] done in 224ms @ http://localhost:3001/_next/static/chunks/node_modules_next_dist_1e8vcs8._.js:776
[  749628ms] [LOG] [Fast Refresh] done in 224ms @ http://localhost:3001/_next/static/chunks/node_modules_next_dist_1e8vcs8._.js:776
[  749688ms] [LOG] [Fast Refresh] done in 224ms @ http://localhost:3001/_next/static/chunks/node_modules_next_dist_1e8vcs8._.js:776
[  749752ms] [LOG] [Fast Refresh] done in 224ms @ http://localhost:3001/_next/static/chunks/node_modules_next_dist_1e8vcs8._.js:776
[  749814ms] [LOG] [Fast Refresh] done in 224ms @ http://localhost:3001/_next/static/chunks/node_modules_next_dist_1e8vcs8._.js:776
[  749877ms] [LOG] [Fast Refresh] done in 224ms @ http://localhost:3001/_next/static/chunks/node_modules_next_dist_1e8vcs8._.js:776
[  749940ms] [LOG] [Fast Refresh] done in 224ms @ http://localhost:3001/_next/static/chunks/node_modules_next_dist_1e8vcs8._.js:776
[  750002ms] [LOG] [Fast Refresh] done in 224ms @ http://localhost:3001/_next/static/chunks/node_modules_next_dist_1e8vcs8._.js:776
[  750066ms] [LOG] [Fast Refresh] done in 224ms @ http://localhost:3001/_next/static/chunks/node_modules_next_dist_1e8vcs8._.js:776
[  750128ms] [LOG] [Fast Refresh] done in 224ms @ http://localhost:3001/_next/static/chunks/node_modules_next_dist_1e8vcs8._.js:776
[  750192ms] [LOG] [Fast Refresh] done in 224ms @ http://localhost:3001/_next/static/chunks/node_modules_next_dist_1e8vcs8._.js:776
[  750254ms] [LOG] [Fast Refresh] done in 224ms @ http://localhost:3001/_next/static/chunks/node_modules_next_dist_1e8vcs8._.js:776
[  750318ms] [LOG] [Fast Refresh] done in 224ms @ http://localhost:3001/_next/static/chunks/node_modules_next_dist_1e8vcs8._.js:776
[  750381ms] [LOG] [Fast Refresh] done in 224ms @ http://localhost:3001/_next/static/chunks/node_modules_next_dist_1e8vcs8._.js:776
[  750444ms] [LOG] [Fast Refresh] done in 224ms @ http://localhost:3001/_next/static/chunks/node_modules_next_dist_1e8vcs8._.js:776
[  750506ms] [LOG] [Fast Refresh] done in 224ms @ http://localhost:3001/_next/static/chunks/node_modules_next_dist_1e8vcs8._.js:776
[  750568ms] [LOG] [Fast Refresh] done in 224ms @ http://localhost:3001/_next/static/chunks/node_modules_next_dist_1e8vcs8._.js:776
[  750633ms] [LOG] [Fast Refresh] done in 224ms @ http://localhost:3001/_next/static/chunks/node_modules_next_dist_1e8vcs8._.js:776
[  750695ms] [LOG] [Fast Refresh] done in 224ms @ http://localhost:3001/_next/static/chunks/node_modules_next_dist_1e8vcs8._.js:776
[  750758ms] [LOG] [Fast Refresh] done in 224ms @ http://localhost:3001/_next/static/chunks/node_modules_next_dist_1e8vcs8._.js:776
[  750822ms] [LOG] [Fast Refresh] done in 224ms @ http://localhost:3001/_next/static/chunks/node_modules_next_dist_1e8vcs8._.js:776
[  750884ms] [LOG] [Fast Refresh] done in 224ms @ http://localhost:3001/_next/static/chunks/node_modules_next_dist_1e8vcs8._.js:776
[  750947ms] [LOG] [Fast Refresh] done in 224ms @ http://localhost:3001/_next/static/chunks/node_modules_next_dist_1e8vcs8._.js:776
[  751010ms] [LOG] [Fast Refresh] done in 224ms @ http://localhost:3001/_next/static/chunks/node_modules_next_dist_1e8vcs8._.js:776
[  751073ms] [LOG] [Fast Refresh] done in 224ms @ http://localhost:3001/_next/static/chunks/node_modules_next_dist_1e8vcs8._.js:776
[  751135ms] [LOG] [Fast Refresh] done in 224ms @ http://localhost:3001/_next/static/chunks/node_modules_next_dist_1e8vcs8._.js:776
[  751197ms] [LOG] [Fast Refresh] done in 224ms @ http://localhost:3001/_next/static/chunks/node_modules_next_dist_1e8vcs8._.js:776
[  751258ms] [LOG] [Fast Refresh] done in 224ms @ http://localhost:3001/_next/static/chunks/node_modules_next_dist_1e8vcs8._.js:776
[  751321ms] [LOG] [Fast Refresh] done in 224ms @ http://localhost:3001/_next/static/chunks/node_modules_next_dist_1e8vcs8._.js:776
[  751385ms] [LOG] [Fast Refresh] done in 224ms @ http://localhost:3001/_next/static/chunks/node_modules_next_dist_1e8vcs8._.js:776
[  751449ms] [LOG] [Fast Refresh] done in 224ms @ http://localhost:3001/_next/static/chunks/node_modules_next_dist_1e8vcs8._.js:776
[  751512ms] [LOG] [Fast Refresh] done in 224ms @ http://localhost:3001/_next/static/chunks/node_modules_next_dist_1e8vcs8._.js:776
[  751592ms] [LOG] [Fast Refresh] done in 224ms @ http://localhost:3001/_next/static/chunks/node_modules_next_dist_1e8vcs8._.js:776
[  751655ms] [LOG] [Fast Refresh] done in 224ms @ http://localhost:3001/_next/static/chunks/node_modules_next_dist_1e8vcs8._.js:776
[  751717ms] [LOG] [Fast Refresh] done in 224ms @ http://localhost:3001/_next/static/chunks/node_modules_next_dist_1e8vcs8._.js:776
[  751781ms] [LOG] [Fast Refresh] done in 224ms @ http://localhost:3001/_next/static/chunks/node_modules_next_dist_1e8vcs8._.js:776
[  751843ms] [LOG] [Fast Refresh] done in 224ms @ http://localhost:3001/_next/static/chunks/node_modules_next_dist_1e8vcs8._.js:776
[  751908ms] [LOG] [Fast Refresh] done in 224ms @ http://localhost:3001/_next/static/chunks/node_modules_next_dist_1e8vcs8._.js:776
[  751972ms] [LOG] [Fast Refresh] done in 224ms @ http://localhost:3001/_next/static/chunks/node_modules_next_dist_1e8vcs8._.js:776
[  752036ms] [LOG] [Fast Refresh] done in 224ms @ http://localhost:3001/_next/static/chunks/node_modules_next_dist_1e8vcs8._.js:776
[  752099ms] [LOG] [Fast Refresh] done in 224ms @ http://localhost:3001/_next/static/chunks/node_modules_next_dist_1e8vcs8._.js:776
[  752162ms] [LOG] [Fast Refresh] done in 224ms @ http://localhost:3001/_next/static/chunks/node_modules_next_dist_1e8vcs8._.js:776
[  752225ms] [LOG] [Fast Refresh] done in 224ms @ http://localhost:3001/_next/static/chunks/node_modules_next_dist_1e8vcs8._.js:776
[  752288ms] [LOG] [Fast Refresh] done in 224ms @ http://localhost:3001/_next/static/chunks/node_modules_next_dist_1e8vcs8._.js:776
[  752351ms] [LOG] [Fast Refresh] done in 224ms @ http://localhost:3001/_next/static/chunks/node_modules_next_dist_1e8vcs8._.js:776
[  752415ms] [LOG] [Fast Refresh] done in 224ms @ http://localhost:3001/_next/static/chunks/node_modules_next_dist_1e8vcs8._.js:776
[  752478ms] [LOG] [Fast Refresh] done in 224ms @ http://localhost:3001/_next/static/chunks/node_modules_next_dist_1e8vcs8._.js:776
[  752542ms] [LOG] [Fast Refresh] done in 224ms @ http://localhost:3001/_next/static/chunks/node_modules_next_dist_1e8vcs8._.js:776
[  752606ms] [LOG] [Fast Refresh] done in 224ms @ http://localhost:3001/_next/static/chunks/node_modules_next_dist_1e8vcs8._.js:776
[  752695ms] [LOG] [Fast Refresh] done in 224ms @ http://localhost:3001/_next/static/chunks/node_modules_next_dist_1e8vcs8._.js:776
[  752765ms] [LOG] [Fast Refresh] done in 224ms @ http://localhost:3001/_next/static/chunks/node_modules_next_dist_1e8vcs8._.js:776
[  752827ms] [LOG] [Fast Refresh] done in 224ms @ http://localhost:3001/_next/static/chunks/node_modules_next_dist_1e8vcs8._.js:776
[  752890ms] [LOG] [Fast Refresh] done in 224ms @ http://localhost:3001/_next/static/chunks/node_modules_next_dist_1e8vcs8._.js:776
[  752953ms] [LOG] [Fast Refresh] done in 224ms @ http://localhost:3001/_next/static/chunks/node_modules_next_dist_1e8vcs8._.js:776
[  753017ms] [LOG] [Fast Refresh] done in 224ms @ http://localhost:3001/_next/static/chunks/node_modules_next_dist_1e8vcs8._.js:776
[  753081ms] [LOG] [Fast Refresh] done in 224ms @ http://localhost:3001/_next/static/chunks/node_modules_next_dist_1e8vcs8._.js:776
[  753143ms] [LOG] [Fast Refresh] done in 224ms @ http://localhost:3001/_next/static/chunks/node_modules_next_dist_1e8vcs8._.js:776
[  753208ms] [LOG] [Fast Refresh] done in 224ms @ http://localhost:3001/_next/static/chunks/node_modules_next_dist_1e8vcs8._.js:776
[  753270ms] [LOG] [Fast Refresh] done in 224ms @ http://localhost:3001/_next/static/chunks/node_modules_next_dist_1e8vcs8._.js:776
[  753332ms] [LOG] [Fast Refresh] done in 224ms @ http://localhost:3001/_next/static/chunks/node_modules_next_dist_1e8vcs8._.js:776
[  753395ms] [LOG] [Fast Refresh] done in 224ms @ http://localhost:3001/_next/static/chunks/node_modules_next_dist_1e8vcs8._.js:776
[  753458ms] [LOG] [Fast Refresh] done in 224ms @ http://localhost:3001/_next/static/chunks/node_modules_next_dist_1e8vcs8._.js:776
[  753522ms] [LOG] [Fast Refresh] done in 224ms @ http://localhost:3001/_next/static/chunks/node_modules_next_dist_1e8vcs8._.js:776
[  753584ms] [LOG] [Fast Refresh] done in 224ms @ http://localhost:3001/_next/static/chunks/node_modules_next_dist_1e8vcs8._.js:776
[  753648ms] [LOG] [Fast Refresh] done in 224ms @ http://localhost:3001/_next/static/chunks/node_modules_next_dist_1e8vcs8._.js:776
[  753710ms] [LOG] [Fast Refresh] done in 224ms @ http://localhost:3001/_next/static/chunks/node_modules_next_dist_1e8vcs8._.js:776
[  753771ms] [LOG] [Fast Refresh] done in 224ms @ http://localhost:3001/_next/static/chunks/node_modules_next_dist_1e8vcs8._.js:776
[  753835ms] [LOG] [Fast Refresh] done in 224ms @ http://localhost:3001/_next/static/chunks/node_modules_next_dist_1e8vcs8._.js:776
[  753899ms] [LOG] [Fast Refresh] done in 224ms @ http://localhost:3001/_next/static/chunks/node_modules_next_dist_1e8vcs8._.js:776
[  753963ms] [LOG] [Fast Refresh] done in 224ms @ http://localhost:3001/_next/static/chunks/node_modules_next_dist_1e8vcs8._.js:776
[  754026ms] [LOG] [Fast Refresh] done in 224ms @ http://localhost:3001/_next/static/chunks/node_modules_next_dist_1e8vcs8._.js:776
[  754089ms] [LOG] [Fast Refresh] done in 224ms @ http://localhost:3001/_next/static/chunks/node_modules_next_dist_1e8vcs8._.js:776
[  754153ms] [LOG] [Fast Refresh] done in 224ms @ http://localhost:3001/_next/static/chunks/node_modules_next_dist_1e8vcs8._.js:776
[  754217ms] [LOG] [Fast Refresh] done in 224ms @ http://localhost:3001/_next/static/chunks/node_modules_next_dist_1e8vcs8._.js:776
[  754280ms] [LOG] [Fast Refresh] done in 224ms @ http://localhost:3001/_next/static/chunks/node_modules_next_dist_1e8vcs8._.js:776
[  754342ms] [LOG] [Fast Refresh] done in 224ms @ http://localhost:3001/_next/static/chunks/node_modules_next_dist_1e8vcs8._.js:776
[  754404ms] [LOG] [Fast Refresh] done in 224ms @ http://localhost:3001/_next/static/chunks/node_modules_next_dist_1e8vcs8._.js:776
[  754467ms] [LOG] [Fast Refresh] done in 224ms @ http://localhost:3001/_next/static/chunks/node_modules_next_dist_1e8vcs8._.js:776
[  754529ms] [LOG] [Fast Refresh] done in 224ms @ http://localhost:3001/_next/static/chunks/node_modules_next_dist_1e8vcs8._.js:776
[  754593ms] [LOG] [Fast Refresh] done in 224ms @ http://localhost:3001/_next/static/chunks/node_modules_next_dist_1e8vcs8._.js:776
[  754656ms] [LOG] [Fast Refresh] done in 224ms @ http://localhost:3001/_next/static/chunks/node_modules_next_dist_1e8vcs8._.js:776
[  754719ms] [LOG] [Fast Refresh] done in 224ms @ http://localhost:3001/_next/static/chunks/node_modules_next_dist_1e8vcs8._.js:776
[  754783ms] [LOG] [Fast Refresh] done in 224ms @ http://localhost:3001/_next/static/chunks/node_modules_next_dist_1e8vcs8._.js:776
[  754844ms] [LOG] [Fast Refresh] done in 224ms @ http://localhost:3001/_next/static/chunks/node_modules_next_dist_1e8vcs8._.js:776
[  754907ms] [LOG] [Fast Refresh] done in 224ms @ http://localhost:3001/_next/static/chunks/node_modules_next_dist_1e8vcs8._.js:776
[  754971ms] [LOG] [Fast Refresh] done in 224ms @ http://localhost:3001/_next/static/chunks/node_modules_next_dist_1e8vcs8._.js:776
[  755034ms] [LOG] [Fast Refresh] done in 224ms @ http://localhost:3001/_next/static/chunks/node_modules_next_dist_1e8vcs8._.js:776
[  755096ms] [LOG] [Fast Refresh] done in 224ms @ http://localhost:3001/_next/static/chunks/node_modules_next_dist_1e8vcs8._.js:776
[  755159ms] [LOG] [Fast Refresh] done in 224ms @ http://localhost:3001/_next/static/chunks/node_modules_next_dist_1e8vcs8._.js:776
[  755222ms] [LOG] [Fast Refresh] done in 224ms @ http://localhost:3001/_next/static/chunks/node_modules_next_dist_1e8vcs8._.js:776
[  755285ms] [LOG] [Fast Refresh] done in 224ms @ http://localhost:3001/_next/static/chunks/node_modules_next_dist_1e8vcs8._.js:776
[  755348ms] [LOG] [Fast Refresh] done in 224ms @ http://localhost:3001/_next/static/chunks/node_modules_next_dist_1e8vcs8._.js:776
[  755412ms] [LOG] [Fast Refresh] done in 224ms @ http://localhost:3001/_next/static/chunks/node_modules_next_dist_1e8vcs8._.js:776
[  755476ms] [LOG] [Fast Refresh] done in 224ms @ http://localhost:3001/_next/static/chunks/node_modules_next_dist_1e8vcs8._.js:776
[  755539ms] [LOG] [Fast Refresh] done in 224ms @ http://localhost:3001/_next/static/chunks/node_modules_next_dist_1e8vcs8._.js:776
[  755601ms] [LOG] [Fast Refresh] done in 224ms @ http://localhost:3001/_next/static/chunks/node_modules_next_dist_1e8vcs8._.js:776
[  755663ms] [LOG] [Fast Refresh] done in 224ms @ http://localhost:3001/_next/static/chunks/node_modules_next_dist_1e8vcs8._.js:776
[  755728ms] [LOG] [Fast Refresh] done in 224ms @ http://localhost:3001/_next/static/chunks/node_modules_next_dist_1e8vcs8._.js:776
[  755790ms] [LOG] [Fast Refresh] done in 224ms @ http://localhost:3001/_next/static/chunks/node_modules_next_dist_1e8vcs8._.js:776
[  755853ms] [LOG] [Fast Refresh] done in 224ms @ http://localhost:3001/_next/static/chunks/node_modules_next_dist_1e8vcs8._.js:776
[  755914ms] [LOG] [Fast Refresh] done in 224ms @ http://localhost:3001/_next/static/chunks/node_modules_next_dist_1e8vcs8._.js:776
[  755979ms] [LOG] [Fast Refresh] done in 224ms @ http://localhost:3001/_next/static/chunks/node_modules_next_dist_1e8vcs8._.js:776
[  756041ms] [LOG] [Fast Refresh] done in 224ms @ http://localhost:3001/_next/static/chunks/node_modules_next_dist_1e8vcs8._.js:776
[  756105ms] [LOG] [Fast Refresh] done in 224ms @ http://localhost:3001/_next/static/chunks/node_modules_next_dist_1e8vcs8._.js:776
[  756166ms] [LOG] [Fast Refresh] done in 224ms @ http://localhost:3001/_next/static/chunks/node_modules_next_dist_1e8vcs8._.js:776
[  756229ms] [LOG] [Fast Refresh] done in 224ms @ http://localhost:3001/_next/static/chunks/node_modules_next_dist_1e8vcs8._.js:776
[  756293ms] [LOG] [Fast Refresh] done in 224ms @ http://localhost:3001/_next/static/chunks/node_modules_next_dist_1e8vcs8._.js:776
[  756357ms] [LOG] [Fast Refresh] done in 224ms @ http://localhost:3001/_next/static/chunks/node_modules_next_dist_1e8vcs8._.js:776
[  756419ms] [LOG] [Fast Refresh] done in 224ms @ http://localhost:3001/_next/static/chunks/node_modules_next_dist_1e8vcs8._.js:776
[  756481ms] [LOG] [Fast Refresh] done in 224ms @ http://localhost:3001/_next/static/chunks/node_modules_next_dist_1e8vcs8._.js:776
[  756591ms] [LOG] [Fast Refresh] done in 224ms @ http://localhost:3001/_next/static/chunks/node_modules_next_dist_1e8vcs8._.js:776
[  756654ms] [LOG] [Fast Refresh] done in 224ms @ http://localhost:3001/_next/static/chunks/node_modules_next_dist_1e8vcs8._.js:776
[  756716ms] [LOG] [Fast Refresh] done in 224ms @ http://localhost:3001/_next/static/chunks/node_modules_next_dist_1e8vcs8._.js:776
[  756778ms] [LOG] [Fast Refresh] done in 224ms @ http://localhost:3001/_next/static/chunks/node_modules_next_dist_1e8vcs8._.js:776
[  756842ms] [LOG] [Fast Refresh] done in 224ms @ http://localhost:3001/_next/static/chunks/node_modules_next_dist_1e8vcs8._.js:776
[  756905ms] [LOG] [Fast Refresh] done in 224ms @ http://localhost:3001/_next/static/chunks/node_modules_next_dist_1e8vcs8._.js:776
[  756969ms] [LOG] [Fast Refresh] done in 224ms @ http://localhost:3001/_next/static/chunks/node_modules_next_dist_1e8vcs8._.js:776
[  757032ms] [LOG] [Fast Refresh] done in 224ms @ http://localhost:3001/_next/static/chunks/node_modules_next_dist_1e8vcs8._.js:776
[  757094ms] [LOG] [Fast Refresh] done in 224ms @ http://localhost:3001/_next/static/chunks/node_modules_next_dist_1e8vcs8._.js:776
[  757157ms] [LOG] [Fast Refresh] done in 224ms @ http://localhost:3001/_next/static/chunks/node_modules_next_dist_1e8vcs8._.js:776
[  757220ms] [LOG] [Fast Refresh] done in 224ms @ http://localhost:3001/_next/static/chunks/node_modules_next_dist_1e8vcs8._.js:776
[  757284ms] [LOG] [Fast Refresh] done in 224ms @ http://localhost:3001/_next/static/chunks/node_modules_next_dist_1e8vcs8._.js:776
[  757346ms] [LOG] [Fast Refresh] done in 224ms @ http://localhost:3001/_next/static/chunks/node_modules_next_dist_1e8vcs8._.js:776
[  757408ms] [LOG] [Fast Refresh] done in 224ms @ http://localhost:3001/_next/static/chunks/node_modules_next_dist_1e8vcs8._.js:776
[  757472ms] [LOG] [Fast Refresh] done in 224ms @ http://localhost:3001/_next/static/chunks/node_modules_next_dist_1e8vcs8._.js:776
[  757535ms] [LOG] [Fast Refresh] done in 224ms @ http://localhost:3001/_next/static/chunks/node_modules_next_dist_1e8vcs8._.js:776
[  757598ms] [LOG] [Fast Refresh] done in 224ms @ http://localhost:3001/_next/static/chunks/node_modules_next_dist_1e8vcs8._.js:776
[  757662ms] [LOG] [Fast Refresh] done in 224ms @ http://localhost:3001/_next/static/chunks/node_modules_next_dist_1e8vcs8._.js:776
[  757724ms] [LOG] [Fast Refresh] done in 224ms @ http://localhost:3001/_next/static/chunks/node_modules_next_dist_1e8vcs8._.js:776
[  757786ms] [LOG] [Fast Refresh] done in 224ms @ http://localhost:3001/_next/static/chunks/node_modules_next_dist_1e8vcs8._.js:776
[  757850ms] [LOG] [Fast Refresh] done in 224ms @ http://localhost:3001/_next/static/chunks/node_modules_next_dist_1e8vcs8._.js:776
[  757914ms] [LOG] [Fast Refresh] done in 224ms @ http://localhost:3001/_next/static/chunks/node_modules_next_dist_1e8vcs8._.js:776
[  757977ms] [LOG] [Fast Refresh] done in 224ms @ http://localhost:3001/_next/static/chunks/node_modules_next_dist_1e8vcs8._.js:776
[  758041ms] [LOG] [Fast Refresh] done in 224ms @ http://localhost:3001/_next/static/chunks/node_modules_next_dist_1e8vcs8._.js:776
[  758105ms] [LOG] [Fast Refresh] done in 224ms @ http://localhost:3001/_next/static/chunks/node_modules_next_dist_1e8vcs8._.js:776
[  758167ms] [LOG] [Fast Refresh] done in 224ms @ http://localhost:3001/_next/static/chunks/node_modules_next_dist_1e8vcs8._.js:776
[  758229ms] [LOG] [Fast Refresh] done in 224ms @ http://localhost:3001/_next/static/chunks/node_modules_next_dist_1e8vcs8._.js:776
[  758293ms] [LOG] [Fast Refresh] done in 224ms @ http://localhost:3001/_next/static/chunks/node_modules_next_dist_1e8vcs8._.js:776
[  758354ms] [LOG] [Fast Refresh] done in 224ms @ http://localhost:3001/_next/static/chunks/node_modules_next_dist_1e8vcs8._.js:776
[  758416ms] [LOG] [Fast Refresh] done in 224ms @ http://localhost:3001/_next/static/chunks/node_modules_next_dist_1e8vcs8._.js:776
[  758478ms] [LOG] [Fast Refresh] done in 224ms @ http://localhost:3001/_next/static/chunks/node_modules_next_dist_1e8vcs8._.js:776
[  758541ms] [LOG] [Fast Refresh] done in 224ms @ http://localhost:3001/_next/static/chunks/node_modules_next_dist_1e8vcs8._.js:776
[  758605ms] [LOG] [Fast Refresh] done in 224ms @ http://localhost:3001/_next/static/chunks/node_modules_next_dist_1e8vcs8._.js:776
[  758670ms] [LOG] [Fast Refresh] done in 224ms @ http://localhost:3001/_next/static/chunks/node_modules_next_dist_1e8vcs8._.js:776
[  758731ms] [LOG] [Fast Refresh] done in 224ms @ http://localhost:3001/_next/static/chunks/node_modules_next_dist_1e8vcs8._.js:776
[  758793ms] [LOG] [Fast Refresh] done in 224ms @ http://localhost:3001/_next/static/chunks/node_modules_next_dist_1e8vcs8._.js:776
[  758856ms] [LOG] [Fast Refresh] done in 224ms @ http://localhost:3001/_next/static/chunks/node_modules_next_dist_1e8vcs8._.js:776
[  758919ms] [LOG] [Fast Refresh] done in 224ms @ http://localhost:3001/_next/static/chunks/node_modules_next_dist_1e8vcs8._.js:776
[  758981ms] [LOG] [Fast Refresh] done in 224ms @ http://localhost:3001/_next/static/chunks/node_modules_next_dist_1e8vcs8._.js:776
[  759045ms] [LOG] [Fast Refresh] done in 224ms @ http://localhost:3001/_next/static/chunks/node_modules_next_dist_1e8vcs8._.js:776
[  759109ms] [LOG] [Fast Refresh] done in 224ms @ http://localhost:3001/_next/static/chunks/node_modules_next_dist_1e8vcs8._.js:776
[  759174ms] [LOG] [Fast Refresh] done in 224ms @ http://localhost:3001/_next/static/chunks/node_modules_next_dist_1e8vcs8._.js:776
[  759237ms] [LOG] [Fast Refresh] done in 224ms @ http://localhost:3001/_next/static/chunks/node_modules_next_dist_1e8vcs8._.js:776
[  759301ms] [LOG] [Fast Refresh] done in 224ms @ http://localhost:3001/_next/static/chunks/node_modules_next_dist_1e8vcs8._.js:776
[  759364ms] [LOG] [Fast Refresh] done in 224ms @ http://localhost:3001/_next/static/chunks/node_modules_next_dist_1e8vcs8._.js:776
[  759425ms] [LOG] [Fast Refresh] done in 224ms @ http://localhost:3001/_next/static/chunks/node_modules_next_dist_1e8vcs8._.js:776
[  759487ms] [LOG] [Fast Refresh] done in 224ms @ http://localhost:3001/_next/static/chunks/node_modules_next_dist_1e8vcs8._.js:776
[  759549ms] [LOG] [Fast Refresh] done in 224ms @ http://localhost:3001/_next/static/chunks/node_modules_next_dist_1e8vcs8._.js:776
[  759610ms] [LOG] [Fast Refresh] done in 224ms @ http://localhost:3001/_next/static/chunks/node_modules_next_dist_1e8vcs8._.js:776
[  759673ms] [LOG] [Fast Refresh] done in 224ms @ http://localhost:3001/_next/static/chunks/node_modules_next_dist_1e8vcs8._.js:776
[  759738ms] [LOG] [Fast Refresh] done in 224ms @ http://localhost:3001/_next/static/chunks/node_modules_next_dist_1e8vcs8._.js:776
[  759800ms] [LOG] [Fast Refresh] done in 224ms @ http://localhost:3001/_next/static/chunks/node_modules_next_dist_1e8vcs8._.js:776
[  759862ms] [LOG] [Fast Refresh] done in 224ms @ http://localhost:3001/_next/static/chunks/node_modules_next_dist_1e8vcs8._.js:776
[  759922ms] [LOG] [Fast Refresh] done in 224ms @ http://localhost:3001/_next/static/chunks/node_modules_next_dist_1e8vcs8._.js:776
[  759984ms] [LOG] [Fast Refresh] done in 224ms @ http://localhost:3001/_next/static/chunks/node_modules_next_dist_1e8vcs8._.js:776
[  760045ms] [LOG] [Fast Refresh] done in 224ms @ http://localhost:3001/_next/static/chunks/node_modules_next_dist_1e8vcs8._.js:776
[  760109ms] [LOG] [Fast Refresh] done in 224ms @ http://localhost:3001/_next/static/chunks/node_modules_next_dist_1e8vcs8._.js:776
[  760171ms] [LOG] [Fast Refresh] done in 224ms @ http://localhost:3001/_next/static/chunks/node_modules_next_dist_1e8vcs8._.js:776
[  760234ms] [LOG] [Fast Refresh] done in 224ms @ http://localhost:3001/_next/static/chunks/node_modules_next_dist_1e8vcs8._.js:776
[  760298ms] [LOG] [Fast Refresh] done in 224ms @ http://localhost:3001/_next/static/chunks/node_modules_next_dist_1e8vcs8._.js:776
[  760360ms] [LOG] [Fast Refresh] done in 224ms @ http://localhost:3001/_next/static/chunks/node_modules_next_dist_1e8vcs8._.js:776
[  760423ms] [LOG] [Fast Refresh] done in 224ms @ http://localhost:3001/_next/static/chunks/node_modules_next_dist_1e8vcs8._.js:776
[  760485ms] [LOG] [Fast Refresh] done in 224ms @ http://localhost:3001/_next/static/chunks/node_modules_next_dist_1e8vcs8._.js:776
[  760548ms] [LOG] [Fast Refresh] done in 224ms @ http://localhost:3001/_next/static/chunks/node_modules_next_dist_1e8vcs8._.js:776
[  760610ms] [LOG] [Fast Refresh] done in 224ms @ http://localhost:3001/_next/static/chunks/node_modules_next_dist_1e8vcs8._.js:776
[  760673ms] [LOG] [Fast Refresh] done in 224ms @ http://localhost:3001/_next/static/chunks/node_modules_next_dist_1e8vcs8._.js:776
[  760737ms] [LOG] [Fast Refresh] done in 224ms @ http://localhost:3001/_next/static/chunks/node_modules_next_dist_1e8vcs8._.js:776
[  760799ms] [LOG] [Fast Refresh] done in 224ms @ http://localhost:3001/_next/static/chunks/node_modules_next_dist_1e8vcs8._.js:776
[  760864ms] [LOG] [Fast Refresh] done in 224ms @ http://localhost:3001/_next/static/chunks/node_modules_next_dist_1e8vcs8._.js:776
[  760927ms] [LOG] [Fast Refresh] done in 224ms @ http://localhost:3001/_next/static/chunks/node_modules_next_dist_1e8vcs8._.js:776
[  760992ms] [LOG] [Fast Refresh] done in 224ms @ http://localhost:3001/_next/static/chunks/node_modules_next_dist_1e8vcs8._.js:776
[  761055ms] [LOG] [Fast Refresh] done in 224ms @ http://localhost:3001/_next/static/chunks/node_modules_next_dist_1e8vcs8._.js:776
[  761116ms] [LOG] [Fast Refresh] done in 224ms @ http://localhost:3001/_next/static/chunks/node_modules_next_dist_1e8vcs8._.js:776
[  761177ms] [LOG] [Fast Refresh] done in 224ms @ http://localhost:3001/_next/static/chunks/node_modules_next_dist_1e8vcs8._.js:776
[  761239ms] [LOG] [Fast Refresh] done in 224ms @ http://localhost:3001/_next/static/chunks/node_modules_next_dist_1e8vcs8._.js:776
[  761301ms] [LOG] [Fast Refresh] done in 224ms @ http://localhost:3001/_next/static/chunks/node_modules_next_dist_1e8vcs8._.js:776
[  761365ms] [LOG] [Fast Refresh] done in 224ms @ http://localhost:3001/_next/static/chunks/node_modules_next_dist_1e8vcs8._.js:776
[  761427ms] [LOG] [Fast Refresh] done in 224ms @ http://localhost:3001/_next/static/chunks/node_modules_next_dist_1e8vcs8._.js:776
[  761489ms] [LOG] [Fast Refresh] done in 224ms @ http://localhost:3001/_next/static/chunks/node_modules_next_dist_1e8vcs8._.js:776
[  761552ms] [LOG] [Fast Refresh] done in 224ms @ http://localhost:3001/_next/static/chunks/node_modules_next_dist_1e8vcs8._.js:776
[  761613ms] [LOG] [Fast Refresh] done in 224ms @ http://localhost:3001/_next/static/chunks/node_modules_next_dist_1e8vcs8._.js:776
[  761676ms] [LOG] [Fast Refresh] done in 224ms @ http://localhost:3001/_next/static/chunks/node_modules_next_dist_1e8vcs8._.js:776
[  761739ms] [LOG] [Fast Refresh] done in 224ms @ http://localhost:3001/_next/static/chunks/node_modules_next_dist_1e8vcs8._.js:776
[  761803ms] [LOG] [Fast Refresh] done in 224ms @ http://localhost:3001/_next/static/chunks/node_modules_next_dist_1e8vcs8._.js:776
[  761866ms] [LOG] [Fast Refresh] done in 224ms @ http://localhost:3001/_next/static/chunks/node_modules_next_dist_1e8vcs8._.js:776
[  761929ms] [LOG] [Fast Refresh] done in 224ms @ http://localhost:3001/_next/static/chunks/node_modules_next_dist_1e8vcs8._.js:776
[  761991ms] [LOG] [Fast Refresh] done in 224ms @ http://localhost:3001/_next/static/chunks/node_modules_next_dist_1e8vcs8._.js:776
[  762053ms] [LOG] [Fast Refresh] done in 224ms @ http://localhost:3001/_next/static/chunks/node_modules_next_dist_1e8vcs8._.js:776
[  762116ms] [LOG] [Fast Refresh] done in 224ms @ http://localhost:3001/_next/static/chunks/node_modules_next_dist_1e8vcs8._.js:776
[  762179ms] [LOG] [Fast Refresh] done in 224ms @ http://localhost:3001/_next/static/chunks/node_modules_next_dist_1e8vcs8._.js:776
[  762243ms] [LOG] [Fast Refresh] done in 224ms @ http://localhost:3001/_next/static/chunks/node_modules_next_dist_1e8vcs8._.js:776
[  762306ms] [LOG] [Fast Refresh] done in 224ms @ http://localhost:3001/_next/static/chunks/node_modules_next_dist_1e8vcs8._.js:776
[  762370ms] [LOG] [Fast Refresh] done in 224ms @ http://localhost:3001/_next/static/chunks/node_modules_next_dist_1e8vcs8._.js:776
[  762432ms] [LOG] [Fast Refresh] done in 224ms @ http://localhost:3001/_next/static/chunks/node_modules_next_dist_1e8vcs8._.js:776
[  762495ms] [LOG] [Fast Refresh] done in 224ms @ http://localhost:3001/_next/static/chunks/node_modules_next_dist_1e8vcs8._.js:776
[  762558ms] [LOG] [Fast Refresh] done in 224ms @ http://localhost:3001/_next/static/chunks/node_modules_next_dist_1e8vcs8._.js:776
[  762620ms] [LOG] [Fast Refresh] done in 224ms @ http://localhost:3001/_next/static/chunks/node_modules_next_dist_1e8vcs8._.js:776
[  762682ms] [LOG] [Fast Refresh] done in 224ms @ http://localhost:3001/_next/static/chunks/node_modules_next_dist_1e8vcs8._.js:776
[  762745ms] [LOG] [Fast Refresh] done in 224ms @ http://localhost:3001/_next/static/chunks/node_modules_next_dist_1e8vcs8._.js:776
[  762808ms] [LOG] [Fast Refresh] done in 224ms @ http://localhost:3001/_next/static/chunks/node_modules_next_dist_1e8vcs8._.js:776
[  762871ms] [LOG] [Fast Refresh] done in 224ms @ http://localhost:3001/_next/static/chunks/node_modules_next_dist_1e8vcs8._.js:776
[  762935ms] [LOG] [Fast Refresh] done in 224ms @ http://localhost:3001/_next/static/chunks/node_modules_next_dist_1e8vcs8._.js:776
[  762998ms] [LOG] [Fast Refresh] done in 224ms @ http://localhost:3001/_next/static/chunks/node_modules_next_dist_1e8vcs8._.js:776
[  763061ms] [LOG] [Fast Refresh] done in 224ms @ http://localhost:3001/_next/static/chunks/node_modules_next_dist_1e8vcs8._.js:776
[  763123ms] [LOG] [Fast Refresh] done in 224ms @ http://localhost:3001/_next/static/chunks/node_modules_next_dist_1e8vcs8._.js:776
[  763187ms] [LOG] [Fast Refresh] done in 224ms @ http://localhost:3001/_next/static/chunks/node_modules_next_dist_1e8vcs8._.js:776
[  763250ms] [LOG] [Fast Refresh] done in 224ms @ http://localhost:3001/_next/static/chunks/node_modules_next_dist_1e8vcs8._.js:776
[  763313ms] [LOG] [Fast Refresh] done in 224ms @ http://localhost:3001/_next/static/chunks/node_modules_next_dist_1e8vcs8._.js:776
[  763374ms] [LOG] [Fast Refresh] done in 224ms @ http://localhost:3001/_next/static/chunks/node_modules_next_dist_1e8vcs8._.js:776
[  763436ms] [LOG] [Fast Refresh] done in 224ms @ http://localhost:3001/_next/static/chunks/node_modules_next_dist_1e8vcs8._.js:776
[  763496ms] [LOG] [Fast Refresh] done in 224ms @ http://localhost:3001/_next/static/chunks/node_modules_next_dist_1e8vcs8._.js:776
[  763558ms] [LOG] [Fast Refresh] done in 224ms @ http://localhost:3001/_next/static/chunks/node_modules_next_dist_1e8vcs8._.js:776
[  763619ms] [LOG] [Fast Refresh] done in 224ms @ http://localhost:3001/_next/static/chunks/node_modules_next_dist_1e8vcs8._.js:776
[  763682ms] [LOG] [Fast Refresh] done in 224ms @ http://localhost:3001/_next/static/chunks/node_modules_next_dist_1e8vcs8._.js:776
[  763743ms] [LOG] [Fast Refresh] done in 224ms @ http://localhost:3001/_next/static/chunks/node_modules_next_dist_1e8vcs8._.js:776
[  763805ms] [LOG] [Fast Refresh] done in 224ms @ http://localhost:3001/_next/static/chunks/node_modules_next_dist_1e8vcs8._.js:776
[  763866ms] [LOG] [Fast Refresh] done in 224ms @ http://localhost:3001/_next/static/chunks/node_modules_next_dist_1e8vcs8._.js:776
[  763930ms] [LOG] [Fast Refresh] done in 224ms @ http://localhost:3001/_next/static/chunks/node_modules_next_dist_1e8vcs8._.js:776
[  763994ms] [LOG] [Fast Refresh] done in 224ms @ http://localhost:3001/_next/static/chunks/node_modules_next_dist_1e8vcs8._.js:776
[  764056ms] [LOG] [Fast Refresh] done in 224ms @ http://localhost:3001/_next/static/chunks/node_modules_next_dist_1e8vcs8._.js:776
[  764120ms] [LOG] [Fast Refresh] done in 224ms @ http://localhost:3001/_next/static/chunks/node_modules_next_dist_1e8vcs8._.js:776
[  764184ms] [LOG] [Fast Refresh] done in 224ms @ http://localhost:3001/_next/static/chunks/node_modules_next_dist_1e8vcs8._.js:776
[  764245ms] [LOG] [Fast Refresh] done in 224ms @ http://localhost:3001/_next/static/chunks/node_modules_next_dist_1e8vcs8._.js:776
[  764308ms] [LOG] [Fast Refresh] done in 224ms @ http://localhost:3001/_next/static/chunks/node_modules_next_dist_1e8vcs8._.js:776
[  764372ms] [LOG] [Fast Refresh] done in 224ms @ http://localhost:3001/_next/static/chunks/node_modules_next_dist_1e8vcs8._.js:776
[  764435ms] [LOG] [Fast Refresh] done in 224ms @ http://localhost:3001/_next/static/chunks/node_modules_next_dist_1e8vcs8._.js:776
[  764496ms] [LOG] [Fast Refresh] done in 224ms @ http://localhost:3001/_next/static/chunks/node_modules_next_dist_1e8vcs8._.js:776
[  764556ms] [LOG] [Fast Refresh] done in 224ms @ http://localhost:3001/_next/static/chunks/node_modules_next_dist_1e8vcs8._.js:776
[  764619ms] [LOG] [Fast Refresh] done in 224ms @ http://localhost:3001/_next/static/chunks/node_modules_next_dist_1e8vcs8._.js:776
[  764682ms] [LOG] [Fast Refresh] done in 224ms @ http://localhost:3001/_next/static/chunks/node_modules_next_dist_1e8vcs8._.js:776
[  764747ms] [LOG] [Fast Refresh] done in 224ms @ http://localhost:3001/_next/static/chunks/node_modules_next_dist_1e8vcs8._.js:776
[  764810ms] [LOG] [Fast Refresh] done in 224ms @ http://localhost:3001/_next/static/chunks/node_modules_next_dist_1e8vcs8._.js:776
[  764874ms] [LOG] [Fast Refresh] done in 224ms @ http://localhost:3001/_next/static/chunks/node_modules_next_dist_1e8vcs8._.js:776
[  764937ms] [LOG] [Fast Refresh] done in 224ms @ http://localhost:3001/_next/static/chunks/node_modules_next_dist_1e8vcs8._.js:776
[  765002ms] [LOG] [Fast Refresh] done in 224ms @ http://localhost:3001/_next/static/chunks/node_modules_next_dist_1e8vcs8._.js:776
[  765065ms] [LOG] [Fast Refresh] done in 224ms @ http://localhost:3001/_next/static/chunks/node_modules_next_dist_1e8vcs8._.js:776
[  765127ms] [LOG] [Fast Refresh] done in 224ms @ http://localhost:3001/_next/static/chunks/node_modules_next_dist_1e8vcs8._.js:776
[  765190ms] [LOG] [Fast Refresh] done in 224ms @ http://localhost:3001/_next/static/chunks/node_modules_next_dist_1e8vcs8._.js:776
[  765253ms] [LOG] [Fast Refresh] done in 224ms @ http://localhost:3001/_next/static/chunks/node_modules_next_dist_1e8vcs8._.js:776
[  765317ms] [LOG] [Fast Refresh] done in 224ms @ http://localhost:3001/_next/static/chunks/node_modules_next_dist_1e8vcs8._.js:776
[  765382ms] [LOG] [Fast Refresh] done in 224ms @ http://localhost:3001/_next/static/chunks/node_modules_next_dist_1e8vcs8._.js:776
[  765445ms] [LOG] [Fast Refresh] done in 224ms @ http://localhost:3001/_next/static/chunks/node_modules_next_dist_1e8vcs8._.js:776
[  765509ms] [LOG] [Fast Refresh] done in 224ms @ http://localhost:3001/_next/static/chunks/node_modules_next_dist_1e8vcs8._.js:776
[  765603ms] [LOG] [Fast Refresh] done in 224ms @ http://localhost:3001/_next/static/chunks/node_modules_next_dist_1e8vcs8._.js:776
[  765666ms] [LOG] [Fast Refresh] done in 224ms @ http://localhost:3001/_next/static/chunks/node_modules_next_dist_1e8vcs8._.js:776
[  765729ms] [LOG] [Fast Refresh] done in 224ms @ http://localhost:3001/_next/static/chunks/node_modules_next_dist_1e8vcs8._.js:776
[  765793ms] [LOG] [Fast Refresh] done in 224ms @ http://localhost:3001/_next/static/chunks/node_modules_next_dist_1e8vcs8._.js:776
[  765855ms] [LOG] [Fast Refresh] done in 224ms @ http://localhost:3001/_next/static/chunks/node_modules_next_dist_1e8vcs8._.js:776
[  765918ms] [LOG] [Fast Refresh] done in 224ms @ http://localhost:3001/_next/static/chunks/node_modules_next_dist_1e8vcs8._.js:776
[  765982ms] [LOG] [Fast Refresh] done in 224ms @ http://localhost:3001/_next/static/chunks/node_modules_next_dist_1e8vcs8._.js:776
[  766046ms] [LOG] [Fast Refresh] done in 224ms @ http://localhost:3001/_next/static/chunks/node_modules_next_dist_1e8vcs8._.js:776
[  766110ms] [LOG] [Fast Refresh] done in 224ms @ http://localhost:3001/_next/static/chunks/node_modules_next_dist_1e8vcs8._.js:776
[  766172ms] [LOG] [Fast Refresh] done in 224ms @ http://localhost:3001/_next/static/chunks/node_modules_next_dist_1e8vcs8._.js:776
[  766236ms] [LOG] [Fast Refresh] done in 224ms @ http://localhost:3001/_next/static/chunks/node_modules_next_dist_1e8vcs8._.js:776
[  766301ms] [LOG] [Fast Refresh] done in 224ms @ http://localhost:3001/_next/static/chunks/node_modules_next_dist_1e8vcs8._.js:776
[  766363ms] [LOG] [Fast Refresh] done in 224ms @ http://localhost:3001/_next/static/chunks/node_modules_next_dist_1e8vcs8._.js:776
[  766425ms] [LOG] [Fast Refresh] done in 224ms @ http://localhost:3001/_next/static/chunks/node_modules_next_dist_1e8vcs8._.js:776
[  766489ms] [LOG] [Fast Refresh] done in 224ms @ http://localhost:3001/_next/static/chunks/node_modules_next_dist_1e8vcs8._.js:776
[  766553ms] [LOG] [Fast Refresh] done in 224ms @ http://localhost:3001/_next/static/chunks/node_modules_next_dist_1e8vcs8._.js:776
[  766615ms] [LOG] [Fast Refresh] done in 224ms @ http://localhost:3001/_next/static/chunks/node_modules_next_dist_1e8vcs8._.js:776
[  766678ms] [LOG] [Fast Refresh] done in 224ms @ http://localhost:3001/_next/static/chunks/node_modules_next_dist_1e8vcs8._.js:776
[  766742ms] [LOG] [Fast Refresh] done in 224ms @ http://localhost:3001/_next/static/chunks/node_modules_next_dist_1e8vcs8._.js:776
[  766805ms] [LOG] [Fast Refresh] done in 224ms @ http://localhost:3001/_next/static/chunks/node_modules_next_dist_1e8vcs8._.js:776
[  766867ms] [LOG] [Fast Refresh] done in 224ms @ http://localhost:3001/_next/static/chunks/node_modules_next_dist_1e8vcs8._.js:776
[  766930ms] [LOG] [Fast Refresh] done in 224ms @ http://localhost:3001/_next/static/chunks/node_modules_next_dist_1e8vcs8._.js:776
[  766994ms] [LOG] [Fast Refresh] done in 224ms @ http://localhost:3001/_next/static/chunks/node_modules_next_dist_1e8vcs8._.js:776
[  767058ms] [LOG] [Fast Refresh] done in 224ms @ http://localhost:3001/_next/static/chunks/node_modules_next_dist_1e8vcs8._.js:776
[  767122ms] [LOG] [Fast Refresh] done in 224ms @ http://localhost:3001/_next/static/chunks/node_modules_next_dist_1e8vcs8._.js:776
[  767185ms] [LOG] [Fast Refresh] done in 224ms @ http://localhost:3001/_next/static/chunks/node_modules_next_dist_1e8vcs8._.js:776
[  767248ms] [LOG] [Fast Refresh] done in 224ms @ http://localhost:3001/_next/static/chunks/node_modules_next_dist_1e8vcs8._.js:776
[  767310ms] [LOG] [Fast Refresh] done in 224ms @ http://localhost:3001/_next/static/chunks/node_modules_next_dist_1e8vcs8._.js:776
[  767373ms] [LOG] [Fast Refresh] done in 224ms @ http://localhost:3001/_next/static/chunks/node_modules_next_dist_1e8vcs8._.js:776
[  767436ms] [LOG] [Fast Refresh] done in 224ms @ http://localhost:3001/_next/static/chunks/node_modules_next_dist_1e8vcs8._.js:776
[  767498ms] [LOG] [Fast Refresh] done in 224ms @ http://localhost:3001/_next/static/chunks/node_modules_next_dist_1e8vcs8._.js:776
[  767561ms] [LOG] [Fast Refresh] done in 224ms @ http://localhost:3001/_next/static/chunks/node_modules_next_dist_1e8vcs8._.js:776
[  767624ms] [LOG] [Fast Refresh] done in 224ms @ http://localhost:3001/_next/static/chunks/node_modules_next_dist_1e8vcs8._.js:776
[  767686ms] [LOG] [Fast Refresh] done in 224ms @ http://localhost:3001/_next/static/chunks/node_modules_next_dist_1e8vcs8._.js:776
[  767748ms] [LOG] [Fast Refresh] done in 224ms @ http://localhost:3001/_next/static/chunks/node_modules_next_dist_1e8vcs8._.js:776
[  767810ms] [LOG] [Fast Refresh] done in 224ms @ http://localhost:3001/_next/static/chunks/node_modules_next_dist_1e8vcs8._.js:776
[  767873ms] [LOG] [Fast Refresh] done in 224ms @ http://localhost:3001/_next/static/chunks/node_modules_next_dist_1e8vcs8._.js:776
[  767935ms] [LOG] [Fast Refresh] done in 224ms @ http://localhost:3001/_next/static/chunks/node_modules_next_dist_1e8vcs8._.js:776
[  767999ms] [LOG] [Fast Refresh] done in 224ms @ http://localhost:3001/_next/static/chunks/node_modules_next_dist_1e8vcs8._.js:776
[  768062ms] [LOG] [Fast Refresh] done in 224ms @ http://localhost:3001/_next/static/chunks/node_modules_next_dist_1e8vcs8._.js:776
[  768125ms] [LOG] [Fast Refresh] done in 224ms @ http://localhost:3001/_next/static/chunks/node_modules_next_dist_1e8vcs8._.js:776
[  768189ms] [LOG] [Fast Refresh] done in 224ms @ http://localhost:3001/_next/static/chunks/node_modules_next_dist_1e8vcs8._.js:776
[  768252ms] [LOG] [Fast Refresh] done in 224ms @ http://localhost:3001/_next/static/chunks/node_modules_next_dist_1e8vcs8._.js:776
[  768315ms] [LOG] [Fast Refresh] done in 224ms @ http://localhost:3001/_next/static/chunks/node_modules_next_dist_1e8vcs8._.js:776
[  768380ms] [LOG] [Fast Refresh] done in 224ms @ http://localhost:3001/_next/static/chunks/node_modules_next_dist_1e8vcs8._.js:776
[  768444ms] [LOG] [Fast Refresh] done in 224ms @ http://localhost:3001/_next/static/chunks/node_modules_next_dist_1e8vcs8._.js:776
[  768508ms] [LOG] [Fast Refresh] done in 224ms @ http://localhost:3001/_next/static/chunks/node_modules_next_dist_1e8vcs8._.js:776
[  768570ms] [LOG] [Fast Refresh] done in 224ms @ http://localhost:3001/_next/static/chunks/node_modules_next_dist_1e8vcs8._.js:776
[  768635ms] [LOG] [Fast Refresh] done in 224ms @ http://localhost:3001/_next/static/chunks/node_modules_next_dist_1e8vcs8._.js:776
[  768697ms] [LOG] [Fast Refresh] done in 224ms @ http://localhost:3001/_next/static/chunks/node_modules_next_dist_1e8vcs8._.js:776
[  768761ms] [LOG] [Fast Refresh] done in 224ms @ http://localhost:3001/_next/static/chunks/node_modules_next_dist_1e8vcs8._.js:776
[  768823ms] [LOG] [Fast Refresh] done in 224ms @ http://localhost:3001/_next/static/chunks/node_modules_next_dist_1e8vcs8._.js:776
[  768886ms] [LOG] [Fast Refresh] done in 224ms @ http://localhost:3001/_next/static/chunks/node_modules_next_dist_1e8vcs8._.js:776
[  768948ms] [LOG] [Fast Refresh] done in 224ms @ http://localhost:3001/_next/static/chunks/node_modules_next_dist_1e8vcs8._.js:776
[  769011ms] [LOG] [Fast Refresh] done in 224ms @ http://localhost:3001/_next/static/chunks/node_modules_next_dist_1e8vcs8._.js:776
[  769075ms] [LOG] [Fast Refresh] done in 224ms @ http://localhost:3001/_next/static/chunks/node_modules_next_dist_1e8vcs8._.js:776
[  769139ms] [LOG] [Fast Refresh] done in 224ms @ http://localhost:3001/_next/static/chunks/node_modules_next_dist_1e8vcs8._.js:776
[  769203ms] [LOG] [Fast Refresh] done in 224ms @ http://localhost:3001/_next/static/chunks/node_modules_next_dist_1e8vcs8._.js:776
[  769266ms] [LOG] [Fast Refresh] done in 224ms @ http://localhost:3001/_next/static/chunks/node_modules_next_dist_1e8vcs8._.js:776
[  769329ms] [LOG] [Fast Refresh] done in 224ms @ http://localhost:3001/_next/static/chunks/node_modules_next_dist_1e8vcs8._.js:776
[  769393ms] [LOG] [Fast Refresh] done in 224ms @ http://localhost:3001/_next/static/chunks/node_modules_next_dist_1e8vcs8._.js:776
[  769456ms] [LOG] [Fast Refresh] done in 224ms @ http://localhost:3001/_next/static/chunks/node_modules_next_dist_1e8vcs8._.js:776
[  769520ms] [LOG] [Fast Refresh] done in 224ms @ http://localhost:3001/_next/static/chunks/node_modules_next_dist_1e8vcs8._.js:776
[  769583ms] [LOG] [Fast Refresh] done in 224ms @ http://localhost:3001/_next/static/chunks/node_modules_next_dist_1e8vcs8._.js:776
[  769646ms] [LOG] [Fast Refresh] done in 224ms @ http://localhost:3001/_next/static/chunks/node_modules_next_dist_1e8vcs8._.js:776
[  769708ms] [LOG] [Fast Refresh] done in 224ms @ http://localhost:3001/_next/static/chunks/node_modules_next_dist_1e8vcs8._.js:776
[  769771ms] [LOG] [Fast Refresh] done in 224ms @ http://localhost:3001/_next/static/chunks/node_modules_next_dist_1e8vcs8._.js:776
[  769835ms] [LOG] [Fast Refresh] done in 224ms @ http://localhost:3001/_next/static/chunks/node_modules_next_dist_1e8vcs8._.js:776
[  769897ms] [LOG] [Fast Refresh] done in 224ms @ http://localhost:3001/_next/static/chunks/node_modules_next_dist_1e8vcs8._.js:776
[  769961ms] [LOG] [Fast Refresh] done in 224ms @ http://localhost:3001/_next/static/chunks/node_modules_next_dist_1e8vcs8._.js:776
[  770022ms] [LOG] [Fast Refresh] done in 224ms @ http://localhost:3001/_next/static/chunks/node_modules_next_dist_1e8vcs8._.js:776
[  770106ms] [LOG] [Fast Refresh] done in 224ms @ http://localhost:3001/_next/static/chunks/node_modules_next_dist_1e8vcs8._.js:776
[  770165ms] [LOG] [Fast Refresh] done in 224ms @ http://localhost:3001/_next/static/chunks/node_modules_next_dist_1e8vcs8._.js:776
[  770229ms] [LOG] [Fast Refresh] done in 224ms @ http://localhost:3001/_next/static/chunks/node_modules_next_dist_1e8vcs8._.js:776
[  770293ms] [LOG] [Fast Refresh] done in 224ms @ http://localhost:3001/_next/static/chunks/node_modules_next_dist_1e8vcs8._.js:776
[  770356ms] [LOG] [Fast Refresh] done in 224ms @ http://localhost:3001/_next/static/chunks/node_modules_next_dist_1e8vcs8._.js:776
[  770419ms] [LOG] [Fast Refresh] done in 224ms @ http://localhost:3001/_next/static/chunks/node_modules_next_dist_1e8vcs8._.js:776
[  770482ms] [LOG] [Fast Refresh] done in 224ms @ http://localhost:3001/_next/static/chunks/node_modules_next_dist_1e8vcs8._.js:776
[  770546ms] [LOG] [Fast Refresh] done in 224ms @ http://localhost:3001/_next/static/chunks/node_modules_next_dist_1e8vcs8._.js:776
[  770610ms] [LOG] [Fast Refresh] done in 224ms @ http://localhost:3001/_next/static/chunks/node_modules_next_dist_1e8vcs8._.js:776
[  770674ms] [LOG] [Fast Refresh] done in 224ms @ http://localhost:3001/_next/static/chunks/node_modules_next_dist_1e8vcs8._.js:776
[  770734ms] [LOG] [Fast Refresh] done in 224ms @ http://localhost:3001/_next/static/chunks/node_modules_next_dist_1e8vcs8._.js:776
[  770796ms] [LOG] [Fast Refresh] done in 224ms @ http://localhost:3001/_next/static/chunks/node_modules_next_dist_1e8vcs8._.js:776
[  770860ms] [LOG] [Fast Refresh] done in 224ms @ http://localhost:3001/_next/static/chunks/node_modules_next_dist_1e8vcs8._.js:776
[  770923ms] [LOG] [Fast Refresh] done in 224ms @ http://localhost:3001/_next/static/chunks/node_modules_next_dist_1e8vcs8._.js:776
[  770986ms] [LOG] [Fast Refresh] done in 224ms @ http://localhost:3001/_next/static/chunks/node_modules_next_dist_1e8vcs8._.js:776
[  771047ms] [LOG] [Fast Refresh] done in 224ms @ http://localhost:3001/_next/static/chunks/node_modules_next_dist_1e8vcs8._.js:776
[  771111ms] [LOG] [Fast Refresh] done in 224ms @ http://localhost:3001/_next/static/chunks/node_modules_next_dist_1e8vcs8._.js:776
[  771174ms] [LOG] [Fast Refresh] done in 224ms @ http://localhost:3001/_next/static/chunks/node_modules_next_dist_1e8vcs8._.js:776
[  771238ms] [LOG] [Fast Refresh] done in 224ms @ http://localhost:3001/_next/static/chunks/node_modules_next_dist_1e8vcs8._.js:776
[  771300ms] [LOG] [Fast Refresh] done in 224ms @ http://localhost:3001/_next/static/chunks/node_modules_next_dist_1e8vcs8._.js:776
[  771363ms] [LOG] [Fast Refresh] done in 224ms @ http://localhost:3001/_next/static/chunks/node_modules_next_dist_1e8vcs8._.js:776
[  771426ms] [LOG] [Fast Refresh] done in 224ms @ http://localhost:3001/_next/static/chunks/node_modules_next_dist_1e8vcs8._.js:776
[  771489ms] [LOG] [Fast Refresh] done in 224ms @ http://localhost:3001/_next/static/chunks/node_modules_next_dist_1e8vcs8._.js:776
[  771552ms] [LOG] [Fast Refresh] done in 224ms @ http://localhost:3001/_next/static/chunks/node_modules_next_dist_1e8vcs8._.js:776
[  771614ms] [LOG] [Fast Refresh] done in 224ms @ http://localhost:3001/_next/static/chunks/node_modules_next_dist_1e8vcs8._.js:776
[  771678ms] [LOG] [Fast Refresh] done in 224ms @ http://localhost:3001/_next/static/chunks/node_modules_next_dist_1e8vcs8._.js:776
[  771740ms] [LOG] [Fast Refresh] done in 224ms @ http://localhost:3001/_next/static/chunks/node_modules_next_dist_1e8vcs8._.js:776
[  771802ms] [LOG] [Fast Refresh] done in 224ms @ http://localhost:3001/_next/static/chunks/node_modules_next_dist_1e8vcs8._.js:776
[  771865ms] [LOG] [Fast Refresh] done in 224ms @ http://localhost:3001/_next/static/chunks/node_modules_next_dist_1e8vcs8._.js:776
[  771928ms] [LOG] [Fast Refresh] done in 224ms @ http://localhost:3001/_next/static/chunks/node_modules_next_dist_1e8vcs8._.js:776
[  771990ms] [LOG] [Fast Refresh] done in 224ms @ http://localhost:3001/_next/static/chunks/node_modules_next_dist_1e8vcs8._.js:776
[  772054ms] [LOG] [Fast Refresh] done in 224ms @ http://localhost:3001/_next/static/chunks/node_modules_next_dist_1e8vcs8._.js:776
[  772118ms] [LOG] [Fast Refresh] done in 224ms @ http://localhost:3001/_next/static/chunks/node_modules_next_dist_1e8vcs8._.js:776
[  772182ms] [LOG] [Fast Refresh] done in 224ms @ http://localhost:3001/_next/static/chunks/node_modules_next_dist_1e8vcs8._.js:776
[  772246ms] [LOG] [Fast Refresh] done in 224ms @ http://localhost:3001/_next/static/chunks/node_modules_next_dist_1e8vcs8._.js:776
[  772308ms] [LOG] [Fast Refresh] done in 224ms @ http://localhost:3001/_next/static/chunks/node_modules_next_dist_1e8vcs8._.js:776
[  772371ms] [LOG] [Fast Refresh] done in 224ms @ http://localhost:3001/_next/static/chunks/node_modules_next_dist_1e8vcs8._.js:776
[  772434ms] [LOG] [Fast Refresh] done in 224ms @ http://localhost:3001/_next/static/chunks/node_modules_next_dist_1e8vcs8._.js:776
[  772496ms] [LOG] [Fast Refresh] done in 224ms @ http://localhost:3001/_next/static/chunks/node_modules_next_dist_1e8vcs8._.js:776
[  772560ms] [LOG] [Fast Refresh] done in 224ms @ http://localhost:3001/_next/static/chunks/node_modules_next_dist_1e8vcs8._.js:776
[  772623ms] [LOG] [Fast Refresh] done in 224ms @ http://localhost:3001/_next/static/chunks/node_modules_next_dist_1e8vcs8._.js:776
[  772686ms] [LOG] [Fast Refresh] done in 224ms @ http://localhost:3001/_next/static/chunks/node_modules_next_dist_1e8vcs8._.js:776
[  772748ms] [LOG] [Fast Refresh] done in 224ms @ http://localhost:3001/_next/static/chunks/node_modules_next_dist_1e8vcs8._.js:776
[  772810ms] [LOG] [Fast Refresh] done in 224ms @ http://localhost:3001/_next/static/chunks/node_modules_next_dist_1e8vcs8._.js:776
[  772874ms] [LOG] [Fast Refresh] done in 224ms @ http://localhost:3001/_next/static/chunks/node_modules_next_dist_1e8vcs8._.js:776
[  772938ms] [LOG] [Fast Refresh] done in 224ms @ http://localhost:3001/_next/static/chunks/node_modules_next_dist_1e8vcs8._.js:776
[  773002ms] [LOG] [Fast Refresh] done in 224ms @ http://localhost:3001/_next/static/chunks/node_modules_next_dist_1e8vcs8._.js:776
[  773064ms] [LOG] [Fast Refresh] done in 224ms @ http://localhost:3001/_next/static/chunks/node_modules_next_dist_1e8vcs8._.js:776
[  773129ms] [LOG] [Fast Refresh] done in 224ms @ http://localhost:3001/_next/static/chunks/node_modules_next_dist_1e8vcs8._.js:776
[  773193ms] [LOG] [Fast Refresh] done in 224ms @ http://localhost:3001/_next/static/chunks/node_modules_next_dist_1e8vcs8._.js:776
[  773257ms] [LOG] [Fast Refresh] done in 224ms @ http://localhost:3001/_next/static/chunks/node_modules_next_dist_1e8vcs8._.js:776
[  773320ms] [LOG] [Fast Refresh] done in 224ms @ http://localhost:3001/_next/static/chunks/node_modules_next_dist_1e8vcs8._.js:776
[  773383ms] [LOG] [Fast Refresh] done in 224ms @ http://localhost:3001/_next/static/chunks/node_modules_next_dist_1e8vcs8._.js:776
[  773446ms] [LOG] [Fast Refresh] done in 224ms @ http://localhost:3001/_next/static/chunks/node_modules_next_dist_1e8vcs8._.js:776
[  773509ms] [LOG] [Fast Refresh] done in 224ms @ http://localhost:3001/_next/static/chunks/node_modules_next_dist_1e8vcs8._.js:776
[  773572ms] [LOG] [Fast Refresh] done in 224ms @ http://localhost:3001/_next/static/chunks/node_modules_next_dist_1e8vcs8._.js:776
[  773635ms] [LOG] [Fast Refresh] done in 224ms @ http://localhost:3001/_next/static/chunks/node_modules_next_dist_1e8vcs8._.js:776
[  773699ms] [LOG] [Fast Refresh] done in 224ms @ http://localhost:3001/_next/static/chunks/node_modules_next_dist_1e8vcs8._.js:776
[  773762ms] [LOG] [Fast Refresh] done in 224ms @ http://localhost:3001/_next/static/chunks/node_modules_next_dist_1e8vcs8._.js:776
[  773825ms] [LOG] [Fast Refresh] done in 224ms @ http://localhost:3001/_next/static/chunks/node_modules_next_dist_1e8vcs8._.js:776
[  773887ms] [LOG] [Fast Refresh] done in 224ms @ http://localhost:3001/_next/static/chunks/node_modules_next_dist_1e8vcs8._.js:776
[  773949ms] [LOG] [Fast Refresh] done in 224ms @ http://localhost:3001/_next/static/chunks/node_modules_next_dist_1e8vcs8._.js:776
[  774010ms] [LOG] [Fast Refresh] done in 224ms @ http://localhost:3001/_next/static/chunks/node_modules_next_dist_1e8vcs8._.js:776
[  774072ms] [LOG] [Fast Refresh] done in 224ms @ http://localhost:3001/_next/static/chunks/node_modules_next_dist_1e8vcs8._.js:776
[  774136ms] [LOG] [Fast Refresh] done in 224ms @ http://localhost:3001/_next/static/chunks/node_modules_next_dist_1e8vcs8._.js:776
[  774199ms] [LOG] [Fast Refresh] done in 224ms @ http://localhost:3001/_next/static/chunks/node_modules_next_dist_1e8vcs8._.js:776
[  774262ms] [LOG] [Fast Refresh] done in 224ms @ http://localhost:3001/_next/static/chunks/node_modules_next_dist_1e8vcs8._.js:776
[  774325ms] [LOG] [Fast Refresh] done in 224ms @ http://localhost:3001/_next/static/chunks/node_modules_next_dist_1e8vcs8._.js:776
[  774387ms] [LOG] [Fast Refresh] done in 224ms @ http://localhost:3001/_next/static/chunks/node_modules_next_dist_1e8vcs8._.js:776
[  774452ms] [LOG] [Fast Refresh] done in 224ms @ http://localhost:3001/_next/static/chunks/node_modules_next_dist_1e8vcs8._.js:776
[  774514ms] [LOG] [Fast Refresh] done in 224ms @ http://localhost:3001/_next/static/chunks/node_modules_next_dist_1e8vcs8._.js:776
[  774578ms] [LOG] [Fast Refresh] done in 224ms @ http://localhost:3001/_next/static/chunks/node_modules_next_dist_1e8vcs8._.js:776
[  774641ms] [LOG] [Fast Refresh] done in 224ms @ http://localhost:3001/_next/static/chunks/node_modules_next_dist_1e8vcs8._.js:776
[  774704ms] [LOG] [Fast Refresh] done in 224ms @ http://localhost:3001/_next/static/chunks/node_modules_next_dist_1e8vcs8._.js:776
[  774766ms] [LOG] [Fast Refresh] done in 224ms @ http://localhost:3001/_next/static/chunks/node_modules_next_dist_1e8vcs8._.js:776
[  774829ms] [LOG] [Fast Refresh] done in 224ms @ http://localhost:3001/_next/static/chunks/node_modules_next_dist_1e8vcs8._.js:776
[  774891ms] [LOG] [Fast Refresh] done in 224ms @ http://localhost:3001/_next/static/chunks/node_modules_next_dist_1e8vcs8._.js:776
[  774953ms] [LOG] [Fast Refresh] done in 224ms @ http://localhost:3001/_next/static/chunks/node_modules_next_dist_1e8vcs8._.js:776
[  775016ms] [LOG] [Fast Refresh] done in 224ms @ http://localhost:3001/_next/static/chunks/node_modules_next_dist_1e8vcs8._.js:776
[  775079ms] [LOG] [Fast Refresh] done in 224ms @ http://localhost:3001/_next/static/chunks/node_modules_next_dist_1e8vcs8._.js:776
[  775142ms] [LOG] [Fast Refresh] done in 224ms @ http://localhost:3001/_next/static/chunks/node_modules_next_dist_1e8vcs8._.js:776
[  775206ms] [LOG] [Fast Refresh] done in 224ms @ http://localhost:3001/_next/static/chunks/node_modules_next_dist_1e8vcs8._.js:776
[  775269ms] [LOG] [Fast Refresh] done in 224ms @ http://localhost:3001/_next/static/chunks/node_modules_next_dist_1e8vcs8._.js:776
[  775331ms] [LOG] [Fast Refresh] done in 224ms @ http://localhost:3001/_next/static/chunks/node_modules_next_dist_1e8vcs8._.js:776
[  775394ms] [LOG] [Fast Refresh] done in 224ms @ http://localhost:3001/_next/static/chunks/node_modules_next_dist_1e8vcs8._.js:776
[  775446ms] [LOG] [Fast Refresh] done in 224ms @ http://localhost:3001/_next/static/chunks/node_modules_next_dist_1e8vcs8._.js:776
[  775505ms] [LOG] [Fast Refresh] done in 224ms @ http://localhost:3001/_next/static/chunks/node_modules_next_dist_1e8vcs8._.js:776
[  775569ms] [LOG] [Fast Refresh] done in 224ms @ http://localhost:3001/_next/static/chunks/node_modules_next_dist_1e8vcs8._.js:776
[  775632ms] [LOG] [Fast Refresh] done in 224ms @ http://localhost:3001/_next/static/chunks/node_modules_next_dist_1e8vcs8._.js:776
[  775694ms] [LOG] [Fast Refresh] done in 224ms @ http://localhost:3001/_next/static/chunks/node_modules_next_dist_1e8vcs8._.js:776
[  775758ms] [LOG] [Fast Refresh] done in 224ms @ http://localhost:3001/_next/static/chunks/node_modules_next_dist_1e8vcs8._.js:776
[  775820ms] [LOG] [Fast Refresh] done in 224ms @ http://localhost:3001/_next/static/chunks/node_modules_next_dist_1e8vcs8._.js:776
[  775884ms] [LOG] [Fast Refresh] done in 224ms @ http://localhost:3001/_next/static/chunks/node_modules_next_dist_1e8vcs8._.js:776
[  775945ms] [LOG] [Fast Refresh] done in 224ms @ http://localhost:3001/_next/static/chunks/node_modules_next_dist_1e8vcs8._.js:776
[  776009ms] [LOG] [Fast Refresh] done in 224ms @ http://localhost:3001/_next/static/chunks/node_modules_next_dist_1e8vcs8._.js:776
[  776071ms] [LOG] [Fast Refresh] done in 224ms @ http://localhost:3001/_next/static/chunks/node_modules_next_dist_1e8vcs8._.js:776
[  776135ms] [LOG] [Fast Refresh] done in 224ms @ http://localhost:3001/_next/static/chunks/node_modules_next_dist_1e8vcs8._.js:776
[  776198ms] [LOG] [Fast Refresh] done in 224ms @ http://localhost:3001/_next/static/chunks/node_modules_next_dist_1e8vcs8._.js:776
[  776261ms] [LOG] [Fast Refresh] done in 224ms @ http://localhost:3001/_next/static/chunks/node_modules_next_dist_1e8vcs8._.js:776
[  776324ms] [LOG] [Fast Refresh] done in 224ms @ http://localhost:3001/_next/static/chunks/node_modules_next_dist_1e8vcs8._.js:776
[  776388ms] [LOG] [Fast Refresh] done in 224ms @ http://localhost:3001/_next/static/chunks/node_modules_next_dist_1e8vcs8._.js:776
[  776449ms] [LOG] [Fast Refresh] done in 224ms @ http://localhost:3001/_next/static/chunks/node_modules_next_dist_1e8vcs8._.js:776
[  776513ms] [LOG] [Fast Refresh] done in 224ms @ http://localhost:3001/_next/static/chunks/node_modules_next_dist_1e8vcs8._.js:776
[  776575ms] [LOG] [Fast Refresh] done in 224ms @ http://localhost:3001/_next/static/chunks/node_modules_next_dist_1e8vcs8._.js:776
[  776639ms] [LOG] [Fast Refresh] done in 224ms @ http://localhost:3001/_next/static/chunks/node_modules_next_dist_1e8vcs8._.js:776
[  776701ms] [LOG] [Fast Refresh] done in 224ms @ http://localhost:3001/_next/static/chunks/node_modules_next_dist_1e8vcs8._.js:776
[  776764ms] [LOG] [Fast Refresh] done in 224ms @ http://localhost:3001/_next/static/chunks/node_modules_next_dist_1e8vcs8._.js:776
[  776828ms] [LOG] [Fast Refresh] done in 224ms @ http://localhost:3001/_next/static/chunks/node_modules_next_dist_1e8vcs8._.js:776
[  776892ms] [LOG] [Fast Refresh] done in 224ms @ http://localhost:3001/_next/static/chunks/node_modules_next_dist_1e8vcs8._.js:776
[  776956ms] [LOG] [Fast Refresh] done in 224ms @ http://localhost:3001/_next/static/chunks/node_modules_next_dist_1e8vcs8._.js:776
[  777020ms] [LOG] [Fast Refresh] done in 224ms @ http://localhost:3001/_next/static/chunks/node_modules_next_dist_1e8vcs8._.js:776
[  777082ms] [LOG] [Fast Refresh] done in 224ms @ http://localhost:3001/_next/static/chunks/node_modules_next_dist_1e8vcs8._.js:776
[  777145ms] [LOG] [Fast Refresh] done in 224ms @ http://localhost:3001/_next/static/chunks/node_modules_next_dist_1e8vcs8._.js:776
[  777208ms] [LOG] [Fast Refresh] done in 224ms @ http://localhost:3001/_next/static/chunks/node_modules_next_dist_1e8vcs8._.js:776
[  777271ms] [LOG] [Fast Refresh] done in 224ms @ http://localhost:3001/_next/static/chunks/node_modules_next_dist_1e8vcs8._.js:776
[  777332ms] [LOG] [Fast Refresh] done in 224ms @ http://localhost:3001/_next/static/chunks/node_modules_next_dist_1e8vcs8._.js:776
[  777394ms] [LOG] [Fast Refresh] done in 224ms @ http://localhost:3001/_next/static/chunks/node_modules_next_dist_1e8vcs8._.js:776
[  777456ms] [LOG] [Fast Refresh] done in 224ms @ http://localhost:3001/_next/static/chunks/node_modules_next_dist_1e8vcs8._.js:776
[  777519ms] [LOG] [Fast Refresh] done in 224ms @ http://localhost:3001/_next/static/chunks/node_modules_next_dist_1e8vcs8._.js:776
[  777583ms] [LOG] [Fast Refresh] done in 224ms @ http://localhost:3001/_next/static/chunks/node_modules_next_dist_1e8vcs8._.js:776
[  777645ms] [LOG] [Fast Refresh] done in 224ms @ http://localhost:3001/_next/static/chunks/node_modules_next_dist_1e8vcs8._.js:776
[  777707ms] [LOG] [Fast Refresh] done in 224ms @ http://localhost:3001/_next/static/chunks/node_modules_next_dist_1e8vcs8._.js:776
[  777771ms] [LOG] [Fast Refresh] done in 224ms @ http://localhost:3001/_next/static/chunks/node_modules_next_dist_1e8vcs8._.js:776
[  777834ms] [LOG] [Fast Refresh] done in 224ms @ http://localhost:3001/_next/static/chunks/node_modules_next_dist_1e8vcs8._.js:776
[  777896ms] [LOG] [Fast Refresh] done in 224ms @ http://localhost:3001/_next/static/chunks/node_modules_next_dist_1e8vcs8._.js:776
[  777959ms] [LOG] [Fast Refresh] done in 224ms @ http://localhost:3001/_next/static/chunks/node_modules_next_dist_1e8vcs8._.js:776
[  778023ms] [LOG] [Fast Refresh] done in 224ms @ http://localhost:3001/_next/static/chunks/node_modules_next_dist_1e8vcs8._.js:776
[  778083ms] [LOG] [Fast Refresh] done in 224ms @ http://localhost:3001/_next/static/chunks/node_modules_next_dist_1e8vcs8._.js:776
[  778145ms] [LOG] [Fast Refresh] done in 224ms @ http://localhost:3001/_next/static/chunks/node_modules_next_dist_1e8vcs8._.js:776
[  778208ms] [LOG] [Fast Refresh] done in 224ms @ http://localhost:3001/_next/static/chunks/node_modules_next_dist_1e8vcs8._.js:776
[  778272ms] [LOG] [Fast Refresh] done in 224ms @ http://localhost:3001/_next/static/chunks/node_modules_next_dist_1e8vcs8._.js:776
[  778334ms] [LOG] [Fast Refresh] done in 224ms @ http://localhost:3001/_next/static/chunks/node_modules_next_dist_1e8vcs8._.js:776
[  778397ms] [LOG] [Fast Refresh] done in 224ms @ http://localhost:3001/_next/static/chunks/node_modules_next_dist_1e8vcs8._.js:776
[  778459ms] [LOG] [Fast Refresh] done in 224ms @ http://localhost:3001/_next/static/chunks/node_modules_next_dist_1e8vcs8._.js:776
[  778521ms] [LOG] [Fast Refresh] done in 224ms @ http://localhost:3001/_next/static/chunks/node_modules_next_dist_1e8vcs8._.js:776
[  778586ms] [LOG] [Fast Refresh] done in 224ms @ http://localhost:3001/_next/static/chunks/node_modules_next_dist_1e8vcs8._.js:776
[  778648ms] [LOG] [Fast Refresh] done in 224ms @ http://localhost:3001/_next/static/chunks/node_modules_next_dist_1e8vcs8._.js:776
[  778712ms] [LOG] [Fast Refresh] done in 224ms @ http://localhost:3001/_next/static/chunks/node_modules_next_dist_1e8vcs8._.js:776
[  778775ms] [LOG] [Fast Refresh] done in 224ms @ http://localhost:3001/_next/static/chunks/node_modules_next_dist_1e8vcs8._.js:776
[  778838ms] [LOG] [Fast Refresh] done in 224ms @ http://localhost:3001/_next/static/chunks/node_modules_next_dist_1e8vcs8._.js:776
[  778901ms] [LOG] [Fast Refresh] done in 224ms @ http://localhost:3001/_next/static/chunks/node_modules_next_dist_1e8vcs8._.js:776
[  778963ms] [LOG] [Fast Refresh] done in 224ms @ http://localhost:3001/_next/static/chunks/node_modules_next_dist_1e8vcs8._.js:776
[  779026ms] [LOG] [Fast Refresh] done in 224ms @ http://localhost:3001/_next/static/chunks/node_modules_next_dist_1e8vcs8._.js:776
[  779088ms] [LOG] [Fast Refresh] done in 224ms @ http://localhost:3001/_next/static/chunks/node_modules_next_dist_1e8vcs8._.js:776
[  779150ms] [LOG] [Fast Refresh] done in 224ms @ http://localhost:3001/_next/static/chunks/node_modules_next_dist_1e8vcs8._.js:776
[  779213ms] [LOG] [Fast Refresh] done in 224ms @ http://localhost:3001/_next/static/chunks/node_modules_next_dist_1e8vcs8._.js:776
[  779277ms] [LOG] [Fast Refresh] done in 224ms @ http://localhost:3001/_next/static/chunks/node_modules_next_dist_1e8vcs8._.js:776
[  779338ms] [LOG] [Fast Refresh] done in 224ms @ http://localhost:3001/_next/static/chunks/node_modules_next_dist_1e8vcs8._.js:776
[  779402ms] [LOG] [Fast Refresh] done in 224ms @ http://localhost:3001/_next/static/chunks/node_modules_next_dist_1e8vcs8._.js:776
[  779463ms] [LOG] [Fast Refresh] done in 224ms @ http://localhost:3001/_next/static/chunks/node_modules_next_dist_1e8vcs8._.js:776
[  779526ms] [LOG] [Fast Refresh] done in 224ms @ http://localhost:3001/_next/static/chunks/node_modules_next_dist_1e8vcs8._.js:776
[  779588ms] [LOG] [Fast Refresh] done in 224ms @ http://localhost:3001/_next/static/chunks/node_modules_next_dist_1e8vcs8._.js:776
[  779650ms] [LOG] [Fast Refresh] done in 224ms @ http://localhost:3001/_next/static/chunks/node_modules_next_dist_1e8vcs8._.js:776
[  779713ms] [LOG] [Fast Refresh] done in 224ms @ http://localhost:3001/_next/static/chunks/node_modules_next_dist_1e8vcs8._.js:776
[  779778ms] [LOG] [Fast Refresh] done in 224ms @ http://localhost:3001/_next/static/chunks/node_modules_next_dist_1e8vcs8._.js:776
[  779841ms] [LOG] [Fast Refresh] done in 224ms @ http://localhost:3001/_next/static/chunks/node_modules_next_dist_1e8vcs8._.js:776
[  779905ms] [LOG] [Fast Refresh] done in 224ms @ http://localhost:3001/_next/static/chunks/node_modules_next_dist_1e8vcs8._.js:776
[  779969ms] [LOG] [Fast Refresh] done in 224ms @ http://localhost:3001/_next/static/chunks/node_modules_next_dist_1e8vcs8._.js:776
[  780031ms] [LOG] [Fast Refresh] done in 224ms @ http://localhost:3001/_next/static/chunks/node_modules_next_dist_1e8vcs8._.js:776
[  780095ms] [LOG] [Fast Refresh] done in 224ms @ http://localhost:3001/_next/static/chunks/node_modules_next_dist_1e8vcs8._.js:776
[  780158ms] [LOG] [Fast Refresh] done in 224ms @ http://localhost:3001/_next/static/chunks/node_modules_next_dist_1e8vcs8._.js:776
[  780222ms] [LOG] [Fast Refresh] done in 224ms @ http://localhost:3001/_next/static/chunks/node_modules_next_dist_1e8vcs8._.js:776
[  780286ms] [LOG] [Fast Refresh] done in 224ms @ http://localhost:3001/_next/static/chunks/node_modules_next_dist_1e8vcs8._.js:776
[  780349ms] [LOG] [Fast Refresh] done in 224ms @ http://localhost:3001/_next/static/chunks/node_modules_next_dist_1e8vcs8._.js:776
[  780412ms] [LOG] [Fast Refresh] done in 224ms @ http://localhost:3001/_next/static/chunks/node_modules_next_dist_1e8vcs8._.js:776
[  780474ms] [LOG] [Fast Refresh] done in 224ms @ http://localhost:3001/_next/static/chunks/node_modules_next_dist_1e8vcs8._.js:776
[  780538ms] [LOG] [Fast Refresh] done in 224ms @ http://localhost:3001/_next/static/chunks/node_modules_next_dist_1e8vcs8._.js:776
[  780600ms] [LOG] [Fast Refresh] done in 224ms @ http://localhost:3001/_next/static/chunks/node_modules_next_dist_1e8vcs8._.js:776
[  780663ms] [LOG] [Fast Refresh] done in 224ms @ http://localhost:3001/_next/static/chunks/node_modules_next_dist_1e8vcs8._.js:776
[  780726ms] [LOG] [Fast Refresh] done in 224ms @ http://localhost:3001/_next/static/chunks/node_modules_next_dist_1e8vcs8._.js:776
[  780789ms] [LOG] [Fast Refresh] done in 224ms @ http://localhost:3001/_next/static/chunks/node_modules_next_dist_1e8vcs8._.js:776
[  780852ms] [LOG] [Fast Refresh] done in 224ms @ http://localhost:3001/_next/static/chunks/node_modules_next_dist_1e8vcs8._.js:776
[  780917ms] [LOG] [Fast Refresh] done in 224ms @ http://localhost:3001/_next/static/chunks/node_modules_next_dist_1e8vcs8._.js:776
[  780978ms] [LOG] [Fast Refresh] done in 224ms @ http://localhost:3001/_next/static/chunks/node_modules_next_dist_1e8vcs8._.js:776
[  781040ms] [LOG] [Fast Refresh] done in 224ms @ http://localhost:3001/_next/static/chunks/node_modules_next_dist_1e8vcs8._.js:776
[  781104ms] [LOG] [Fast Refresh] done in 224ms @ http://localhost:3001/_next/static/chunks/node_modules_next_dist_1e8vcs8._.js:776
[  781167ms] [LOG] [Fast Refresh] done in 224ms @ http://localhost:3001/_next/static/chunks/node_modules_next_dist_1e8vcs8._.js:776
[  781229ms] [LOG] [Fast Refresh] done in 224ms @ http://localhost:3001/_next/static/chunks/node_modules_next_dist_1e8vcs8._.js:776
[  781293ms] [LOG] [Fast Refresh] done in 224ms @ http://localhost:3001/_next/static/chunks/node_modules_next_dist_1e8vcs8._.js:776
[  781357ms] [LOG] [Fast Refresh] done in 224ms @ http://localhost:3001/_next/static/chunks/node_modules_next_dist_1e8vcs8._.js:776
[  781420ms] [LOG] [Fast Refresh] done in 224ms @ http://localhost:3001/_next/static/chunks/node_modules_next_dist_1e8vcs8._.js:776
[  781482ms] [LOG] [Fast Refresh] done in 224ms @ http://localhost:3001/_next/static/chunks/node_modules_next_dist_1e8vcs8._.js:776
[  781545ms] [LOG] [Fast Refresh] done in 224ms @ http://localhost:3001/_next/static/chunks/node_modules_next_dist_1e8vcs8._.js:776
[  781608ms] [LOG] [Fast Refresh] done in 224ms @ http://localhost:3001/_next/static/chunks/node_modules_next_dist_1e8vcs8._.js:776
[  781672ms] [LOG] [Fast Refresh] done in 224ms @ http://localhost:3001/_next/static/chunks/node_modules_next_dist_1e8vcs8._.js:776
[  781734ms] [LOG] [Fast Refresh] done in 224ms @ http://localhost:3001/_next/static/chunks/node_modules_next_dist_1e8vcs8._.js:776
[  781797ms] [LOG] [Fast Refresh] done in 224ms @ http://localhost:3001/_next/static/chunks/node_modules_next_dist_1e8vcs8._.js:776
[  781860ms] [LOG] [Fast Refresh] done in 224ms @ http://localhost:3001/_next/static/chunks/node_modules_next_dist_1e8vcs8._.js:776
[  781922ms] [LOG] [Fast Refresh] done in 224ms @ http://localhost:3001/_next/static/chunks/node_modules_next_dist_1e8vcs8._.js:776
[  781986ms] [LOG] [Fast Refresh] done in 224ms @ http://localhost:3001/_next/static/chunks/node_modules_next_dist_1e8vcs8._.js:776
[  782049ms] [LOG] [Fast Refresh] done in 224ms @ http://localhost:3001/_next/static/chunks/node_modules_next_dist_1e8vcs8._.js:776
[  782112ms] [LOG] [Fast Refresh] done in 224ms @ http://localhost:3001/_next/static/chunks/node_modules_next_dist_1e8vcs8._.js:776
[  782176ms] [LOG] [Fast Refresh] done in 224ms @ http://localhost:3001/_next/static/chunks/node_modules_next_dist_1e8vcs8._.js:776
[  782238ms] [LOG] [Fast Refresh] done in 224ms @ http://localhost:3001/_next/static/chunks/node_modules_next_dist_1e8vcs8._.js:776
[  782301ms] [LOG] [Fast Refresh] done in 224ms @ http://localhost:3001/_next/static/chunks/node_modules_next_dist_1e8vcs8._.js:776
[  782364ms] [LOG] [Fast Refresh] done in 224ms @ http://localhost:3001/_next/static/chunks/node_modules_next_dist_1e8vcs8._.js:776
[  782428ms] [LOG] [Fast Refresh] done in 224ms @ http://localhost:3001/_next/static/chunks/node_modules_next_dist_1e8vcs8._.js:776
[  782489ms] [LOG] [Fast Refresh] done in 224ms @ http://localhost:3001/_next/static/chunks/node_modules_next_dist_1e8vcs8._.js:776
[  782551ms] [LOG] [Fast Refresh] done in 224ms @ http://localhost:3001/_next/static/chunks/node_modules_next_dist_1e8vcs8._.js:776
[  782615ms] [LOG] [Fast Refresh] done in 224ms @ http://localhost:3001/_next/static/chunks/node_modules_next_dist_1e8vcs8._.js:776
[  782677ms] [LOG] [Fast Refresh] done in 224ms @ http://localhost:3001/_next/static/chunks/node_modules_next_dist_1e8vcs8._.js:776
[  782740ms] [LOG] [Fast Refresh] done in 224ms @ http://localhost:3001/_next/static/chunks/node_modules_next_dist_1e8vcs8._.js:776
[  782803ms] [LOG] [Fast Refresh] done in 224ms @ http://localhost:3001/_next/static/chunks/node_modules_next_dist_1e8vcs8._.js:776
[  782865ms] [LOG] [Fast Refresh] done in 224ms @ http://localhost:3001/_next/static/chunks/node_modules_next_dist_1e8vcs8._.js:776
[  782929ms] [LOG] [Fast Refresh] done in 224ms @ http://localhost:3001/_next/static/chunks/node_modules_next_dist_1e8vcs8._.js:776
[  782991ms] [LOG] [Fast Refresh] done in 224ms @ http://localhost:3001/_next/static/chunks/node_modules_next_dist_1e8vcs8._.js:776
[  783086ms] [LOG] [Fast Refresh] done in 224ms @ http://localhost:3001/_next/static/chunks/node_modules_next_dist_1e8vcs8._.js:776
[  783148ms] [LOG] [Fast Refresh] done in 224ms @ http://localhost:3001/_next/static/chunks/node_modules_next_dist_1e8vcs8._.js:776
[  783210ms] [LOG] [Fast Refresh] done in 224ms @ http://localhost:3001/_next/static/chunks/node_modules_next_dist_1e8vcs8._.js:776
[  783274ms] [LOG] [Fast Refresh] done in 224ms @ http://localhost:3001/_next/static/chunks/node_modules_next_dist_1e8vcs8._.js:776
[  783337ms] [LOG] [Fast Refresh] done in 224ms @ http://localhost:3001/_next/static/chunks/node_modules_next_dist_1e8vcs8._.js:776
[  783401ms] [LOG] [Fast Refresh] done in 224ms @ http://localhost:3001/_next/static/chunks/node_modules_next_dist_1e8vcs8._.js:776
[  783463ms] [LOG] [Fast Refresh] done in 224ms @ http://localhost:3001/_next/static/chunks/node_modules_next_dist_1e8vcs8._.js:776
[  783526ms] [LOG] [Fast Refresh] done in 224ms @ http://localhost:3001/_next/static/chunks/node_modules_next_dist_1e8vcs8._.js:776
[  783589ms] [LOG] [Fast Refresh] done in 224ms @ http://localhost:3001/_next/static/chunks/node_modules_next_dist_1e8vcs8._.js:776
[  783651ms] [LOG] [Fast Refresh] done in 224ms @ http://localhost:3001/_next/static/chunks/node_modules_next_dist_1e8vcs8._.js:776
[  783714ms] [LOG] [Fast Refresh] done in 224ms @ http://localhost:3001/_next/static/chunks/node_modules_next_dist_1e8vcs8._.js:776
[  783779ms] [LOG] [Fast Refresh] done in 224ms @ http://localhost:3001/_next/static/chunks/node_modules_next_dist_1e8vcs8._.js:776
[  783841ms] [LOG] [Fast Refresh] done in 224ms @ http://localhost:3001/_next/static/chunks/node_modules_next_dist_1e8vcs8._.js:776
[  783921ms] [LOG] [Fast Refresh] done in 224ms @ http://localhost:3001/_next/static/chunks/node_modules_next_dist_1e8vcs8._.js:776
[  783981ms] [LOG] [Fast Refresh] done in 224ms @ http://localhost:3001/_next/static/chunks/node_modules_next_dist_1e8vcs8._.js:776
[  784041ms] [LOG] [Fast Refresh] done in 224ms @ http://localhost:3001/_next/static/chunks/node_modules_next_dist_1e8vcs8._.js:776
[  784105ms] [LOG] [Fast Refresh] done in 224ms @ http://localhost:3001/_next/static/chunks/node_modules_next_dist_1e8vcs8._.js:776
[  784167ms] [LOG] [Fast Refresh] done in 224ms @ http://localhost:3001/_next/static/chunks/node_modules_next_dist_1e8vcs8._.js:776
[  784276ms] [LOG] [Fast Refresh] done in 224ms @ http://localhost:3001/_next/static/chunks/node_modules_next_dist_1e8vcs8._.js:776
[  784339ms] [LOG] [Fast Refresh] done in 224ms @ http://localhost:3001/_next/static/chunks/node_modules_next_dist_1e8vcs8._.js:776
[  784403ms] [LOG] [Fast Refresh] done in 224ms @ http://localhost:3001/_next/static/chunks/node_modules_next_dist_1e8vcs8._.js:776
[  784480ms] [LOG] [Fast Refresh] done in 224ms @ http://localhost:3001/_next/static/chunks/node_modules_next_dist_1e8vcs8._.js:776
[  784561ms] [LOG] [Fast Refresh] done in 224ms @ http://localhost:3001/_next/static/chunks/node_modules_next_dist_1e8vcs8._.js:776
[  784623ms] [LOG] [Fast Refresh] done in 224ms @ http://localhost:3001/_next/static/chunks/node_modules_next_dist_1e8vcs8._.js:776
[  784700ms] [LOG] [Fast Refresh] done in 224ms @ http://localhost:3001/_next/static/chunks/node_modules_next_dist_1e8vcs8._.js:776
[  784775ms] [LOG] [Fast Refresh] done in 224ms @ http://localhost:3001/_next/static/chunks/node_modules_next_dist_1e8vcs8._.js:776
[  784838ms] [LOG] [Fast Refresh] done in 224ms @ http://localhost:3001/_next/static/chunks/node_modules_next_dist_1e8vcs8._.js:776
[  784900ms] [LOG] [Fast Refresh] done in 224ms @ http://localhost:3001/_next/static/chunks/node_modules_next_dist_1e8vcs8._.js:776
[  784961ms] [LOG] [Fast Refresh] done in 224ms @ http://localhost:3001/_next/static/chunks/node_modules_next_dist_1e8vcs8._.js:776
[  785024ms] [LOG] [Fast Refresh] done in 224ms @ http://localhost:3001/_next/static/chunks/node_modules_next_dist_1e8vcs8._.js:776
[  785088ms] [LOG] [Fast Refresh] done in 224ms @ http://localhost:3001/_next/static/chunks/node_modules_next_dist_1e8vcs8._.js:776
[  785149ms] [LOG] [Fast Refresh] done in 224ms @ http://localhost:3001/_next/static/chunks/node_modules_next_dist_1e8vcs8._.js:776
[  785248ms] [LOG] [Fast Refresh] done in 224ms @ http://localhost:3001/_next/static/chunks/node_modules_next_dist_1e8vcs8._.js:776
[  785382ms] [LOG] [Fast Refresh] done in 224ms @ http://localhost:3001/_next/static/chunks/node_modules_next_dist_1e8vcs8._.js:776
[  785444ms] [LOG] [Fast Refresh] done in 224ms @ http://localhost:3001/_next/static/chunks/node_modules_next_dist_1e8vcs8._.js:776
[  785507ms] [LOG] [Fast Refresh] done in 224ms @ http://localhost:3001/_next/static/chunks/node_modules_next_dist_1e8vcs8._.js:776
[  785571ms] [LOG] [Fast Refresh] done in 224ms @ http://localhost:3001/_next/static/chunks/node_modules_next_dist_1e8vcs8._.js:776
[  785633ms] [LOG] [Fast Refresh] done in 224ms @ http://localhost:3001/_next/static/chunks/node_modules_next_dist_1e8vcs8._.js:776
[  785739ms] [LOG] [Fast Refresh] done in 224ms @ http://localhost:3001/_next/static/chunks/node_modules_next_dist_1e8vcs8._.js:776
[  785809ms] [LOG] [Fast Refresh] done in 224ms @ http://localhost:3001/_next/static/chunks/node_modules_next_dist_1e8vcs8._.js:776
[  785881ms] [LOG] [Fast Refresh] done in 224ms @ http://localhost:3001/_next/static/chunks/node_modules_next_dist_1e8vcs8._.js:776
[  785984ms] [LOG] [Fast Refresh] done in 224ms @ http://localhost:3001/_next/static/chunks/node_modules_next_dist_1e8vcs8._.js:776
[  786038ms] [LOG] [Fast Refresh] done in 224ms @ http://localhost:3001/_next/static/chunks/node_modules_next_dist_1e8vcs8._.js:776
[  786131ms] [LOG] [Fast Refresh] done in 224ms @ http://localhost:3001/_next/static/chunks/node_modules_next_dist_1e8vcs8._.js:776
[  786193ms] [LOG] [Fast Refresh] done in 224ms @ http://localhost:3001/_next/static/chunks/node_modules_next_dist_1e8vcs8._.js:776
[  786255ms] [LOG] [Fast Refresh] done in 224ms @ http://localhost:3001/_next/static/chunks/node_modules_next_dist_1e8vcs8._.js:776
[  786315ms] [LOG] [Fast Refresh] done in 224ms @ http://localhost:3001/_next/static/chunks/node_modules_next_dist_1e8vcs8._.js:776
[  786391ms] [LOG] [Fast Refresh] done in 224ms @ http://localhost:3001/_next/static/chunks/node_modules_next_dist_1e8vcs8._.js:776
[  786455ms] [LOG] [Fast Refresh] done in 224ms @ http://localhost:3001/_next/static/chunks/node_modules_next_dist_1e8vcs8._.js:776
[  786517ms] [LOG] [Fast Refresh] done in 224ms @ http://localhost:3001/_next/static/chunks/node_modules_next_dist_1e8vcs8._.js:776
[  786579ms] [LOG] [Fast Refresh] done in 224ms @ http://localhost:3001/_next/static/chunks/node_modules_next_dist_1e8vcs8._.js:776
[  786642ms] [LOG] [Fast Refresh] done in 224ms @ http://localhost:3001/_next/static/chunks/node_modules_next_dist_1e8vcs8._.js:776
[  786705ms] [LOG] [Fast Refresh] done in 224ms @ http://localhost:3001/_next/static/chunks/node_modules_next_dist_1e8vcs8._.js:776
[  786767ms] [LOG] [Fast Refresh] done in 224ms @ http://localhost:3001/_next/static/chunks/node_modules_next_dist_1e8vcs8._.js:776
[  786829ms] [LOG] [Fast Refresh] done in 224ms @ http://localhost:3001/_next/static/chunks/node_modules_next_dist_1e8vcs8._.js:776
[  786892ms] [LOG] [Fast Refresh] done in 224ms @ http://localhost:3001/_next/static/chunks/node_modules_next_dist_1e8vcs8._.js:776
[  786956ms] [LOG] [Fast Refresh] done in 224ms @ http://localhost:3001/_next/static/chunks/node_modules_next_dist_1e8vcs8._.js:776
[  787020ms] [LOG] [Fast Refresh] done in 224ms @ http://localhost:3001/_next/static/chunks/node_modules_next_dist_1e8vcs8._.js:776
[  787082ms] [LOG] [Fast Refresh] done in 224ms @ http://localhost:3001/_next/static/chunks/node_modules_next_dist_1e8vcs8._.js:776
[  787144ms] [LOG] [Fast Refresh] done in 224ms @ http://localhost:3001/_next/static/chunks/node_modules_next_dist_1e8vcs8._.js:776
[  787207ms] [LOG] [Fast Refresh] done in 224ms @ http://localhost:3001/_next/static/chunks/node_modules_next_dist_1e8vcs8._.js:776
[  787271ms] [LOG] [Fast Refresh] done in 224ms @ http://localhost:3001/_next/static/chunks/node_modules_next_dist_1e8vcs8._.js:776
[  787335ms] [LOG] [Fast Refresh] done in 224ms @ http://localhost:3001/_next/static/chunks/node_modules_next_dist_1e8vcs8._.js:776
[  787397ms] [LOG] [Fast Refresh] done in 224ms @ http://localhost:3001/_next/static/chunks/node_modules_next_dist_1e8vcs8._.js:776
[  787458ms] [LOG] [Fast Refresh] done in 224ms @ http://localhost:3001/_next/static/chunks/node_modules_next_dist_1e8vcs8._.js:776
[  787522ms] [LOG] [Fast Refresh] done in 224ms @ http://localhost:3001/_next/static/chunks/node_modules_next_dist_1e8vcs8._.js:776
[  787585ms] [LOG] [Fast Refresh] done in 224ms @ http://localhost:3001/_next/static/chunks/node_modules_next_dist_1e8vcs8._.js:776
[  787647ms] [LOG] [Fast Refresh] done in 224ms @ http://localhost:3001/_next/static/chunks/node_modules_next_dist_1e8vcs8._.js:776
[  787710ms] [LOG] [Fast Refresh] done in 224ms @ http://localhost:3001/_next/static/chunks/node_modules_next_dist_1e8vcs8._.js:776
[  787773ms] [LOG] [Fast Refresh] done in 224ms @ http://localhost:3001/_next/static/chunks/node_modules_next_dist_1e8vcs8._.js:776
[  787838ms] [LOG] [Fast Refresh] done in 224ms @ http://localhost:3001/_next/static/chunks/node_modules_next_dist_1e8vcs8._.js:776
[  787901ms] [LOG] [Fast Refresh] done in 224ms @ http://localhost:3001/_next/static/chunks/node_modules_next_dist_1e8vcs8._.js:776
[  787968ms] [LOG] [Fast Refresh] done in 224ms @ http://localhost:3001/_next/static/chunks/node_modules_next_dist_1e8vcs8._.js:776
[  788024ms] [LOG] [Fast Refresh] done in 224ms @ http://localhost:3001/_next/static/chunks/node_modules_next_dist_1e8vcs8._.js:776
[  788086ms] [LOG] [Fast Refresh] done in 224ms @ http://localhost:3001/_next/static/chunks/node_modules_next_dist_1e8vcs8._.js:776
[  788148ms] [LOG] [Fast Refresh] done in 224ms @ http://localhost:3001/_next/static/chunks/node_modules_next_dist_1e8vcs8._.js:776
[  788212ms] [LOG] [Fast Refresh] done in 224ms @ http://localhost:3001/_next/static/chunks/node_modules_next_dist_1e8vcs8._.js:776
[  788274ms] [LOG] [Fast Refresh] done in 224ms @ http://localhost:3001/_next/static/chunks/node_modules_next_dist_1e8vcs8._.js:776
[  788339ms] [LOG] [Fast Refresh] done in 224ms @ http://localhost:3001/_next/static/chunks/node_modules_next_dist_1e8vcs8._.js:776
[  788399ms] [LOG] [Fast Refresh] done in 224ms @ http://localhost:3001/_next/static/chunks/node_modules_next_dist_1e8vcs8._.js:776
[  788461ms] [LOG] [Fast Refresh] done in 224ms @ http://localhost:3001/_next/static/chunks/node_modules_next_dist_1e8vcs8._.js:776
[  788525ms] [LOG] [Fast Refresh] done in 224ms @ http://localhost:3001/_next/static/chunks/node_modules_next_dist_1e8vcs8._.js:776
[  788587ms] [LOG] [Fast Refresh] done in 224ms @ http://localhost:3001/_next/static/chunks/node_modules_next_dist_1e8vcs8._.js:776
[  788648ms] [LOG] [Fast Refresh] done in 224ms @ http://localhost:3001/_next/static/chunks/node_modules_next_dist_1e8vcs8._.js:776
[  788711ms] [LOG] [Fast Refresh] done in 224ms @ http://localhost:3001/_next/static/chunks/node_modules_next_dist_1e8vcs8._.js:776
[  788772ms] [LOG] [Fast Refresh] done in 224ms @ http://localhost:3001/_next/static/chunks/node_modules_next_dist_1e8vcs8._.js:776
[  788836ms] [LOG] [Fast Refresh] done in 224ms @ http://localhost:3001/_next/static/chunks/node_modules_next_dist_1e8vcs8._.js:776
[  788899ms] [LOG] [Fast Refresh] done in 224ms @ http://localhost:3001/_next/static/chunks/node_modules_next_dist_1e8vcs8._.js:776
[  788963ms] [LOG] [Fast Refresh] done in 224ms @ http://localhost:3001/_next/static/chunks/node_modules_next_dist_1e8vcs8._.js:776
[  789070ms] [LOG] [Fast Refresh] done in 224ms @ http://localhost:3001/_next/static/chunks/node_modules_next_dist_1e8vcs8._.js:776
[  789162ms] [LOG] [Fast Refresh] done in 224ms @ http://localhost:3001/_next/static/chunks/node_modules_next_dist_1e8vcs8._.js:776
[  789226ms] [LOG] [Fast Refresh] done in 224ms @ http://localhost:3001/_next/static/chunks/node_modules_next_dist_1e8vcs8._.js:776
[  789288ms] [LOG] [Fast Refresh] done in 224ms @ http://localhost:3001/_next/static/chunks/node_modules_next_dist_1e8vcs8._.js:776
[  789349ms] [LOG] [Fast Refresh] done in 224ms @ http://localhost:3001/_next/static/chunks/node_modules_next_dist_1e8vcs8._.js:776
[  789410ms] [LOG] [Fast Refresh] done in 224ms @ http://localhost:3001/_next/static/chunks/node_modules_next_dist_1e8vcs8._.js:776
[  789475ms] [LOG] [Fast Refresh] done in 224ms @ http://localhost:3001/_next/static/chunks/node_modules_next_dist_1e8vcs8._.js:776
[  789538ms] [LOG] [Fast Refresh] done in 224ms @ http://localhost:3001/_next/static/chunks/node_modules_next_dist_1e8vcs8._.js:776
[  789601ms] [LOG] [Fast Refresh] done in 224ms @ http://localhost:3001/_next/static/chunks/node_modules_next_dist_1e8vcs8._.js:776
[  789664ms] [LOG] [Fast Refresh] done in 224ms @ http://localhost:3001/_next/static/chunks/node_modules_next_dist_1e8vcs8._.js:776
[  789726ms] [LOG] [Fast Refresh] done in 224ms @ http://localhost:3001/_next/static/chunks/node_modules_next_dist_1e8vcs8._.js:776
[  789789ms] [LOG] [Fast Refresh] done in 224ms @ http://localhost:3001/_next/static/chunks/node_modules_next_dist_1e8vcs8._.js:776
[  789852ms] [LOG] [Fast Refresh] done in 224ms @ http://localhost:3001/_next/static/chunks/node_modules_next_dist_1e8vcs8._.js:776
[  789915ms] [LOG] [Fast Refresh] done in 224ms @ http://localhost:3001/_next/static/chunks/node_modules_next_dist_1e8vcs8._.js:776
[  789975ms] [LOG] [Fast Refresh] done in 224ms @ http://localhost:3001/_next/static/chunks/node_modules_next_dist_1e8vcs8._.js:776
[  790037ms] [LOG] [Fast Refresh] done in 224ms @ http://localhost:3001/_next/static/chunks/node_modules_next_dist_1e8vcs8._.js:776
[  790100ms] [LOG] [Fast Refresh] done in 224ms @ http://localhost:3001/_next/static/chunks/node_modules_next_dist_1e8vcs8._.js:776
[  790163ms] [LOG] [Fast Refresh] done in 224ms @ http://localhost:3001/_next/static/chunks/node_modules_next_dist_1e8vcs8._.js:776
[  790230ms] [LOG] [Fast Refresh] done in 224ms @ http://localhost:3001/_next/static/chunks/node_modules_next_dist_1e8vcs8._.js:776
[  790289ms] [LOG] [Fast Refresh] done in 224ms @ http://localhost:3001/_next/static/chunks/node_modules_next_dist_1e8vcs8._.js:776
[  790353ms] [LOG] [Fast Refresh] done in 224ms @ http://localhost:3001/_next/static/chunks/node_modules_next_dist_1e8vcs8._.js:776
[  790416ms] [LOG] [Fast Refresh] done in 224ms @ http://localhost:3001/_next/static/chunks/node_modules_next_dist_1e8vcs8._.js:776
[  790477ms] [LOG] [Fast Refresh] done in 224ms @ http://localhost:3001/_next/static/chunks/node_modules_next_dist_1e8vcs8._.js:776
[  790541ms] [LOG] [Fast Refresh] done in 224ms @ http://localhost:3001/_next/static/chunks/node_modules_next_dist_1e8vcs8._.js:776
[  790604ms] [LOG] [Fast Refresh] done in 224ms @ http://localhost:3001/_next/static/chunks/node_modules_next_dist_1e8vcs8._.js:776
[  790667ms] [LOG] [Fast Refresh] done in 224ms @ http://localhost:3001/_next/static/chunks/node_modules_next_dist_1e8vcs8._.js:776
[  790730ms] [LOG] [Fast Refresh] done in 224ms @ http://localhost:3001/_next/static/chunks/node_modules_next_dist_1e8vcs8._.js:776
[  790793ms] [LOG] [Fast Refresh] done in 224ms @ http://localhost:3001/_next/static/chunks/node_modules_next_dist_1e8vcs8._.js:776
[  790856ms] [LOG] [Fast Refresh] done in 224ms @ http://localhost:3001/_next/static/chunks/node_modules_next_dist_1e8vcs8._.js:776
[  790920ms] [LOG] [Fast Refresh] done in 224ms @ http://localhost:3001/_next/static/chunks/node_modules_next_dist_1e8vcs8._.js:776
[  790983ms] [LOG] [Fast Refresh] done in 224ms @ http://localhost:3001/_next/static/chunks/node_modules_next_dist_1e8vcs8._.js:776
[  791047ms] [LOG] [Fast Refresh] done in 224ms @ http://localhost:3001/_next/static/chunks/node_modules_next_dist_1e8vcs8._.js:776
[  791107ms] [LOG] [Fast Refresh] done in 224ms @ http://localhost:3001/_next/static/chunks/node_modules_next_dist_1e8vcs8._.js:776
[  791169ms] [LOG] [Fast Refresh] done in 224ms @ http://localhost:3001/_next/static/chunks/node_modules_next_dist_1e8vcs8._.js:776
[  791231ms] [LOG] [Fast Refresh] done in 224ms @ http://localhost:3001/_next/static/chunks/node_modules_next_dist_1e8vcs8._.js:776
[  791295ms] [LOG] [Fast Refresh] done in 224ms @ http://localhost:3001/_next/static/chunks/node_modules_next_dist_1e8vcs8._.js:776
[  791358ms] [LOG] [Fast Refresh] done in 224ms @ http://localhost:3001/_next/static/chunks/node_modules_next_dist_1e8vcs8._.js:776
[  791420ms] [LOG] [Fast Refresh] done in 224ms @ http://localhost:3001/_next/static/chunks/node_modules_next_dist_1e8vcs8._.js:776
[  791482ms] [LOG] [Fast Refresh] done in 224ms @ http://localhost:3001/_next/static/chunks/node_modules_next_dist_1e8vcs8._.js:776
[  791544ms] [LOG] [Fast Refresh] done in 224ms @ http://localhost:3001/_next/static/chunks/node_modules_next_dist_1e8vcs8._.js:776
[  791605ms] [LOG] [Fast Refresh] done in 224ms @ http://localhost:3001/_next/static/chunks/node_modules_next_dist_1e8vcs8._.js:776
[  791669ms] [LOG] [Fast Refresh] done in 224ms @ http://localhost:3001/_next/static/chunks/node_modules_next_dist_1e8vcs8._.js:776
[  791731ms] [LOG] [Fast Refresh] done in 224ms @ http://localhost:3001/_next/static/chunks/node_modules_next_dist_1e8vcs8._.js:776
[  791793ms] [LOG] [Fast Refresh] done in 224ms @ http://localhost:3001/_next/static/chunks/node_modules_next_dist_1e8vcs8._.js:776
[  791857ms] [LOG] [Fast Refresh] done in 224ms @ http://localhost:3001/_next/static/chunks/node_modules_next_dist_1e8vcs8._.js:776
[  791919ms] [LOG] [Fast Refresh] done in 224ms @ http://localhost:3001/_next/static/chunks/node_modules_next_dist_1e8vcs8._.js:776
[  791981ms] [LOG] [Fast Refresh] done in 224ms @ http://localhost:3001/_next/static/chunks/node_modules_next_dist_1e8vcs8._.js:776
[  792044ms] [LOG] [Fast Refresh] done in 224ms @ http://localhost:3001/_next/static/chunks/node_modules_next_dist_1e8vcs8._.js:776
[  792108ms] [LOG] [Fast Refresh] done in 224ms @ http://localhost:3001/_next/static/chunks/node_modules_next_dist_1e8vcs8._.js:776
[  792170ms] [LOG] [Fast Refresh] done in 224ms @ http://localhost:3001/_next/static/chunks/node_modules_next_dist_1e8vcs8._.js:776
[  792234ms] [LOG] [Fast Refresh] done in 224ms @ http://localhost:3001/_next/static/chunks/node_modules_next_dist_1e8vcs8._.js:776
[  792295ms] [LOG] [Fast Refresh] done in 224ms @ http://localhost:3001/_next/static/chunks/node_modules_next_dist_1e8vcs8._.js:776
[  792358ms] [LOG] [Fast Refresh] done in 224ms @ http://localhost:3001/_next/static/chunks/node_modules_next_dist_1e8vcs8._.js:776
[  792423ms] [LOG] [Fast Refresh] done in 224ms @ http://localhost:3001/_next/static/chunks/node_modules_next_dist_1e8vcs8._.js:776
[  792486ms] [LOG] [Fast Refresh] done in 224ms @ http://localhost:3001/_next/static/chunks/node_modules_next_dist_1e8vcs8._.js:776
[  792548ms] [LOG] [Fast Refresh] done in 224ms @ http://localhost:3001/_next/static/chunks/node_modules_next_dist_1e8vcs8._.js:776
[  792610ms] [LOG] [Fast Refresh] done in 224ms @ http://localhost:3001/_next/static/chunks/node_modules_next_dist_1e8vcs8._.js:776
[  792673ms] [LOG] [Fast Refresh] done in 224ms @ http://localhost:3001/_next/static/chunks/node_modules_next_dist_1e8vcs8._.js:776
[  792737ms] [LOG] [Fast Refresh] done in 224ms @ http://localhost:3001/_next/static/chunks/node_modules_next_dist_1e8vcs8._.js:776
[  792800ms] [LOG] [Fast Refresh] done in 224ms @ http://localhost:3001/_next/static/chunks/node_modules_next_dist_1e8vcs8._.js:776
[  792863ms] [LOG] [Fast Refresh] done in 224ms @ http://localhost:3001/_next/static/chunks/node_modules_next_dist_1e8vcs8._.js:776
[  792925ms] [LOG] [Fast Refresh] done in 224ms @ http://localhost:3001/_next/static/chunks/node_modules_next_dist_1e8vcs8._.js:776
[  792989ms] [LOG] [Fast Refresh] done in 224ms @ http://localhost:3001/_next/static/chunks/node_modules_next_dist_1e8vcs8._.js:776
[  793051ms] [LOG] [Fast Refresh] done in 224ms @ http://localhost:3001/_next/static/chunks/node_modules_next_dist_1e8vcs8._.js:776
[  793114ms] [LOG] [Fast Refresh] done in 224ms @ http://localhost:3001/_next/static/chunks/node_modules_next_dist_1e8vcs8._.js:776
[  793176ms] [LOG] [Fast Refresh] done in 224ms @ http://localhost:3001/_next/static/chunks/node_modules_next_dist_1e8vcs8._.js:776
[  793239ms] [LOG] [Fast Refresh] done in 224ms @ http://localhost:3001/_next/static/chunks/node_modules_next_dist_1e8vcs8._.js:776
[  793303ms] [LOG] [Fast Refresh] done in 224ms @ http://localhost:3001/_next/static/chunks/node_modules_next_dist_1e8vcs8._.js:776
[  793366ms] [LOG] [Fast Refresh] done in 224ms @ http://localhost:3001/_next/static/chunks/node_modules_next_dist_1e8vcs8._.js:776
[  793429ms] [LOG] [Fast Refresh] done in 224ms @ http://localhost:3001/_next/static/chunks/node_modules_next_dist_1e8vcs8._.js:776
[  793493ms] [LOG] [Fast Refresh] done in 224ms @ http://localhost:3001/_next/static/chunks/node_modules_next_dist_1e8vcs8._.js:776
[  793554ms] [LOG] [Fast Refresh] done in 224ms @ http://localhost:3001/_next/static/chunks/node_modules_next_dist_1e8vcs8._.js:776
[  793618ms] [LOG] [Fast Refresh] done in 224ms @ http://localhost:3001/_next/static/chunks/node_modules_next_dist_1e8vcs8._.js:776
[  793681ms] [LOG] [Fast Refresh] done in 224ms @ http://localhost:3001/_next/static/chunks/node_modules_next_dist_1e8vcs8._.js:776
[  793743ms] [LOG] [Fast Refresh] done in 224ms @ http://localhost:3001/_next/static/chunks/node_modules_next_dist_1e8vcs8._.js:776
[  793806ms] [LOG] [Fast Refresh] done in 224ms @ http://localhost:3001/_next/static/chunks/node_modules_next_dist_1e8vcs8._.js:776
[  793867ms] [LOG] [Fast Refresh] done in 224ms @ http://localhost:3001/_next/static/chunks/node_modules_next_dist_1e8vcs8._.js:776
[  793930ms] [LOG] [Fast Refresh] done in 224ms @ http://localhost:3001/_next/static/chunks/node_modules_next_dist_1e8vcs8._.js:776
[  793992ms] [LOG] [Fast Refresh] done in 224ms @ http://localhost:3001/_next/static/chunks/node_modules_next_dist_1e8vcs8._.js:776
[  794056ms] [LOG] [Fast Refresh] done in 224ms @ http://localhost:3001/_next/static/chunks/node_modules_next_dist_1e8vcs8._.js:776
[  794118ms] [LOG] [Fast Refresh] done in 224ms @ http://localhost:3001/_next/static/chunks/node_modules_next_dist_1e8vcs8._.js:776
[  794182ms] [LOG] [Fast Refresh] done in 224ms @ http://localhost:3001/_next/static/chunks/node_modules_next_dist_1e8vcs8._.js:776
[  794246ms] [LOG] [Fast Refresh] done in 224ms @ http://localhost:3001/_next/static/chunks/node_modules_next_dist_1e8vcs8._.js:776
[  794308ms] [LOG] [Fast Refresh] done in 224ms @ http://localhost:3001/_next/static/chunks/node_modules_next_dist_1e8vcs8._.js:776
[  794371ms] [LOG] [Fast Refresh] done in 224ms @ http://localhost:3001/_next/static/chunks/node_modules_next_dist_1e8vcs8._.js:776
[  794433ms] [LOG] [Fast Refresh] done in 224ms @ http://localhost:3001/_next/static/chunks/node_modules_next_dist_1e8vcs8._.js:776
[  794497ms] [LOG] [Fast Refresh] done in 224ms @ http://localhost:3001/_next/static/chunks/node_modules_next_dist_1e8vcs8._.js:776
[  794560ms] [LOG] [Fast Refresh] done in 224ms @ http://localhost:3001/_next/static/chunks/node_modules_next_dist_1e8vcs8._.js:776
[  794623ms] [LOG] [Fast Refresh] done in 224ms @ http://localhost:3001/_next/static/chunks/node_modules_next_dist_1e8vcs8._.js:776
[  794683ms] [LOG] [Fast Refresh] done in 224ms @ http://localhost:3001/_next/static/chunks/node_modules_next_dist_1e8vcs8._.js:776
[  794748ms] [LOG] [Fast Refresh] done in 224ms @ http://localhost:3001/_next/static/chunks/node_modules_next_dist_1e8vcs8._.js:776
[  794812ms] [LOG] [Fast Refresh] done in 224ms @ http://localhost:3001/_next/static/chunks/node_modules_next_dist_1e8vcs8._.js:776
[  794876ms] [LOG] [Fast Refresh] done in 224ms @ http://localhost:3001/_next/static/chunks/node_modules_next_dist_1e8vcs8._.js:776
[  794939ms] [LOG] [Fast Refresh] done in 224ms @ http://localhost:3001/_next/static/chunks/node_modules_next_dist_1e8vcs8._.js:776
[  795003ms] [LOG] [Fast Refresh] done in 224ms @ http://localhost:3001/_next/static/chunks/node_modules_next_dist_1e8vcs8._.js:776
[  795066ms] [LOG] [Fast Refresh] done in 224ms @ http://localhost:3001/_next/static/chunks/node_modules_next_dist_1e8vcs8._.js:776
[  795128ms] [LOG] [Fast Refresh] done in 224ms @ http://localhost:3001/_next/static/chunks/node_modules_next_dist_1e8vcs8._.js:776
[  795191ms] [LOG] [Fast Refresh] done in 224ms @ http://localhost:3001/_next/static/chunks/node_modules_next_dist_1e8vcs8._.js:776
[  795253ms] [LOG] [Fast Refresh] done in 224ms @ http://localhost:3001/_next/static/chunks/node_modules_next_dist_1e8vcs8._.js:776
[  795316ms] [LOG] [Fast Refresh] done in 224ms @ http://localhost:3001/_next/static/chunks/node_modules_next_dist_1e8vcs8._.js:776
[  795379ms] [LOG] [Fast Refresh] done in 224ms @ http://localhost:3001/_next/static/chunks/node_modules_next_dist_1e8vcs8._.js:776
[  795442ms] [LOG] [Fast Refresh] done in 224ms @ http://localhost:3001/_next/static/chunks/node_modules_next_dist_1e8vcs8._.js:776
[  795506ms] [LOG] [Fast Refresh] done in 224ms @ http://localhost:3001/_next/static/chunks/node_modules_next_dist_1e8vcs8._.js:776
[  795570ms] [LOG] [Fast Refresh] done in 224ms @ http://localhost:3001/_next/static/chunks/node_modules_next_dist_1e8vcs8._.js:776
[  795631ms] [LOG] [Fast Refresh] done in 224ms @ http://localhost:3001/_next/static/chunks/node_modules_next_dist_1e8vcs8._.js:776
[  795695ms] [LOG] [Fast Refresh] done in 224ms @ http://localhost:3001/_next/static/chunks/node_modules_next_dist_1e8vcs8._.js:776
[  795758ms] [LOG] [Fast Refresh] done in 224ms @ http://localhost:3001/_next/static/chunks/node_modules_next_dist_1e8vcs8._.js:776
[  795821ms] [LOG] [Fast Refresh] done in 224ms @ http://localhost:3001/_next/static/chunks/node_modules_next_dist_1e8vcs8._.js:776
[  795885ms] [LOG] [Fast Refresh] done in 224ms @ http://localhost:3001/_next/static/chunks/node_modules_next_dist_1e8vcs8._.js:776
[  795948ms] [LOG] [Fast Refresh] done in 224ms @ http://localhost:3001/_next/static/chunks/node_modules_next_dist_1e8vcs8._.js:776
[  796009ms] [LOG] [Fast Refresh] done in 224ms @ http://localhost:3001/_next/static/chunks/node_modules_next_dist_1e8vcs8._.js:776
[  796104ms] [LOG] [Fast Refresh] done in 224ms @ http://localhost:3001/_next/static/chunks/node_modules_next_dist_1e8vcs8._.js:776
[  796167ms] [LOG] [Fast Refresh] done in 224ms @ http://localhost:3001/_next/static/chunks/node_modules_next_dist_1e8vcs8._.js:776
[  796230ms] [LOG] [Fast Refresh] done in 224ms @ http://localhost:3001/_next/static/chunks/node_modules_next_dist_1e8vcs8._.js:776
[  796292ms] [LOG] [Fast Refresh] done in 224ms @ http://localhost:3001/_next/static/chunks/node_modules_next_dist_1e8vcs8._.js:776
[  796356ms] [LOG] [Fast Refresh] done in 224ms @ http://localhost:3001/_next/static/chunks/node_modules_next_dist_1e8vcs8._.js:776
[  796418ms] [LOG] [Fast Refresh] done in 224ms @ http://localhost:3001/_next/static/chunks/node_modules_next_dist_1e8vcs8._.js:776
[  796482ms] [LOG] [Fast Refresh] done in 224ms @ http://localhost:3001/_next/static/chunks/node_modules_next_dist_1e8vcs8._.js:776
[  796545ms] [LOG] [Fast Refresh] done in 224ms @ http://localhost:3001/_next/static/chunks/node_modules_next_dist_1e8vcs8._.js:776
[  796608ms] [LOG] [Fast Refresh] done in 224ms @ http://localhost:3001/_next/static/chunks/node_modules_next_dist_1e8vcs8._.js:776
[  796670ms] [LOG] [Fast Refresh] done in 224ms @ http://localhost:3001/_next/static/chunks/node_modules_next_dist_1e8vcs8._.js:776
[  796733ms] [LOG] [Fast Refresh] done in 224ms @ http://localhost:3001/_next/static/chunks/node_modules_next_dist_1e8vcs8._.js:776
[  796795ms] [LOG] [Fast Refresh] done in 224ms @ http://localhost:3001/_next/static/chunks/node_modules_next_dist_1e8vcs8._.js:776
[  796858ms] [LOG] [Fast Refresh] done in 224ms @ http://localhost:3001/_next/static/chunks/node_modules_next_dist_1e8vcs8._.js:776
[  796919ms] [LOG] [Fast Refresh] done in 224ms @ http://localhost:3001/_next/static/chunks/node_modules_next_dist_1e8vcs8._.js:776
[  796982ms] [LOG] [Fast Refresh] done in 224ms @ http://localhost:3001/_next/static/chunks/node_modules_next_dist_1e8vcs8._.js:776
[  797045ms] [LOG] [Fast Refresh] done in 224ms @ http://localhost:3001/_next/static/chunks/node_modules_next_dist_1e8vcs8._.js:776
[  797108ms] [LOG] [Fast Refresh] done in 224ms @ http://localhost:3001/_next/static/chunks/node_modules_next_dist_1e8vcs8._.js:776
[  797171ms] [LOG] [Fast Refresh] done in 224ms @ http://localhost:3001/_next/static/chunks/node_modules_next_dist_1e8vcs8._.js:776
[  797235ms] [LOG] [Fast Refresh] done in 224ms @ http://localhost:3001/_next/static/chunks/node_modules_next_dist_1e8vcs8._.js:776
[  797298ms] [LOG] [Fast Refresh] done in 224ms @ http://localhost:3001/_next/static/chunks/node_modules_next_dist_1e8vcs8._.js:776
[  797360ms] [LOG] [Fast Refresh] done in 224ms @ http://localhost:3001/_next/static/chunks/node_modules_next_dist_1e8vcs8._.js:776
[  797423ms] [LOG] [Fast Refresh] done in 224ms @ http://localhost:3001/_next/static/chunks/node_modules_next_dist_1e8vcs8._.js:776
[  797485ms] [LOG] [Fast Refresh] done in 224ms @ http://localhost:3001/_next/static/chunks/node_modules_next_dist_1e8vcs8._.js:776
[  797549ms] [LOG] [Fast Refresh] done in 224ms @ http://localhost:3001/_next/static/chunks/node_modules_next_dist_1e8vcs8._.js:776
[  797612ms] [LOG] [Fast Refresh] done in 224ms @ http://localhost:3001/_next/static/chunks/node_modules_next_dist_1e8vcs8._.js:776
[  797674ms] [LOG] [Fast Refresh] done in 224ms @ http://localhost:3001/_next/static/chunks/node_modules_next_dist_1e8vcs8._.js:776
[  797737ms] [LOG] [Fast Refresh] done in 224ms @ http://localhost:3001/_next/static/chunks/node_modules_next_dist_1e8vcs8._.js:776
[  797800ms] [LOG] [Fast Refresh] done in 224ms @ http://localhost:3001/_next/static/chunks/node_modules_next_dist_1e8vcs8._.js:776
[  797863ms] [LOG] [Fast Refresh] done in 224ms @ http://localhost:3001/_next/static/chunks/node_modules_next_dist_1e8vcs8._.js:776
[  797926ms] [LOG] [Fast Refresh] done in 224ms @ http://localhost:3001/_next/static/chunks/node_modules_next_dist_1e8vcs8._.js:776
[  797989ms] [LOG] [Fast Refresh] done in 224ms @ http://localhost:3001/_next/static/chunks/node_modules_next_dist_1e8vcs8._.js:776
[  798052ms] [LOG] [Fast Refresh] done in 224ms @ http://localhost:3001/_next/static/chunks/node_modules_next_dist_1e8vcs8._.js:776
[  798114ms] [LOG] [Fast Refresh] done in 224ms @ http://localhost:3001/_next/static/chunks/node_modules_next_dist_1e8vcs8._.js:776
[  798176ms] [LOG] [Fast Refresh] done in 224ms @ http://localhost:3001/_next/static/chunks/node_modules_next_dist_1e8vcs8._.js:776
[  798238ms] [LOG] [Fast Refresh] done in 224ms @ http://localhost:3001/_next/static/chunks/node_modules_next_dist_1e8vcs8._.js:776
[  798302ms] [LOG] [Fast Refresh] done in 224ms @ http://localhost:3001/_next/static/chunks/node_modules_next_dist_1e8vcs8._.js:776
[  798365ms] [LOG] [Fast Refresh] done in 224ms @ http://localhost:3001/_next/static/chunks/node_modules_next_dist_1e8vcs8._.js:776
[  798428ms] [LOG] [Fast Refresh] done in 224ms @ http://localhost:3001/_next/static/chunks/node_modules_next_dist_1e8vcs8._.js:776
[  798491ms] [LOG] [Fast Refresh] done in 224ms @ http://localhost:3001/_next/static/chunks/node_modules_next_dist_1e8vcs8._.js:776
[  798554ms] [LOG] [Fast Refresh] done in 224ms @ http://localhost:3001/_next/static/chunks/node_modules_next_dist_1e8vcs8._.js:776
[  798615ms] [LOG] [Fast Refresh] done in 224ms @ http://localhost:3001/_next/static/chunks/node_modules_next_dist_1e8vcs8._.js:776
[  798679ms] [LOG] [Fast Refresh] done in 224ms @ http://localhost:3001/_next/static/chunks/node_modules_next_dist_1e8vcs8._.js:776
[  798742ms] [LOG] [Fast Refresh] done in 224ms @ http://localhost:3001/_next/static/chunks/node_modules_next_dist_1e8vcs8._.js:776
[  798806ms] [LOG] [Fast Refresh] done in 224ms @ http://localhost:3001/_next/static/chunks/node_modules_next_dist_1e8vcs8._.js:776
[  798868ms] [LOG] [Fast Refresh] done in 224ms @ http://localhost:3001/_next/static/chunks/node_modules_next_dist_1e8vcs8._.js:776
[  798932ms] [LOG] [Fast Refresh] done in 224ms @ http://localhost:3001/_next/static/chunks/node_modules_next_dist_1e8vcs8._.js:776
[  798994ms] [LOG] [Fast Refresh] done in 224ms @ http://localhost:3001/_next/static/chunks/node_modules_next_dist_1e8vcs8._.js:776
[  799057ms] [LOG] [Fast Refresh] done in 224ms @ http://localhost:3001/_next/static/chunks/node_modules_next_dist_1e8vcs8._.js:776
[  799120ms] [LOG] [Fast Refresh] done in 224ms @ http://localhost:3001/_next/static/chunks/node_modules_next_dist_1e8vcs8._.js:776
[  799184ms] [LOG] [Fast Refresh] done in 224ms @ http://localhost:3001/_next/static/chunks/node_modules_next_dist_1e8vcs8._.js:776
[  799247ms] [LOG] [Fast Refresh] done in 224ms @ http://localhost:3001/_next/static/chunks/node_modules_next_dist_1e8vcs8._.js:776
[  799309ms] [LOG] [Fast Refresh] done in 224ms @ http://localhost:3001/_next/static/chunks/node_modules_next_dist_1e8vcs8._.js:776
[  799373ms] [LOG] [Fast Refresh] done in 224ms @ http://localhost:3001/_next/static/chunks/node_modules_next_dist_1e8vcs8._.js:776
[  799435ms] [LOG] [Fast Refresh] done in 224ms @ http://localhost:3001/_next/static/chunks/node_modules_next_dist_1e8vcs8._.js:776
[  799498ms] [LOG] [Fast Refresh] done in 224ms @ http://localhost:3001/_next/static/chunks/node_modules_next_dist_1e8vcs8._.js:776
[  799562ms] [LOG] [Fast Refresh] done in 224ms @ http://localhost:3001/_next/static/chunks/node_modules_next_dist_1e8vcs8._.js:776
[  799624ms] [LOG] [Fast Refresh] done in 224ms @ http://localhost:3001/_next/static/chunks/node_modules_next_dist_1e8vcs8._.js:776
[  799687ms] [LOG] [Fast Refresh] done in 224ms @ http://localhost:3001/_next/static/chunks/node_modules_next_dist_1e8vcs8._.js:776
[  799750ms] [LOG] [Fast Refresh] done in 224ms @ http://localhost:3001/_next/static/chunks/node_modules_next_dist_1e8vcs8._.js:776
[  799813ms] [LOG] [Fast Refresh] done in 224ms @ http://localhost:3001/_next/static/chunks/node_modules_next_dist_1e8vcs8._.js:776
[  799875ms] [LOG] [Fast Refresh] done in 224ms @ http://localhost:3001/_next/static/chunks/node_modules_next_dist_1e8vcs8._.js:776
[  799938ms] [LOG] [Fast Refresh] done in 224ms @ http://localhost:3001/_next/static/chunks/node_modules_next_dist_1e8vcs8._.js:776
[  800002ms] [LOG] [Fast Refresh] done in 224ms @ http://localhost:3001/_next/static/chunks/node_modules_next_dist_1e8vcs8._.js:776
[  800066ms] [LOG] [Fast Refresh] done in 224ms @ http://localhost:3001/_next/static/chunks/node_modules_next_dist_1e8vcs8._.js:776
[  800128ms] [LOG] [Fast Refresh] done in 224ms @ http://localhost:3001/_next/static/chunks/node_modules_next_dist_1e8vcs8._.js:776
[  800192ms] [LOG] [Fast Refresh] done in 224ms @ http://localhost:3001/_next/static/chunks/node_modules_next_dist_1e8vcs8._.js:776
[  800255ms] [LOG] [Fast Refresh] done in 224ms @ http://localhost:3001/_next/static/chunks/node_modules_next_dist_1e8vcs8._.js:776
[  800318ms] [LOG] [Fast Refresh] done in 224ms @ http://localhost:3001/_next/static/chunks/node_modules_next_dist_1e8vcs8._.js:776
[  800381ms] [LOG] [Fast Refresh] done in 224ms @ http://localhost:3001/_next/static/chunks/node_modules_next_dist_1e8vcs8._.js:776
[  800445ms] [LOG] [Fast Refresh] done in 224ms @ http://localhost:3001/_next/static/chunks/node_modules_next_dist_1e8vcs8._.js:776
[  800507ms] [LOG] [Fast Refresh] done in 224ms @ http://localhost:3001/_next/static/chunks/node_modules_next_dist_1e8vcs8._.js:776
[  800571ms] [LOG] [Fast Refresh] done in 224ms @ http://localhost:3001/_next/static/chunks/node_modules_next_dist_1e8vcs8._.js:776
[  800634ms] [LOG] [Fast Refresh] done in 224ms @ http://localhost:3001/_next/static/chunks/node_modules_next_dist_1e8vcs8._.js:776
[  800697ms] [LOG] [Fast Refresh] done in 224ms @ http://localhost:3001/_next/static/chunks/node_modules_next_dist_1e8vcs8._.js:776
[  800759ms] [LOG] [Fast Refresh] done in 224ms @ http://localhost:3001/_next/static/chunks/node_modules_next_dist_1e8vcs8._.js:776
[  800823ms] [LOG] [Fast Refresh] done in 224ms @ http://localhost:3001/_next/static/chunks/node_modules_next_dist_1e8vcs8._.js:776
[  800887ms] [LOG] [Fast Refresh] done in 224ms @ http://localhost:3001/_next/static/chunks/node_modules_next_dist_1e8vcs8._.js:776
[  800950ms] [LOG] [Fast Refresh] done in 224ms @ http://localhost:3001/_next/static/chunks/node_modules_next_dist_1e8vcs8._.js:776
[  801012ms] [LOG] [Fast Refresh] done in 224ms @ http://localhost:3001/_next/static/chunks/node_modules_next_dist_1e8vcs8._.js:776
[  801076ms] [LOG] [Fast Refresh] done in 224ms @ http://localhost:3001/_next/static/chunks/node_modules_next_dist_1e8vcs8._.js:776
[  801138ms] [LOG] [Fast Refresh] done in 224ms @ http://localhost:3001/_next/static/chunks/node_modules_next_dist_1e8vcs8._.js:776
[  801234ms] [LOG] [Fast Refresh] done in 224ms @ http://localhost:3001/_next/static/chunks/node_modules_next_dist_1e8vcs8._.js:776
[  801296ms] [LOG] [Fast Refresh] done in 224ms @ http://localhost:3001/_next/static/chunks/node_modules_next_dist_1e8vcs8._.js:776
[  801358ms] [LOG] [Fast Refresh] done in 224ms @ http://localhost:3001/_next/static/chunks/node_modules_next_dist_1e8vcs8._.js:776
[  801422ms] [LOG] [Fast Refresh] done in 224ms @ http://localhost:3001/_next/static/chunks/node_modules_next_dist_1e8vcs8._.js:776
[  801483ms] [LOG] [Fast Refresh] done in 224ms @ http://localhost:3001/_next/static/chunks/node_modules_next_dist_1e8vcs8._.js:776
[  801545ms] [LOG] [Fast Refresh] done in 224ms @ http://localhost:3001/_next/static/chunks/node_modules_next_dist_1e8vcs8._.js:776
[  801609ms] [LOG] [Fast Refresh] done in 224ms @ http://localhost:3001/_next/static/chunks/node_modules_next_dist_1e8vcs8._.js:776
[  801673ms] [LOG] [Fast Refresh] done in 224ms @ http://localhost:3001/_next/static/chunks/node_modules_next_dist_1e8vcs8._.js:776
[  801736ms] [LOG] [Fast Refresh] done in 224ms @ http://localhost:3001/_next/static/chunks/node_modules_next_dist_1e8vcs8._.js:776
[  801799ms] [LOG] [Fast Refresh] done in 224ms @ http://localhost:3001/_next/static/chunks/node_modules_next_dist_1e8vcs8._.js:776
[  801863ms] [LOG] [Fast Refresh] done in 224ms @ http://localhost:3001/_next/static/chunks/node_modules_next_dist_1e8vcs8._.js:776
[  801925ms] [LOG] [Fast Refresh] done in 224ms @ http://localhost:3001/_next/static/chunks/node_modules_next_dist_1e8vcs8._.js:776
[  801988ms] [LOG] [Fast Refresh] done in 224ms @ http://localhost:3001/_next/static/chunks/node_modules_next_dist_1e8vcs8._.js:776
[  802051ms] [LOG] [Fast Refresh] done in 224ms @ http://localhost:3001/_next/static/chunks/node_modules_next_dist_1e8vcs8._.js:776
[  802114ms] [LOG] [Fast Refresh] done in 224ms @ http://localhost:3001/_next/static/chunks/node_modules_next_dist_1e8vcs8._.js:776
[  802178ms] [LOG] [Fast Refresh] done in 224ms @ http://localhost:3001/_next/static/chunks/node_modules_next_dist_1e8vcs8._.js:776
[  802240ms] [LOG] [Fast Refresh] done in 224ms @ http://localhost:3001/_next/static/chunks/node_modules_next_dist_1e8vcs8._.js:776
[  802303ms] [LOG] [Fast Refresh] done in 224ms @ http://localhost:3001/_next/static/chunks/node_modules_next_dist_1e8vcs8._.js:776
[  802365ms] [LOG] [Fast Refresh] done in 224ms @ http://localhost:3001/_next/static/chunks/node_modules_next_dist_1e8vcs8._.js:776
[  802428ms] [LOG] [Fast Refresh] done in 224ms @ http://localhost:3001/_next/static/chunks/node_modules_next_dist_1e8vcs8._.js:776
[  802489ms] [LOG] [Fast Refresh] done in 224ms @ http://localhost:3001/_next/static/chunks/node_modules_next_dist_1e8vcs8._.js:776
[  802551ms] [LOG] [Fast Refresh] done in 224ms @ http://localhost:3001/_next/static/chunks/node_modules_next_dist_1e8vcs8._.js:776
[  802615ms] [LOG] [Fast Refresh] done in 224ms @ http://localhost:3001/_next/static/chunks/node_modules_next_dist_1e8vcs8._.js:776
[  802677ms] [LOG] [Fast Refresh] done in 224ms @ http://localhost:3001/_next/static/chunks/node_modules_next_dist_1e8vcs8._.js:776
[  802741ms] [LOG] [Fast Refresh] done in 224ms @ http://localhost:3001/_next/static/chunks/node_modules_next_dist_1e8vcs8._.js:776
[  802803ms] [LOG] [Fast Refresh] done in 224ms @ http://localhost:3001/_next/static/chunks/node_modules_next_dist_1e8vcs8._.js:776
[  802866ms] [LOG] [Fast Refresh] done in 224ms @ http://localhost:3001/_next/static/chunks/node_modules_next_dist_1e8vcs8._.js:776
[  802930ms] [LOG] [Fast Refresh] done in 224ms @ http://localhost:3001/_next/static/chunks/node_modules_next_dist_1e8vcs8._.js:776
[  802992ms] [LOG] [Fast Refresh] done in 224ms @ http://localhost:3001/_next/static/chunks/node_modules_next_dist_1e8vcs8._.js:776
[  803055ms] [LOG] [Fast Refresh] done in 224ms @ http://localhost:3001/_next/static/chunks/node_modules_next_dist_1e8vcs8._.js:776
[  803118ms] [LOG] [Fast Refresh] done in 224ms @ http://localhost:3001/_next/static/chunks/node_modules_next_dist_1e8vcs8._.js:776
[  803180ms] [LOG] [Fast Refresh] done in 224ms @ http://localhost:3001/_next/static/chunks/node_modules_next_dist_1e8vcs8._.js:776
[  803244ms] [LOG] [Fast Refresh] done in 224ms @ http://localhost:3001/_next/static/chunks/node_modules_next_dist_1e8vcs8._.js:776
[  803307ms] [LOG] [Fast Refresh] done in 224ms @ http://localhost:3001/_next/static/chunks/node_modules_next_dist_1e8vcs8._.js:776
[  803369ms] [LOG] [Fast Refresh] done in 224ms @ http://localhost:3001/_next/static/chunks/node_modules_next_dist_1e8vcs8._.js:776
[  803432ms] [LOG] [Fast Refresh] done in 224ms @ http://localhost:3001/_next/static/chunks/node_modules_next_dist_1e8vcs8._.js:776
[  803496ms] [LOG] [Fast Refresh] done in 224ms @ http://localhost:3001/_next/static/chunks/node_modules_next_dist_1e8vcs8._.js:776
[  803558ms] [LOG] [Fast Refresh] done in 224ms @ http://localhost:3001/_next/static/chunks/node_modules_next_dist_1e8vcs8._.js:776
[  803621ms] [LOG] [Fast Refresh] done in 224ms @ http://localhost:3001/_next/static/chunks/node_modules_next_dist_1e8vcs8._.js:776
[  803684ms] [LOG] [Fast Refresh] done in 224ms @ http://localhost:3001/_next/static/chunks/node_modules_next_dist_1e8vcs8._.js:776
[  803747ms] [LOG] [Fast Refresh] done in 224ms @ http://localhost:3001/_next/static/chunks/node_modules_next_dist_1e8vcs8._.js:776
[  803811ms] [LOG] [Fast Refresh] done in 224ms @ http://localhost:3001/_next/static/chunks/node_modules_next_dist_1e8vcs8._.js:776
[  803873ms] [LOG] [Fast Refresh] done in 224ms @ http://localhost:3001/_next/static/chunks/node_modules_next_dist_1e8vcs8._.js:776
[  803935ms] [LOG] [Fast Refresh] done in 224ms @ http://localhost:3001/_next/static/chunks/node_modules_next_dist_1e8vcs8._.js:776
[  803997ms] [LOG] [Fast Refresh] done in 224ms @ http://localhost:3001/_next/static/chunks/node_modules_next_dist_1e8vcs8._.js:776
[  804058ms] [LOG] [Fast Refresh] done in 224ms @ http://localhost:3001/_next/static/chunks/node_modules_next_dist_1e8vcs8._.js:776
[  804123ms] [LOG] [Fast Refresh] done in 224ms @ http://localhost:3001/_next/static/chunks/node_modules_next_dist_1e8vcs8._.js:776
[  804186ms] [LOG] [Fast Refresh] done in 224ms @ http://localhost:3001/_next/static/chunks/node_modules_next_dist_1e8vcs8._.js:776
[  804249ms] [LOG] [Fast Refresh] done in 224ms @ http://localhost:3001/_next/static/chunks/node_modules_next_dist_1e8vcs8._.js:776
[  804312ms] [LOG] [Fast Refresh] done in 224ms @ http://localhost:3001/_next/static/chunks/node_modules_next_dist_1e8vcs8._.js:776
[  804375ms] [LOG] [Fast Refresh] done in 224ms @ http://localhost:3001/_next/static/chunks/node_modules_next_dist_1e8vcs8._.js:776
[  804438ms] [LOG] [Fast Refresh] done in 224ms @ http://localhost:3001/_next/static/chunks/node_modules_next_dist_1e8vcs8._.js:776
[  804499ms] [LOG] [Fast Refresh] done in 224ms @ http://localhost:3001/_next/static/chunks/node_modules_next_dist_1e8vcs8._.js:776
[  804563ms] [LOG] [Fast Refresh] done in 224ms @ http://localhost:3001/_next/static/chunks/node_modules_next_dist_1e8vcs8._.js:776
[  804625ms] [LOG] [Fast Refresh] done in 224ms @ http://localhost:3001/_next/static/chunks/node_modules_next_dist_1e8vcs8._.js:776
[  804689ms] [LOG] [Fast Refresh] done in 224ms @ http://localhost:3001/_next/static/chunks/node_modules_next_dist_1e8vcs8._.js:776
[  804750ms] [LOG] [Fast Refresh] done in 224ms @ http://localhost:3001/_next/static/chunks/node_modules_next_dist_1e8vcs8._.js:776
[  804814ms] [LOG] [Fast Refresh] done in 224ms @ http://localhost:3001/_next/static/chunks/node_modules_next_dist_1e8vcs8._.js:776
[  804876ms] [LOG] [Fast Refresh] done in 224ms @ http://localhost:3001/_next/static/chunks/node_modules_next_dist_1e8vcs8._.js:776
[  804939ms] [LOG] [Fast Refresh] done in 224ms @ http://localhost:3001/_next/static/chunks/node_modules_next_dist_1e8vcs8._.js:776
[  805002ms] [LOG] [Fast Refresh] done in 224ms @ http://localhost:3001/_next/static/chunks/node_modules_next_dist_1e8vcs8._.js:776
[  805066ms] [LOG] [Fast Refresh] done in 224ms @ http://localhost:3001/_next/static/chunks/node_modules_next_dist_1e8vcs8._.js:776
[  805128ms] [LOG] [Fast Refresh] done in 224ms @ http://localhost:3001/_next/static/chunks/node_modules_next_dist_1e8vcs8._.js:776
[  805191ms] [LOG] [Fast Refresh] done in 224ms @ http://localhost:3001/_next/static/chunks/node_modules_next_dist_1e8vcs8._.js:776
[  805254ms] [LOG] [Fast Refresh] done in 224ms @ http://localhost:3001/_next/static/chunks/node_modules_next_dist_1e8vcs8._.js:776
[  805317ms] [LOG] [Fast Refresh] done in 224ms @ http://localhost:3001/_next/static/chunks/node_modules_next_dist_1e8vcs8._.js:776
[  805379ms] [LOG] [Fast Refresh] done in 224ms @ http://localhost:3001/_next/static/chunks/node_modules_next_dist_1e8vcs8._.js:776
[  805442ms] [LOG] [Fast Refresh] done in 224ms @ http://localhost:3001/_next/static/chunks/node_modules_next_dist_1e8vcs8._.js:776
[  805504ms] [LOG] [Fast Refresh] done in 224ms @ http://localhost:3001/_next/static/chunks/node_modules_next_dist_1e8vcs8._.js:776
[  805568ms] [LOG] [Fast Refresh] done in 224ms @ http://localhost:3001/_next/static/chunks/node_modules_next_dist_1e8vcs8._.js:776
[  805631ms] [LOG] [Fast Refresh] done in 224ms @ http://localhost:3001/_next/static/chunks/node_modules_next_dist_1e8vcs8._.js:776
[  805696ms] [LOG] [Fast Refresh] done in 224ms @ http://localhost:3001/_next/static/chunks/node_modules_next_dist_1e8vcs8._.js:776
[  805759ms] [LOG] [Fast Refresh] done in 224ms @ http://localhost:3001/_next/static/chunks/node_modules_next_dist_1e8vcs8._.js:776
[  805823ms] [LOG] [Fast Refresh] done in 224ms @ http://localhost:3001/_next/static/chunks/node_modules_next_dist_1e8vcs8._.js:776
[  805885ms] [LOG] [Fast Refresh] done in 224ms @ http://localhost:3001/_next/static/chunks/node_modules_next_dist_1e8vcs8._.js:776
[  805948ms] [LOG] [Fast Refresh] done in 224ms @ http://localhost:3001/_next/static/chunks/node_modules_next_dist_1e8vcs8._.js:776
[  806011ms] [LOG] [Fast Refresh] done in 224ms @ http://localhost:3001/_next/static/chunks/node_modules_next_dist_1e8vcs8._.js:776
[  806076ms] [LOG] [Fast Refresh] done in 224ms @ http://localhost:3001/_next/static/chunks/node_modules_next_dist_1e8vcs8._.js:776
[  806137ms] [LOG] [Fast Refresh] done in 224ms @ http://localhost:3001/_next/static/chunks/node_modules_next_dist_1e8vcs8._.js:776
[  806201ms] [LOG] [Fast Refresh] done in 224ms @ http://localhost:3001/_next/static/chunks/node_modules_next_dist_1e8vcs8._.js:776
[  806265ms] [LOG] [Fast Refresh] done in 224ms @ http://localhost:3001/_next/static/chunks/node_modules_next_dist_1e8vcs8._.js:776
[  806328ms] [LOG] [Fast Refresh] done in 224ms @ http://localhost:3001/_next/static/chunks/node_modules_next_dist_1e8vcs8._.js:776
[  806391ms] [LOG] [Fast Refresh] done in 224ms @ http://localhost:3001/_next/static/chunks/node_modules_next_dist_1e8vcs8._.js:776
[  806453ms] [LOG] [Fast Refresh] done in 224ms @ http://localhost:3001/_next/static/chunks/node_modules_next_dist_1e8vcs8._.js:776
[  806516ms] [LOG] [Fast Refresh] done in 224ms @ http://localhost:3001/_next/static/chunks/node_modules_next_dist_1e8vcs8._.js:776
[  806579ms] [LOG] [Fast Refresh] done in 224ms @ http://localhost:3001/_next/static/chunks/node_modules_next_dist_1e8vcs8._.js:776
[  806642ms] [LOG] [Fast Refresh] done in 224ms @ http://localhost:3001/_next/static/chunks/node_modules_next_dist_1e8vcs8._.js:776
[  806706ms] [LOG] [Fast Refresh] done in 224ms @ http://localhost:3001/_next/static/chunks/node_modules_next_dist_1e8vcs8._.js:776
[  806767ms] [LOG] [Fast Refresh] done in 224ms @ http://localhost:3001/_next/static/chunks/node_modules_next_dist_1e8vcs8._.js:776
[  806830ms] [LOG] [Fast Refresh] done in 224ms @ http://localhost:3001/_next/static/chunks/node_modules_next_dist_1e8vcs8._.js:776
[  806893ms] [LOG] [Fast Refresh] done in 224ms @ http://localhost:3001/_next/static/chunks/node_modules_next_dist_1e8vcs8._.js:776
[  806954ms] [LOG] [Fast Refresh] done in 224ms @ http://localhost:3001/_next/static/chunks/node_modules_next_dist_1e8vcs8._.js:776
[  807016ms] [LOG] [Fast Refresh] done in 224ms @ http://localhost:3001/_next/static/chunks/node_modules_next_dist_1e8vcs8._.js:776
[  807079ms] [LOG] [Fast Refresh] done in 224ms @ http://localhost:3001/_next/static/chunks/node_modules_next_dist_1e8vcs8._.js:776
[  807142ms] [LOG] [Fast Refresh] done in 224ms @ http://localhost:3001/_next/static/chunks/node_modules_next_dist_1e8vcs8._.js:776
[  807205ms] [LOG] [Fast Refresh] done in 224ms @ http://localhost:3001/_next/static/chunks/node_modules_next_dist_1e8vcs8._.js:776
[  807269ms] [LOG] [Fast Refresh] done in 224ms @ http://localhost:3001/_next/static/chunks/node_modules_next_dist_1e8vcs8._.js:776
[  807331ms] [LOG] [Fast Refresh] done in 224ms @ http://localhost:3001/_next/static/chunks/node_modules_next_dist_1e8vcs8._.js:776
[  807394ms] [LOG] [Fast Refresh] done in 224ms @ http://localhost:3001/_next/static/chunks/node_modules_next_dist_1e8vcs8._.js:776
[  807456ms] [LOG] [Fast Refresh] done in 224ms @ http://localhost:3001/_next/static/chunks/node_modules_next_dist_1e8vcs8._.js:776
[  807518ms] [LOG] [Fast Refresh] done in 224ms @ http://localhost:3001/_next/static/chunks/node_modules_next_dist_1e8vcs8._.js:776
[  807581ms] [LOG] [Fast Refresh] done in 224ms @ http://localhost:3001/_next/static/chunks/node_modules_next_dist_1e8vcs8._.js:776
[  807644ms] [LOG] [Fast Refresh] done in 224ms @ http://localhost:3001/_next/static/chunks/node_modules_next_dist_1e8vcs8._.js:776
[  807706ms] [LOG] [Fast Refresh] done in 224ms @ http://localhost:3001/_next/static/chunks/node_modules_next_dist_1e8vcs8._.js:776
[  807770ms] [LOG] [Fast Refresh] done in 224ms @ http://localhost:3001/_next/static/chunks/node_modules_next_dist_1e8vcs8._.js:776
[  807834ms] [LOG] [Fast Refresh] done in 224ms @ http://localhost:3001/_next/static/chunks/node_modules_next_dist_1e8vcs8._.js:776
[  807897ms] [LOG] [Fast Refresh] done in 224ms @ http://localhost:3001/_next/static/chunks/node_modules_next_dist_1e8vcs8._.js:776
[  807958ms] [LOG] [Fast Refresh] done in 224ms @ http://localhost:3001/_next/static/chunks/node_modules_next_dist_1e8vcs8._.js:776
[  808021ms] [LOG] [Fast Refresh] done in 224ms @ http://localhost:3001/_next/static/chunks/node_modules_next_dist_1e8vcs8._.js:776
[  808085ms] [LOG] [Fast Refresh] done in 224ms @ http://localhost:3001/_next/static/chunks/node_modules_next_dist_1e8vcs8._.js:776
[  808149ms] [LOG] [Fast Refresh] done in 224ms @ http://localhost:3001/_next/static/chunks/node_modules_next_dist_1e8vcs8._.js:776
[  808211ms] [LOG] [Fast Refresh] done in 224ms @ http://localhost:3001/_next/static/chunks/node_modules_next_dist_1e8vcs8._.js:776
[  808275ms] [LOG] [Fast Refresh] done in 224ms @ http://localhost:3001/_next/static/chunks/node_modules_next_dist_1e8vcs8._.js:776
[  808338ms] [LOG] [Fast Refresh] done in 224ms @ http://localhost:3001/_next/static/chunks/node_modules_next_dist_1e8vcs8._.js:776
[  808401ms] [LOG] [Fast Refresh] done in 224ms @ http://localhost:3001/_next/static/chunks/node_modules_next_dist_1e8vcs8._.js:776
[  808464ms] [LOG] [Fast Refresh] done in 224ms @ http://localhost:3001/_next/static/chunks/node_modules_next_dist_1e8vcs8._.js:776
[  808527ms] [LOG] [Fast Refresh] done in 224ms @ http://localhost:3001/_next/static/chunks/node_modules_next_dist_1e8vcs8._.js:776
[  808589ms] [LOG] [Fast Refresh] done in 224ms @ http://localhost:3001/_next/static/chunks/node_modules_next_dist_1e8vcs8._.js:776
[  808653ms] [LOG] [Fast Refresh] done in 224ms @ http://localhost:3001/_next/static/chunks/node_modules_next_dist_1e8vcs8._.js:776
[  808714ms] [LOG] [Fast Refresh] done in 224ms @ http://localhost:3001/_next/static/chunks/node_modules_next_dist_1e8vcs8._.js:776
[  808776ms] [LOG] [Fast Refresh] done in 224ms @ http://localhost:3001/_next/static/chunks/node_modules_next_dist_1e8vcs8._.js:776
[  808838ms] [LOG] [Fast Refresh] done in 224ms @ http://localhost:3001/_next/static/chunks/node_modules_next_dist_1e8vcs8._.js:776
[  808900ms] [LOG] [Fast Refresh] done in 224ms @ http://localhost:3001/_next/static/chunks/node_modules_next_dist_1e8vcs8._.js:776
[  808962ms] [LOG] [Fast Refresh] done in 224ms @ http://localhost:3001/_next/static/chunks/node_modules_next_dist_1e8vcs8._.js:776
[  809025ms] [LOG] [Fast Refresh] done in 224ms @ http://localhost:3001/_next/static/chunks/node_modules_next_dist_1e8vcs8._.js:776
[  809088ms] [LOG] [Fast Refresh] done in 224ms @ http://localhost:3001/_next/static/chunks/node_modules_next_dist_1e8vcs8._.js:776
[  809150ms] [LOG] [Fast Refresh] done in 224ms @ http://localhost:3001/_next/static/chunks/node_modules_next_dist_1e8vcs8._.js:776
[  809214ms] [LOG] [Fast Refresh] done in 224ms @ http://localhost:3001/_next/static/chunks/node_modules_next_dist_1e8vcs8._.js:776
[  809277ms] [LOG] [Fast Refresh] done in 224ms @ http://localhost:3001/_next/static/chunks/node_modules_next_dist_1e8vcs8._.js:776
[  809341ms] [LOG] [Fast Refresh] done in 224ms @ http://localhost:3001/_next/static/chunks/node_modules_next_dist_1e8vcs8._.js:776
[  809402ms] [LOG] [Fast Refresh] done in 224ms @ http://localhost:3001/_next/static/chunks/node_modules_next_dist_1e8vcs8._.js:776
[  809463ms] [LOG] [Fast Refresh] done in 224ms @ http://localhost:3001/_next/static/chunks/node_modules_next_dist_1e8vcs8._.js:776
[  809527ms] [LOG] [Fast Refresh] done in 224ms @ http://localhost:3001/_next/static/chunks/node_modules_next_dist_1e8vcs8._.js:776
[  809589ms] [LOG] [Fast Refresh] done in 224ms @ http://localhost:3001/_next/static/chunks/node_modules_next_dist_1e8vcs8._.js:776
[  809652ms] [LOG] [Fast Refresh] done in 224ms @ http://localhost:3001/_next/static/chunks/node_modules_next_dist_1e8vcs8._.js:776
[  809716ms] [LOG] [Fast Refresh] done in 224ms @ http://localhost:3001/_next/static/chunks/node_modules_next_dist_1e8vcs8._.js:776
[  809779ms] [LOG] [Fast Refresh] done in 224ms @ http://localhost:3001/_next/static/chunks/node_modules_next_dist_1e8vcs8._.js:776
[  809841ms] [LOG] [Fast Refresh] done in 224ms @ http://localhost:3001/_next/static/chunks/node_modules_next_dist_1e8vcs8._.js:776
[  809903ms] [LOG] [Fast Refresh] done in 224ms @ http://localhost:3001/_next/static/chunks/node_modules_next_dist_1e8vcs8._.js:776
[  809966ms] [LOG] [Fast Refresh] done in 224ms @ http://localhost:3001/_next/static/chunks/node_modules_next_dist_1e8vcs8._.js:776
[  810028ms] [LOG] [Fast Refresh] done in 224ms @ http://localhost:3001/_next/static/chunks/node_modules_next_dist_1e8vcs8._.js:776
[  810092ms] [LOG] [Fast Refresh] done in 224ms @ http://localhost:3001/_next/static/chunks/node_modules_next_dist_1e8vcs8._.js:776
[  810154ms] [LOG] [Fast Refresh] done in 224ms @ http://localhost:3001/_next/static/chunks/node_modules_next_dist_1e8vcs8._.js:776
[  810218ms] [LOG] [Fast Refresh] done in 224ms @ http://localhost:3001/_next/static/chunks/node_modules_next_dist_1e8vcs8._.js:776
[  810281ms] [LOG] [Fast Refresh] done in 224ms @ http://localhost:3001/_next/static/chunks/node_modules_next_dist_1e8vcs8._.js:776
[  810344ms] [LOG] [Fast Refresh] done in 224ms @ http://localhost:3001/_next/static/chunks/node_modules_next_dist_1e8vcs8._.js:776
[  810408ms] [LOG] [Fast Refresh] done in 224ms @ http://localhost:3001/_next/static/chunks/node_modules_next_dist_1e8vcs8._.js:776
[  810470ms] [LOG] [Fast Refresh] done in 224ms @ http://localhost:3001/_next/static/chunks/node_modules_next_dist_1e8vcs8._.js:776
[  810533ms] [LOG] [Fast Refresh] done in 224ms @ http://localhost:3001/_next/static/chunks/node_modules_next_dist_1e8vcs8._.js:776
[  810595ms] [LOG] [Fast Refresh] done in 224ms @ http://localhost:3001/_next/static/chunks/node_modules_next_dist_1e8vcs8._.js:776
[  810660ms] [LOG] [Fast Refresh] done in 224ms @ http://localhost:3001/_next/static/chunks/node_modules_next_dist_1e8vcs8._.js:776
[  810724ms] [LOG] [Fast Refresh] done in 224ms @ http://localhost:3001/_next/static/chunks/node_modules_next_dist_1e8vcs8._.js:776
[  810788ms] [LOG] [Fast Refresh] done in 224ms @ http://localhost:3001/_next/static/chunks/node_modules_next_dist_1e8vcs8._.js:776
[  810851ms] [LOG] [Fast Refresh] done in 224ms @ http://localhost:3001/_next/static/chunks/node_modules_next_dist_1e8vcs8._.js:776
[  810913ms] [LOG] [Fast Refresh] done in 224ms @ http://localhost:3001/_next/static/chunks/node_modules_next_dist_1e8vcs8._.js:776
[  810977ms] [LOG] [Fast Refresh] done in 224ms @ http://localhost:3001/_next/static/chunks/node_modules_next_dist_1e8vcs8._.js:776
[  811038ms] [LOG] [Fast Refresh] done in 224ms @ http://localhost:3001/_next/static/chunks/node_modules_next_dist_1e8vcs8._.js:776
[  811101ms] [LOG] [Fast Refresh] done in 224ms @ http://localhost:3001/_next/static/chunks/node_modules_next_dist_1e8vcs8._.js:776
[  811162ms] [LOG] [Fast Refresh] done in 224ms @ http://localhost:3001/_next/static/chunks/node_modules_next_dist_1e8vcs8._.js:776
[  811241ms] [LOG] [Fast Refresh] done in 224ms @ http://localhost:3001/_next/static/chunks/node_modules_next_dist_1e8vcs8._.js:776
[  811305ms] [LOG] [Fast Refresh] done in 224ms @ http://localhost:3001/_next/static/chunks/node_modules_next_dist_1e8vcs8._.js:776
[  811366ms] [LOG] [Fast Refresh] done in 224ms @ http://localhost:3001/_next/static/chunks/node_modules_next_dist_1e8vcs8._.js:776
[  811429ms] [LOG] [Fast Refresh] done in 224ms @ http://localhost:3001/_next/static/chunks/node_modules_next_dist_1e8vcs8._.js:776
[  811492ms] [LOG] [Fast Refresh] done in 224ms @ http://localhost:3001/_next/static/chunks/node_modules_next_dist_1e8vcs8._.js:776
[  811555ms] [LOG] [Fast Refresh] done in 224ms @ http://localhost:3001/_next/static/chunks/node_modules_next_dist_1e8vcs8._.js:776
[  811619ms] [LOG] [Fast Refresh] done in 224ms @ http://localhost:3001/_next/static/chunks/node_modules_next_dist_1e8vcs8._.js:776
[  811684ms] [LOG] [Fast Refresh] done in 224ms @ http://localhost:3001/_next/static/chunks/node_modules_next_dist_1e8vcs8._.js:776
[  811748ms] [LOG] [Fast Refresh] done in 224ms @ http://localhost:3001/_next/static/chunks/node_modules_next_dist_1e8vcs8._.js:776
[  811811ms] [LOG] [Fast Refresh] done in 224ms @ http://localhost:3001/_next/static/chunks/node_modules_next_dist_1e8vcs8._.js:776
[  811873ms] [LOG] [Fast Refresh] done in 224ms @ http://localhost:3001/_next/static/chunks/node_modules_next_dist_1e8vcs8._.js:776
[  811937ms] [LOG] [Fast Refresh] done in 224ms @ http://localhost:3001/_next/static/chunks/node_modules_next_dist_1e8vcs8._.js:776
[  811999ms] [LOG] [Fast Refresh] done in 224ms @ http://localhost:3001/_next/static/chunks/node_modules_next_dist_1e8vcs8._.js:776
[  812063ms] [LOG] [Fast Refresh] done in 224ms @ http://localhost:3001/_next/static/chunks/node_modules_next_dist_1e8vcs8._.js:776
[  812125ms] [LOG] [Fast Refresh] done in 224ms @ http://localhost:3001/_next/static/chunks/node_modules_next_dist_1e8vcs8._.js:776
[  812188ms] [LOG] [Fast Refresh] done in 224ms @ http://localhost:3001/_next/static/chunks/node_modules_next_dist_1e8vcs8._.js:776
[  812250ms] [LOG] [Fast Refresh] done in 224ms @ http://localhost:3001/_next/static/chunks/node_modules_next_dist_1e8vcs8._.js:776
[  812313ms] [LOG] [Fast Refresh] done in 224ms @ http://localhost:3001/_next/static/chunks/node_modules_next_dist_1e8vcs8._.js:776
[  812376ms] [LOG] [Fast Refresh] done in 224ms @ http://localhost:3001/_next/static/chunks/node_modules_next_dist_1e8vcs8._.js:776
[  812439ms] [LOG] [Fast Refresh] done in 224ms @ http://localhost:3001/_next/static/chunks/node_modules_next_dist_1e8vcs8._.js:776
[  812503ms] [LOG] [Fast Refresh] done in 224ms @ http://localhost:3001/_next/static/chunks/node_modules_next_dist_1e8vcs8._.js:776
[  812568ms] [LOG] [Fast Refresh] done in 224ms @ http://localhost:3001/_next/static/chunks/node_modules_next_dist_1e8vcs8._.js:776
[  812631ms] [LOG] [Fast Refresh] done in 224ms @ http://localhost:3001/_next/static/chunks/node_modules_next_dist_1e8vcs8._.js:776
[  812695ms] [LOG] [Fast Refresh] done in 224ms @ http://localhost:3001/_next/static/chunks/node_modules_next_dist_1e8vcs8._.js:776
[  812757ms] [LOG] [Fast Refresh] done in 224ms @ http://localhost:3001/_next/static/chunks/node_modules_next_dist_1e8vcs8._.js:776
[  812819ms] [LOG] [Fast Refresh] done in 224ms @ http://localhost:3001/_next/static/chunks/node_modules_next_dist_1e8vcs8._.js:776
[  812882ms] [LOG] [Fast Refresh] done in 224ms @ http://localhost:3001/_next/static/chunks/node_modules_next_dist_1e8vcs8._.js:776
[  812945ms] [LOG] [Fast Refresh] done in 224ms @ http://localhost:3001/_next/static/chunks/node_modules_next_dist_1e8vcs8._.js:776
[  813006ms] [LOG] [Fast Refresh] done in 224ms @ http://localhost:3001/_next/static/chunks/node_modules_next_dist_1e8vcs8._.js:776
[  813071ms] [LOG] [Fast Refresh] done in 224ms @ http://localhost:3001/_next/static/chunks/node_modules_next_dist_1e8vcs8._.js:776
[  813134ms] [LOG] [Fast Refresh] done in 224ms @ http://localhost:3001/_next/static/chunks/node_modules_next_dist_1e8vcs8._.js:776
[  813197ms] [LOG] [Fast Refresh] done in 224ms @ http://localhost:3001/_next/static/chunks/node_modules_next_dist_1e8vcs8._.js:776
[  813259ms] [LOG] [Fast Refresh] done in 224ms @ http://localhost:3001/_next/static/chunks/node_modules_next_dist_1e8vcs8._.js:776
[  813324ms] [LOG] [Fast Refresh] done in 224ms @ http://localhost:3001/_next/static/chunks/node_modules_next_dist_1e8vcs8._.js:776
[  813386ms] [LOG] [Fast Refresh] done in 224ms @ http://localhost:3001/_next/static/chunks/node_modules_next_dist_1e8vcs8._.js:776
[  813449ms] [LOG] [Fast Refresh] done in 224ms @ http://localhost:3001/_next/static/chunks/node_modules_next_dist_1e8vcs8._.js:776
[  813513ms] [LOG] [Fast Refresh] done in 224ms @ http://localhost:3001/_next/static/chunks/node_modules_next_dist_1e8vcs8._.js:776
[  813576ms] [LOG] [Fast Refresh] done in 224ms @ http://localhost:3001/_next/static/chunks/node_modules_next_dist_1e8vcs8._.js:776
[  813639ms] [LOG] [Fast Refresh] done in 224ms @ http://localhost:3001/_next/static/chunks/node_modules_next_dist_1e8vcs8._.js:776
[  813702ms] [LOG] [Fast Refresh] done in 224ms @ http://localhost:3001/_next/static/chunks/node_modules_next_dist_1e8vcs8._.js:776
[  813764ms] [LOG] [Fast Refresh] done in 224ms @ http://localhost:3001/_next/static/chunks/node_modules_next_dist_1e8vcs8._.js:776
[  813827ms] [LOG] [Fast Refresh] done in 224ms @ http://localhost:3001/_next/static/chunks/node_modules_next_dist_1e8vcs8._.js:776
[  813890ms] [LOG] [Fast Refresh] done in 224ms @ http://localhost:3001/_next/static/chunks/node_modules_next_dist_1e8vcs8._.js:776
[  813953ms] [LOG] [Fast Refresh] done in 224ms @ http://localhost:3001/_next/static/chunks/node_modules_next_dist_1e8vcs8._.js:776
[  814014ms] [LOG] [Fast Refresh] done in 224ms @ http://localhost:3001/_next/static/chunks/node_modules_next_dist_1e8vcs8._.js:776
[  814077ms] [LOG] [Fast Refresh] done in 224ms @ http://localhost:3001/_next/static/chunks/node_modules_next_dist_1e8vcs8._.js:776
[  814140ms] [LOG] [Fast Refresh] done in 224ms @ http://localhost:3001/_next/static/chunks/node_modules_next_dist_1e8vcs8._.js:776
[  814201ms] [LOG] [Fast Refresh] done in 224ms @ http://localhost:3001/_next/static/chunks/node_modules_next_dist_1e8vcs8._.js:776
[  814265ms] [LOG] [Fast Refresh] done in 224ms @ http://localhost:3001/_next/static/chunks/node_modules_next_dist_1e8vcs8._.js:776
[  814327ms] [LOG] [Fast Refresh] done in 224ms @ http://localhost:3001/_next/static/chunks/node_modules_next_dist_1e8vcs8._.js:776
[  814390ms] [LOG] [Fast Refresh] done in 224ms @ http://localhost:3001/_next/static/chunks/node_modules_next_dist_1e8vcs8._.js:776
[  814452ms] [LOG] [Fast Refresh] done in 224ms @ http://localhost:3001/_next/static/chunks/node_modules_next_dist_1e8vcs8._.js:776
[  814514ms] [LOG] [Fast Refresh] done in 224ms @ http://localhost:3001/_next/static/chunks/node_modules_next_dist_1e8vcs8._.js:776
[  814571ms] [LOG] [Fast Refresh] done in 224ms @ http://localhost:3001/_next/static/chunks/node_modules_next_dist_1e8vcs8._.js:776
[  814684ms] [LOG] [Fast Refresh] done in 224ms @ http://localhost:3001/_next/static/chunks/node_modules_next_dist_1e8vcs8._.js:776
[  814745ms] [LOG] [Fast Refresh] done in 224ms @ http://localhost:3001/_next/static/chunks/node_modules_next_dist_1e8vcs8._.js:776
[  814809ms] [LOG] [Fast Refresh] done in 224ms @ http://localhost:3001/_next/static/chunks/node_modules_next_dist_1e8vcs8._.js:776
[  814872ms] [LOG] [Fast Refresh] done in 224ms @ http://localhost:3001/_next/static/chunks/node_modules_next_dist_1e8vcs8._.js:776
[  814934ms] [LOG] [Fast Refresh] done in 224ms @ http://localhost:3001/_next/static/chunks/node_modules_next_dist_1e8vcs8._.js:776
[  814998ms] [LOG] [Fast Refresh] done in 224ms @ http://localhost:3001/_next/static/chunks/node_modules_next_dist_1e8vcs8._.js:776
[  815060ms] [LOG] [Fast Refresh] done in 224ms @ http://localhost:3001/_next/static/chunks/node_modules_next_dist_1e8vcs8._.js:776
[  815122ms] [LOG] [Fast Refresh] done in 224ms @ http://localhost:3001/_next/static/chunks/node_modules_next_dist_1e8vcs8._.js:776
[  815185ms] [LOG] [Fast Refresh] done in 224ms @ http://localhost:3001/_next/static/chunks/node_modules_next_dist_1e8vcs8._.js:776
[  815252ms] [LOG] [Fast Refresh] done in 224ms @ http://localhost:3001/_next/static/chunks/node_modules_next_dist_1e8vcs8._.js:776
[  815327ms] [LOG] [Fast Refresh] done in 224ms @ http://localhost:3001/_next/static/chunks/node_modules_next_dist_1e8vcs8._.js:776
[  815391ms] [LOG] [Fast Refresh] done in 224ms @ http://localhost:3001/_next/static/chunks/node_modules_next_dist_1e8vcs8._.js:776
[  815454ms] [LOG] [Fast Refresh] done in 224ms @ http://localhost:3001/_next/static/chunks/node_modules_next_dist_1e8vcs8._.js:776
[  815517ms] [LOG] [Fast Refresh] done in 224ms @ http://localhost:3001/_next/static/chunks/node_modules_next_dist_1e8vcs8._.js:776
[  815580ms] [LOG] [Fast Refresh] done in 224ms @ http://localhost:3001/_next/static/chunks/node_modules_next_dist_1e8vcs8._.js:776
[  815643ms] [LOG] [Fast Refresh] done in 224ms @ http://localhost:3001/_next/static/chunks/node_modules_next_dist_1e8vcs8._.js:776
[  815707ms] [LOG] [Fast Refresh] done in 224ms @ http://localhost:3001/_next/static/chunks/node_modules_next_dist_1e8vcs8._.js:776
[  815770ms] [LOG] [Fast Refresh] done in 224ms @ http://localhost:3001/_next/static/chunks/node_modules_next_dist_1e8vcs8._.js:776
[  815834ms] [LOG] [Fast Refresh] done in 224ms @ http://localhost:3001/_next/static/chunks/node_modules_next_dist_1e8vcs8._.js:776
[  815898ms] [LOG] [Fast Refresh] done in 224ms @ http://localhost:3001/_next/static/chunks/node_modules_next_dist_1e8vcs8._.js:776
[  815961ms] [LOG] [Fast Refresh] done in 224ms @ http://localhost:3001/_next/static/chunks/node_modules_next_dist_1e8vcs8._.js:776
[  816026ms] [LOG] [Fast Refresh] done in 224ms @ http://localhost:3001/_next/static/chunks/node_modules_next_dist_1e8vcs8._.js:776
[  816088ms] [LOG] [Fast Refresh] done in 224ms @ http://localhost:3001/_next/static/chunks/node_modules_next_dist_1e8vcs8._.js:776
[  816153ms] [LOG] [Fast Refresh] done in 224ms @ http://localhost:3001/_next/static/chunks/node_modules_next_dist_1e8vcs8._.js:776
[  816216ms] [LOG] [Fast Refresh] done in 224ms @ http://localhost:3001/_next/static/chunks/node_modules_next_dist_1e8vcs8._.js:776
[  816279ms] [LOG] [Fast Refresh] done in 224ms @ http://localhost:3001/_next/static/chunks/node_modules_next_dist_1e8vcs8._.js:776
[  816342ms] [LOG] [Fast Refresh] done in 224ms @ http://localhost:3001/_next/static/chunks/node_modules_next_dist_1e8vcs8._.js:776
[  816404ms] [LOG] [Fast Refresh] done in 224ms @ http://localhost:3001/_next/static/chunks/node_modules_next_dist_1e8vcs8._.js:776
[  816467ms] [LOG] [Fast Refresh] done in 224ms @ http://localhost:3001/_next/static/chunks/node_modules_next_dist_1e8vcs8._.js:776
[  816530ms] [LOG] [Fast Refresh] done in 224ms @ http://localhost:3001/_next/static/chunks/node_modules_next_dist_1e8vcs8._.js:776
[  816593ms] [LOG] [Fast Refresh] done in 224ms @ http://localhost:3001/_next/static/chunks/node_modules_next_dist_1e8vcs8._.js:776
[  816656ms] [LOG] [Fast Refresh] done in 224ms @ http://localhost:3001/_next/static/chunks/node_modules_next_dist_1e8vcs8._.js:776
[  816721ms] [LOG] [Fast Refresh] done in 224ms @ http://localhost:3001/_next/static/chunks/node_modules_next_dist_1e8vcs8._.js:776
[  816782ms] [LOG] [Fast Refresh] done in 224ms @ http://localhost:3001/_next/static/chunks/node_modules_next_dist_1e8vcs8._.js:776
[  816845ms] [LOG] [Fast Refresh] done in 224ms @ http://localhost:3001/_next/static/chunks/node_modules_next_dist_1e8vcs8._.js:776
[  816910ms] [LOG] [Fast Refresh] done in 224ms @ http://localhost:3001/_next/static/chunks/node_modules_next_dist_1e8vcs8._.js:776
[  816973ms] [LOG] [Fast Refresh] done in 224ms @ http://localhost:3001/_next/static/chunks/node_modules_next_dist_1e8vcs8._.js:776
[  817036ms] [LOG] [Fast Refresh] done in 224ms @ http://localhost:3001/_next/static/chunks/node_modules_next_dist_1e8vcs8._.js:776
[  817099ms] [LOG] [Fast Refresh] done in 224ms @ http://localhost:3001/_next/static/chunks/node_modules_next_dist_1e8vcs8._.js:776
[  817162ms] [LOG] [Fast Refresh] done in 224ms @ http://localhost:3001/_next/static/chunks/node_modules_next_dist_1e8vcs8._.js:776
[  817225ms] [LOG] [Fast Refresh] done in 224ms @ http://localhost:3001/_next/static/chunks/node_modules_next_dist_1e8vcs8._.js:776
[  817288ms] [LOG] [Fast Refresh] done in 224ms @ http://localhost:3001/_next/static/chunks/node_modules_next_dist_1e8vcs8._.js:776
[  817351ms] [LOG] [Fast Refresh] done in 224ms @ http://localhost:3001/_next/static/chunks/node_modules_next_dist_1e8vcs8._.js:776
[  817414ms] [LOG] [Fast Refresh] done in 224ms @ http://localhost:3001/_next/static/chunks/node_modules_next_dist_1e8vcs8._.js:776
[  817476ms] [LOG] [Fast Refresh] done in 224ms @ http://localhost:3001/_next/static/chunks/node_modules_next_dist_1e8vcs8._.js:776
[  817540ms] [LOG] [Fast Refresh] done in 224ms @ http://localhost:3001/_next/static/chunks/node_modules_next_dist_1e8vcs8._.js:776
[  817604ms] [LOG] [Fast Refresh] done in 224ms @ http://localhost:3001/_next/static/chunks/node_modules_next_dist_1e8vcs8._.js:776
[  817666ms] [LOG] [Fast Refresh] done in 224ms @ http://localhost:3001/_next/static/chunks/node_modules_next_dist_1e8vcs8._.js:776
[  817729ms] [LOG] [Fast Refresh] done in 224ms @ http://localhost:3001/_next/static/chunks/node_modules_next_dist_1e8vcs8._.js:776
[  817793ms] [LOG] [Fast Refresh] done in 224ms @ http://localhost:3001/_next/static/chunks/node_modules_next_dist_1e8vcs8._.js:776
[  817855ms] [LOG] [Fast Refresh] done in 224ms @ http://localhost:3001/_next/static/chunks/node_modules_next_dist_1e8vcs8._.js:776
[  817917ms] [LOG] [Fast Refresh] done in 224ms @ http://localhost:3001/_next/static/chunks/node_modules_next_dist_1e8vcs8._.js:776
[  817980ms] [LOG] [Fast Refresh] done in 224ms @ http://localhost:3001/_next/static/chunks/node_modules_next_dist_1e8vcs8._.js:776
[  818045ms] [LOG] [Fast Refresh] done in 224ms @ http://localhost:3001/_next/static/chunks/node_modules_next_dist_1e8vcs8._.js:776
[  818107ms] [LOG] [Fast Refresh] done in 224ms @ http://localhost:3001/_next/static/chunks/node_modules_next_dist_1e8vcs8._.js:776
[  818170ms] [LOG] [Fast Refresh] done in 224ms @ http://localhost:3001/_next/static/chunks/node_modules_next_dist_1e8vcs8._.js:776
[  818232ms] [LOG] [Fast Refresh] done in 224ms @ http://localhost:3001/_next/static/chunks/node_modules_next_dist_1e8vcs8._.js:776
[  818296ms] [LOG] [Fast Refresh] done in 224ms @ http://localhost:3001/_next/static/chunks/node_modules_next_dist_1e8vcs8._.js:776
[  818359ms] [LOG] [Fast Refresh] done in 224ms @ http://localhost:3001/_next/static/chunks/node_modules_next_dist_1e8vcs8._.js:776
[  818421ms] [LOG] [Fast Refresh] done in 224ms @ http://localhost:3001/_next/static/chunks/node_modules_next_dist_1e8vcs8._.js:776
[  818485ms] [LOG] [Fast Refresh] done in 224ms @ http://localhost:3001/_next/static/chunks/node_modules_next_dist_1e8vcs8._.js:776
[  818548ms] [LOG] [Fast Refresh] done in 224ms @ http://localhost:3001/_next/static/chunks/node_modules_next_dist_1e8vcs8._.js:776
[  818612ms] [LOG] [Fast Refresh] done in 224ms @ http://localhost:3001/_next/static/chunks/node_modules_next_dist_1e8vcs8._.js:776
[  818675ms] [LOG] [Fast Refresh] done in 224ms @ http://localhost:3001/_next/static/chunks/node_modules_next_dist_1e8vcs8._.js:776
[  818738ms] [LOG] [Fast Refresh] done in 224ms @ http://localhost:3001/_next/static/chunks/node_modules_next_dist_1e8vcs8._.js:776
[  818801ms] [LOG] [Fast Refresh] done in 224ms @ http://localhost:3001/_next/static/chunks/node_modules_next_dist_1e8vcs8._.js:776
[  818862ms] [LOG] [Fast Refresh] done in 224ms @ http://localhost:3001/_next/static/chunks/node_modules_next_dist_1e8vcs8._.js:776
[  818925ms] [LOG] [Fast Refresh] done in 224ms @ http://localhost:3001/_next/static/chunks/node_modules_next_dist_1e8vcs8._.js:776
[  818989ms] [LOG] [Fast Refresh] done in 224ms @ http://localhost:3001/_next/static/chunks/node_modules_next_dist_1e8vcs8._.js:776
[  819052ms] [LOG] [Fast Refresh] done in 224ms @ http://localhost:3001/_next/static/chunks/node_modules_next_dist_1e8vcs8._.js:776
[  819117ms] [LOG] [Fast Refresh] done in 224ms @ http://localhost:3001/_next/static/chunks/node_modules_next_dist_1e8vcs8._.js:776
[  819180ms] [LOG] [Fast Refresh] done in 224ms @ http://localhost:3001/_next/static/chunks/node_modules_next_dist_1e8vcs8._.js:776
[  819244ms] [LOG] [Fast Refresh] done in 224ms @ http://localhost:3001/_next/static/chunks/node_modules_next_dist_1e8vcs8._.js:776
[  819308ms] [LOG] [Fast Refresh] done in 224ms @ http://localhost:3001/_next/static/chunks/node_modules_next_dist_1e8vcs8._.js:776
[  819371ms] [LOG] [Fast Refresh] done in 224ms @ http://localhost:3001/_next/static/chunks/node_modules_next_dist_1e8vcs8._.js:776
[  819433ms] [LOG] [Fast Refresh] done in 224ms @ http://localhost:3001/_next/static/chunks/node_modules_next_dist_1e8vcs8._.js:776
[  819497ms] [LOG] [Fast Refresh] done in 224ms @ http://localhost:3001/_next/static/chunks/node_modules_next_dist_1e8vcs8._.js:776
[  819561ms] [LOG] [Fast Refresh] done in 224ms @ http://localhost:3001/_next/static/chunks/node_modules_next_dist_1e8vcs8._.js:776
[  819624ms] [LOG] [Fast Refresh] done in 224ms @ http://localhost:3001/_next/static/chunks/node_modules_next_dist_1e8vcs8._.js:776
[  819686ms] [LOG] [Fast Refresh] done in 224ms @ http://localhost:3001/_next/static/chunks/node_modules_next_dist_1e8vcs8._.js:776
[  819748ms] [LOG] [Fast Refresh] done in 224ms @ http://localhost:3001/_next/static/chunks/node_modules_next_dist_1e8vcs8._.js:776
[  819812ms] [LOG] [Fast Refresh] done in 224ms @ http://localhost:3001/_next/static/chunks/node_modules_next_dist_1e8vcs8._.js:776
[  819874ms] [LOG] [Fast Refresh] done in 224ms @ http://localhost:3001/_next/static/chunks/node_modules_next_dist_1e8vcs8._.js:776
[  819938ms] [LOG] [Fast Refresh] done in 224ms @ http://localhost:3001/_next/static/chunks/node_modules_next_dist_1e8vcs8._.js:776
[  820002ms] [LOG] [Fast Refresh] done in 224ms @ http://localhost:3001/_next/static/chunks/node_modules_next_dist_1e8vcs8._.js:776
[  820065ms] [LOG] [Fast Refresh] done in 224ms @ http://localhost:3001/_next/static/chunks/node_modules_next_dist_1e8vcs8._.js:776
[  820127ms] [LOG] [Fast Refresh] done in 224ms @ http://localhost:3001/_next/static/chunks/node_modules_next_dist_1e8vcs8._.js:776
[  820190ms] [LOG] [Fast Refresh] done in 224ms @ http://localhost:3001/_next/static/chunks/node_modules_next_dist_1e8vcs8._.js:776
[  820252ms] [LOG] [Fast Refresh] done in 224ms @ http://localhost:3001/_next/static/chunks/node_modules_next_dist_1e8vcs8._.js:776
[  820315ms] [LOG] [Fast Refresh] done in 224ms @ http://localhost:3001/_next/static/chunks/node_modules_next_dist_1e8vcs8._.js:776
[  820378ms] [LOG] [Fast Refresh] done in 224ms @ http://localhost:3001/_next/static/chunks/node_modules_next_dist_1e8vcs8._.js:776
[  820442ms] [LOG] [Fast Refresh] done in 224ms @ http://localhost:3001/_next/static/chunks/node_modules_next_dist_1e8vcs8._.js:776
[  820505ms] [LOG] [Fast Refresh] done in 224ms @ http://localhost:3001/_next/static/chunks/node_modules_next_dist_1e8vcs8._.js:776
[  820567ms] [LOG] [Fast Refresh] done in 224ms @ http://localhost:3001/_next/static/chunks/node_modules_next_dist_1e8vcs8._.js:776
[  820630ms] [LOG] [Fast Refresh] done in 224ms @ http://localhost:3001/_next/static/chunks/node_modules_next_dist_1e8vcs8._.js:776
[  820693ms] [LOG] [Fast Refresh] done in 224ms @ http://localhost:3001/_next/static/chunks/node_modules_next_dist_1e8vcs8._.js:776
[  820757ms] [LOG] [Fast Refresh] done in 224ms @ http://localhost:3001/_next/static/chunks/node_modules_next_dist_1e8vcs8._.js:776
[  820819ms] [LOG] [Fast Refresh] done in 224ms @ http://localhost:3001/_next/static/chunks/node_modules_next_dist_1e8vcs8._.js:776
[  820880ms] [LOG] [Fast Refresh] done in 224ms @ http://localhost:3001/_next/static/chunks/node_modules_next_dist_1e8vcs8._.js:776
[  820943ms] [LOG] [Fast Refresh] done in 224ms @ http://localhost:3001/_next/static/chunks/node_modules_next_dist_1e8vcs8._.js:776
[  821007ms] [LOG] [Fast Refresh] done in 224ms @ http://localhost:3001/_next/static/chunks/node_modules_next_dist_1e8vcs8._.js:776
[  821071ms] [LOG] [Fast Refresh] done in 224ms @ http://localhost:3001/_next/static/chunks/node_modules_next_dist_1e8vcs8._.js:776
[  821134ms] [LOG] [Fast Refresh] done in 224ms @ http://localhost:3001/_next/static/chunks/node_modules_next_dist_1e8vcs8._.js:776
[  821198ms] [LOG] [Fast Refresh] done in 224ms @ http://localhost:3001/_next/static/chunks/node_modules_next_dist_1e8vcs8._.js:776
[  821260ms] [LOG] [Fast Refresh] done in 224ms @ http://localhost:3001/_next/static/chunks/node_modules_next_dist_1e8vcs8._.js:776
[  821322ms] [LOG] [Fast Refresh] done in 224ms @ http://localhost:3001/_next/static/chunks/node_modules_next_dist_1e8vcs8._.js:776
[  821386ms] [LOG] [Fast Refresh] done in 224ms @ http://localhost:3001/_next/static/chunks/node_modules_next_dist_1e8vcs8._.js:776
[  821449ms] [LOG] [Fast Refresh] done in 224ms @ http://localhost:3001/_next/static/chunks/node_modules_next_dist_1e8vcs8._.js:776
[  821512ms] [LOG] [Fast Refresh] done in 224ms @ http://localhost:3001/_next/static/chunks/node_modules_next_dist_1e8vcs8._.js:776
[  821576ms] [LOG] [Fast Refresh] done in 224ms @ http://localhost:3001/_next/static/chunks/node_modules_next_dist_1e8vcs8._.js:776
[  821639ms] [LOG] [Fast Refresh] done in 224ms @ http://localhost:3001/_next/static/chunks/node_modules_next_dist_1e8vcs8._.js:776
[  821700ms] [LOG] [Fast Refresh] done in 224ms @ http://localhost:3001/_next/static/chunks/node_modules_next_dist_1e8vcs8._.js:776
[  821764ms] [LOG] [Fast Refresh] done in 224ms @ http://localhost:3001/_next/static/chunks/node_modules_next_dist_1e8vcs8._.js:776
[  821827ms] [LOG] [Fast Refresh] done in 224ms @ http://localhost:3001/_next/static/chunks/node_modules_next_dist_1e8vcs8._.js:776
[  821889ms] [LOG] [Fast Refresh] done in 224ms @ http://localhost:3001/_next/static/chunks/node_modules_next_dist_1e8vcs8._.js:776
[  821952ms] [LOG] [Fast Refresh] done in 224ms @ http://localhost:3001/_next/static/chunks/node_modules_next_dist_1e8vcs8._.js:776
[  822017ms] [LOG] [Fast Refresh] done in 224ms @ http://localhost:3001/_next/static/chunks/node_modules_next_dist_1e8vcs8._.js:776
[  822080ms] [LOG] [Fast Refresh] done in 224ms @ http://localhost:3001/_next/static/chunks/node_modules_next_dist_1e8vcs8._.js:776
[  822145ms] [LOG] [Fast Refresh] done in 224ms @ http://localhost:3001/_next/static/chunks/node_modules_next_dist_1e8vcs8._.js:776
[  822207ms] [LOG] [Fast Refresh] done in 224ms @ http://localhost:3001/_next/static/chunks/node_modules_next_dist_1e8vcs8._.js:776
[  822270ms] [LOG] [Fast Refresh] done in 224ms @ http://localhost:3001/_next/static/chunks/node_modules_next_dist_1e8vcs8._.js:776
[  822333ms] [LOG] [Fast Refresh] done in 224ms @ http://localhost:3001/_next/static/chunks/node_modules_next_dist_1e8vcs8._.js:776
[  822397ms] [LOG] [Fast Refresh] done in 224ms @ http://localhost:3001/_next/static/chunks/node_modules_next_dist_1e8vcs8._.js:776
[  822459ms] [LOG] [Fast Refresh] done in 224ms @ http://localhost:3001/_next/static/chunks/node_modules_next_dist_1e8vcs8._.js:776
[  822522ms] [LOG] [Fast Refresh] done in 224ms @ http://localhost:3001/_next/static/chunks/node_modules_next_dist_1e8vcs8._.js:776
[  822585ms] [LOG] [Fast Refresh] done in 224ms @ http://localhost:3001/_next/static/chunks/node_modules_next_dist_1e8vcs8._.js:776
[  822646ms] [LOG] [Fast Refresh] done in 224ms @ http://localhost:3001/_next/static/chunks/node_modules_next_dist_1e8vcs8._.js:776
[  822708ms] [LOG] [Fast Refresh] done in 224ms @ http://localhost:3001/_next/static/chunks/node_modules_next_dist_1e8vcs8._.js:776
[  822772ms] [LOG] [Fast Refresh] done in 224ms @ http://localhost:3001/_next/static/chunks/node_modules_next_dist_1e8vcs8._.js:776
[  822835ms] [LOG] [Fast Refresh] done in 224ms @ http://localhost:3001/_next/static/chunks/node_modules_next_dist_1e8vcs8._.js:776
[  822898ms] [LOG] [Fast Refresh] done in 224ms @ http://localhost:3001/_next/static/chunks/node_modules_next_dist_1e8vcs8._.js:776
[  822961ms] [LOG] [Fast Refresh] done in 224ms @ http://localhost:3001/_next/static/chunks/node_modules_next_dist_1e8vcs8._.js:776
[  823025ms] [LOG] [Fast Refresh] done in 224ms @ http://localhost:3001/_next/static/chunks/node_modules_next_dist_1e8vcs8._.js:776
[  823088ms] [LOG] [Fast Refresh] done in 224ms @ http://localhost:3001/_next/static/chunks/node_modules_next_dist_1e8vcs8._.js:776
[  823151ms] [LOG] [Fast Refresh] done in 224ms @ http://localhost:3001/_next/static/chunks/node_modules_next_dist_1e8vcs8._.js:776
[  823214ms] [LOG] [Fast Refresh] done in 224ms @ http://localhost:3001/_next/static/chunks/node_modules_next_dist_1e8vcs8._.js:776
[  823277ms] [LOG] [Fast Refresh] done in 224ms @ http://localhost:3001/_next/static/chunks/node_modules_next_dist_1e8vcs8._.js:776
[  823340ms] [LOG] [Fast Refresh] done in 224ms @ http://localhost:3001/_next/static/chunks/node_modules_next_dist_1e8vcs8._.js:776
[  823404ms] [LOG] [Fast Refresh] done in 224ms @ http://localhost:3001/_next/static/chunks/node_modules_next_dist_1e8vcs8._.js:776
[  823468ms] [LOG] [Fast Refresh] done in 224ms @ http://localhost:3001/_next/static/chunks/node_modules_next_dist_1e8vcs8._.js:776
[  823531ms] [LOG] [Fast Refresh] done in 224ms @ http://localhost:3001/_next/static/chunks/node_modules_next_dist_1e8vcs8._.js:776
[  823595ms] [LOG] [Fast Refresh] done in 224ms @ http://localhost:3001/_next/static/chunks/node_modules_next_dist_1e8vcs8._.js:776
[  823660ms] [LOG] [Fast Refresh] done in 224ms @ http://localhost:3001/_next/static/chunks/node_modules_next_dist_1e8vcs8._.js:776
[  823722ms] [LOG] [Fast Refresh] done in 224ms @ http://localhost:3001/_next/static/chunks/node_modules_next_dist_1e8vcs8._.js:776
[  823785ms] [LOG] [Fast Refresh] done in 224ms @ http://localhost:3001/_next/static/chunks/node_modules_next_dist_1e8vcs8._.js:776
[  823847ms] [LOG] [Fast Refresh] done in 224ms @ http://localhost:3001/_next/static/chunks/node_modules_next_dist_1e8vcs8._.js:776
[  823908ms] [LOG] [Fast Refresh] done in 224ms @ http://localhost:3001/_next/static/chunks/node_modules_next_dist_1e8vcs8._.js:776
[  823971ms] [LOG] [Fast Refresh] done in 224ms @ http://localhost:3001/_next/static/chunks/node_modules_next_dist_1e8vcs8._.js:776
[  824035ms] [LOG] [Fast Refresh] done in 224ms @ http://localhost:3001/_next/static/chunks/node_modules_next_dist_1e8vcs8._.js:776
[  824096ms] [LOG] [Fast Refresh] done in 224ms @ http://localhost:3001/_next/static/chunks/node_modules_next_dist_1e8vcs8._.js:776
[  824160ms] [LOG] [Fast Refresh] done in 224ms @ http://localhost:3001/_next/static/chunks/node_modules_next_dist_1e8vcs8._.js:776
[  824223ms] [LOG] [Fast Refresh] done in 224ms @ http://localhost:3001/_next/static/chunks/node_modules_next_dist_1e8vcs8._.js:776
[  824288ms] [LOG] [Fast Refresh] done in 224ms @ http://localhost:3001/_next/static/chunks/node_modules_next_dist_1e8vcs8._.js:776
[  824350ms] [LOG] [Fast Refresh] done in 224ms @ http://localhost:3001/_next/static/chunks/node_modules_next_dist_1e8vcs8._.js:776
[  824414ms] [LOG] [Fast Refresh] done in 224ms @ http://localhost:3001/_next/static/chunks/node_modules_next_dist_1e8vcs8._.js:776
[  824477ms] [LOG] [Fast Refresh] done in 224ms @ http://localhost:3001/_next/static/chunks/node_modules_next_dist_1e8vcs8._.js:776
[  824540ms] [LOG] [Fast Refresh] done in 224ms @ http://localhost:3001/_next/static/chunks/node_modules_next_dist_1e8vcs8._.js:776
[  824603ms] [LOG] [Fast Refresh] done in 224ms @ http://localhost:3001/_next/static/chunks/node_modules_next_dist_1e8vcs8._.js:776
[  824665ms] [LOG] [Fast Refresh] done in 224ms @ http://localhost:3001/_next/static/chunks/node_modules_next_dist_1e8vcs8._.js:776
[  824727ms] [LOG] [Fast Refresh] done in 224ms @ http://localhost:3001/_next/static/chunks/node_modules_next_dist_1e8vcs8._.js:776
[  824789ms] [LOG] [Fast Refresh] done in 224ms @ http://localhost:3001/_next/static/chunks/node_modules_next_dist_1e8vcs8._.js:776
[  824851ms] [LOG] [Fast Refresh] done in 224ms @ http://localhost:3001/_next/static/chunks/node_modules_next_dist_1e8vcs8._.js:776
[  824914ms] [LOG] [Fast Refresh] done in 224ms @ http://localhost:3001/_next/static/chunks/node_modules_next_dist_1e8vcs8._.js:776
[  824977ms] [LOG] [Fast Refresh] done in 224ms @ http://localhost:3001/_next/static/chunks/node_modules_next_dist_1e8vcs8._.js:776
[  825039ms] [LOG] [Fast Refresh] done in 224ms @ http://localhost:3001/_next/static/chunks/node_modules_next_dist_1e8vcs8._.js:776
[  825104ms] [LOG] [Fast Refresh] done in 224ms @ http://localhost:3001/_next/static/chunks/node_modules_next_dist_1e8vcs8._.js:776
[  825165ms] [LOG] [Fast Refresh] done in 224ms @ http://localhost:3001/_next/static/chunks/node_modules_next_dist_1e8vcs8._.js:776
[  825229ms] [LOG] [Fast Refresh] done in 224ms @ http://localhost:3001/_next/static/chunks/node_modules_next_dist_1e8vcs8._.js:776
[  825291ms] [LOG] [Fast Refresh] done in 224ms @ http://localhost:3001/_next/static/chunks/node_modules_next_dist_1e8vcs8._.js:776
[  825355ms] [LOG] [Fast Refresh] done in 224ms @ http://localhost:3001/_next/static/chunks/node_modules_next_dist_1e8vcs8._.js:776
[  825418ms] [LOG] [Fast Refresh] done in 224ms @ http://localhost:3001/_next/static/chunks/node_modules_next_dist_1e8vcs8._.js:776
[  825479ms] [LOG] [Fast Refresh] done in 224ms @ http://localhost:3001/_next/static/chunks/node_modules_next_dist_1e8vcs8._.js:776
[  825543ms] [LOG] [Fast Refresh] done in 224ms @ http://localhost:3001/_next/static/chunks/node_modules_next_dist_1e8vcs8._.js:776
[  825606ms] [LOG] [Fast Refresh] done in 224ms @ http://localhost:3001/_next/static/chunks/node_modules_next_dist_1e8vcs8._.js:776
[  825670ms] [LOG] [Fast Refresh] done in 224ms @ http://localhost:3001/_next/static/chunks/node_modules_next_dist_1e8vcs8._.js:776
[  825729ms] [LOG] [Fast Refresh] done in 224ms @ http://localhost:3001/_next/static/chunks/node_modules_next_dist_1e8vcs8._.js:776
[  825791ms] [LOG] [Fast Refresh] done in 224ms @ http://localhost:3001/_next/static/chunks/node_modules_next_dist_1e8vcs8._.js:776
[  825851ms] [LOG] [Fast Refresh] done in 224ms @ http://localhost:3001/_next/static/chunks/node_modules_next_dist_1e8vcs8._.js:776
[  825912ms] [LOG] [Fast Refresh] done in 224ms @ http://localhost:3001/_next/static/chunks/node_modules_next_dist_1e8vcs8._.js:776
[  825976ms] [LOG] [Fast Refresh] done in 224ms @ http://localhost:3001/_next/static/chunks/node_modules_next_dist_1e8vcs8._.js:776
[  826039ms] [LOG] [Fast Refresh] done in 224ms @ http://localhost:3001/_next/static/chunks/node_modules_next_dist_1e8vcs8._.js:776
[  826103ms] [LOG] [Fast Refresh] done in 224ms @ http://localhost:3001/_next/static/chunks/node_modules_next_dist_1e8vcs8._.js:776
[  826166ms] [LOG] [Fast Refresh] done in 224ms @ http://localhost:3001/_next/static/chunks/node_modules_next_dist_1e8vcs8._.js:776
[  826229ms] [LOG] [Fast Refresh] done in 224ms @ http://localhost:3001/_next/static/chunks/node_modules_next_dist_1e8vcs8._.js:776
[  826292ms] [LOG] [Fast Refresh] done in 224ms @ http://localhost:3001/_next/static/chunks/node_modules_next_dist_1e8vcs8._.js:776
[  826356ms] [LOG] [Fast Refresh] done in 224ms @ http://localhost:3001/_next/static/chunks/node_modules_next_dist_1e8vcs8._.js:776
[  826419ms] [LOG] [Fast Refresh] done in 224ms @ http://localhost:3001/_next/static/chunks/node_modules_next_dist_1e8vcs8._.js:776
[  826481ms] [LOG] [Fast Refresh] done in 224ms @ http://localhost:3001/_next/static/chunks/node_modules_next_dist_1e8vcs8._.js:776
[  826545ms] [LOG] [Fast Refresh] done in 224ms @ http://localhost:3001/_next/static/chunks/node_modules_next_dist_1e8vcs8._.js:776
[  826609ms] [LOG] [Fast Refresh] done in 224ms @ http://localhost:3001/_next/static/chunks/node_modules_next_dist_1e8vcs8._.js:776
[  826673ms] [LOG] [Fast Refresh] done in 224ms @ http://localhost:3001/_next/static/chunks/node_modules_next_dist_1e8vcs8._.js:776
[  826756ms] [LOG] [Fast Refresh] done in 224ms @ http://localhost:3001/_next/static/chunks/node_modules_next_dist_1e8vcs8._.js:776
[  826831ms] [LOG] [Fast Refresh] done in 224ms @ http://localhost:3001/_next/static/chunks/node_modules_next_dist_1e8vcs8._.js:776
[  826894ms] [LOG] [Fast Refresh] done in 224ms @ http://localhost:3001/_next/static/chunks/node_modules_next_dist_1e8vcs8._.js:776
[  826957ms] [LOG] [Fast Refresh] done in 224ms @ http://localhost:3001/_next/static/chunks/node_modules_next_dist_1e8vcs8._.js:776
[  827018ms] [LOG] [Fast Refresh] done in 224ms @ http://localhost:3001/_next/static/chunks/node_modules_next_dist_1e8vcs8._.js:776
[  827081ms] [LOG] [Fast Refresh] done in 224ms @ http://localhost:3001/_next/static/chunks/node_modules_next_dist_1e8vcs8._.js:776
[  827145ms] [LOG] [Fast Refresh] done in 224ms @ http://localhost:3001/_next/static/chunks/node_modules_next_dist_1e8vcs8._.js:776
[  827208ms] [LOG] [Fast Refresh] done in 224ms @ http://localhost:3001/_next/static/chunks/node_modules_next_dist_1e8vcs8._.js:776
[  827271ms] [LOG] [Fast Refresh] done in 224ms @ http://localhost:3001/_next/static/chunks/node_modules_next_dist_1e8vcs8._.js:776
[  827332ms] [LOG] [Fast Refresh] done in 224ms @ http://localhost:3001/_next/static/chunks/node_modules_next_dist_1e8vcs8._.js:776
[  827396ms] [LOG] [Fast Refresh] done in 224ms @ http://localhost:3001/_next/static/chunks/node_modules_next_dist_1e8vcs8._.js:776
[  827461ms] [LOG] [Fast Refresh] done in 224ms @ http://localhost:3001/_next/static/chunks/node_modules_next_dist_1e8vcs8._.js:776
[  827523ms] [LOG] [Fast Refresh] done in 224ms @ http://localhost:3001/_next/static/chunks/node_modules_next_dist_1e8vcs8._.js:776
[  827587ms] [LOG] [Fast Refresh] done in 224ms @ http://localhost:3001/_next/static/chunks/node_modules_next_dist_1e8vcs8._.js:776
[  827650ms] [LOG] [Fast Refresh] done in 224ms @ http://localhost:3001/_next/static/chunks/node_modules_next_dist_1e8vcs8._.js:776
[  827713ms] [LOG] [Fast Refresh] done in 224ms @ http://localhost:3001/_next/static/chunks/node_modules_next_dist_1e8vcs8._.js:776
[  827777ms] [LOG] [Fast Refresh] done in 224ms @ http://localhost:3001/_next/static/chunks/node_modules_next_dist_1e8vcs8._.js:776
[  827840ms] [LOG] [Fast Refresh] done in 224ms @ http://localhost:3001/_next/static/chunks/node_modules_next_dist_1e8vcs8._.js:776
[  827902ms] [LOG] [Fast Refresh] done in 224ms @ http://localhost:3001/_next/static/chunks/node_modules_next_dist_1e8vcs8._.js:776
[  827965ms] [LOG] [Fast Refresh] done in 224ms @ http://localhost:3001/_next/static/chunks/node_modules_next_dist_1e8vcs8._.js:776
[  828029ms] [LOG] [Fast Refresh] done in 224ms @ http://localhost:3001/_next/static/chunks/node_modules_next_dist_1e8vcs8._.js:776
[  828091ms] [LOG] [Fast Refresh] done in 224ms @ http://localhost:3001/_next/static/chunks/node_modules_next_dist_1e8vcs8._.js:776
[  828154ms] [LOG] [Fast Refresh] done in 224ms @ http://localhost:3001/_next/static/chunks/node_modules_next_dist_1e8vcs8._.js:776
[  828217ms] [LOG] [Fast Refresh] done in 224ms @ http://localhost:3001/_next/static/chunks/node_modules_next_dist_1e8vcs8._.js:776
[  828281ms] [LOG] [Fast Refresh] done in 224ms @ http://localhost:3001/_next/static/chunks/node_modules_next_dist_1e8vcs8._.js:776
[  828345ms] [LOG] [Fast Refresh] done in 224ms @ http://localhost:3001/_next/static/chunks/node_modules_next_dist_1e8vcs8._.js:776
[  828406ms] [LOG] [Fast Refresh] done in 224ms @ http://localhost:3001/_next/static/chunks/node_modules_next_dist_1e8vcs8._.js:776
[  828471ms] [LOG] [Fast Refresh] done in 224ms @ http://localhost:3001/_next/static/chunks/node_modules_next_dist_1e8vcs8._.js:776
[  828534ms] [LOG] [Fast Refresh] done in 224ms @ http://localhost:3001/_next/static/chunks/node_modules_next_dist_1e8vcs8._.js:776
[  828595ms] [LOG] [Fast Refresh] done in 224ms @ http://localhost:3001/_next/static/chunks/node_modules_next_dist_1e8vcs8._.js:776
[  828658ms] [LOG] [Fast Refresh] done in 224ms @ http://localhost:3001/_next/static/chunks/node_modules_next_dist_1e8vcs8._.js:776
[  828721ms] [LOG] [Fast Refresh] done in 224ms @ http://localhost:3001/_next/static/chunks/node_modules_next_dist_1e8vcs8._.js:776
[  828784ms] [LOG] [Fast Refresh] done in 224ms @ http://localhost:3001/_next/static/chunks/node_modules_next_dist_1e8vcs8._.js:776
[  828846ms] [LOG] [Fast Refresh] done in 224ms @ http://localhost:3001/_next/static/chunks/node_modules_next_dist_1e8vcs8._.js:776
[  828910ms] [LOG] [Fast Refresh] done in 224ms @ http://localhost:3001/_next/static/chunks/node_modules_next_dist_1e8vcs8._.js:776
[  828972ms] [LOG] [Fast Refresh] done in 224ms @ http://localhost:3001/_next/static/chunks/node_modules_next_dist_1e8vcs8._.js:776
[  829035ms] [LOG] [Fast Refresh] done in 224ms @ http://localhost:3001/_next/static/chunks/node_modules_next_dist_1e8vcs8._.js:776
[  829097ms] [LOG] [Fast Refresh] done in 224ms @ http://localhost:3001/_next/static/chunks/node_modules_next_dist_1e8vcs8._.js:776
[  829161ms] [LOG] [Fast Refresh] done in 224ms @ http://localhost:3001/_next/static/chunks/node_modules_next_dist_1e8vcs8._.js:776
[  829224ms] [LOG] [Fast Refresh] done in 224ms @ http://localhost:3001/_next/static/chunks/node_modules_next_dist_1e8vcs8._.js:776
[  829288ms] [LOG] [Fast Refresh] done in 224ms @ http://localhost:3001/_next/static/chunks/node_modules_next_dist_1e8vcs8._.js:776
[  829351ms] [LOG] [Fast Refresh] done in 224ms @ http://localhost:3001/_next/static/chunks/node_modules_next_dist_1e8vcs8._.js:776
[  829413ms] [LOG] [Fast Refresh] done in 224ms @ http://localhost:3001/_next/static/chunks/node_modules_next_dist_1e8vcs8._.js:776
[  829476ms] [LOG] [Fast Refresh] done in 224ms @ http://localhost:3001/_next/static/chunks/node_modules_next_dist_1e8vcs8._.js:776
[  829539ms] [LOG] [Fast Refresh] done in 224ms @ http://localhost:3001/_next/static/chunks/node_modules_next_dist_1e8vcs8._.js:776
[  829600ms] [LOG] [Fast Refresh] done in 224ms @ http://localhost:3001/_next/static/chunks/node_modules_next_dist_1e8vcs8._.js:776
[  829662ms] [LOG] [Fast Refresh] done in 224ms @ http://localhost:3001/_next/static/chunks/node_modules_next_dist_1e8vcs8._.js:776
[  829725ms] [LOG] [Fast Refresh] done in 224ms @ http://localhost:3001/_next/static/chunks/node_modules_next_dist_1e8vcs8._.js:776
[  829788ms] [LOG] [Fast Refresh] done in 224ms @ http://localhost:3001/_next/static/chunks/node_modules_next_dist_1e8vcs8._.js:776
[  829849ms] [LOG] [Fast Refresh] done in 224ms @ http://localhost:3001/_next/static/chunks/node_modules_next_dist_1e8vcs8._.js:776
[  829912ms] [LOG] [Fast Refresh] done in 224ms @ http://localhost:3001/_next/static/chunks/node_modules_next_dist_1e8vcs8._.js:776
[  829973ms] [LOG] [Fast Refresh] done in 224ms @ http://localhost:3001/_next/static/chunks/node_modules_next_dist_1e8vcs8._.js:776
[  830037ms] [LOG] [Fast Refresh] done in 224ms @ http://localhost:3001/_next/static/chunks/node_modules_next_dist_1e8vcs8._.js:776
[  830099ms] [LOG] [Fast Refresh] done in 224ms @ http://localhost:3001/_next/static/chunks/node_modules_next_dist_1e8vcs8._.js:776
[  830162ms] [LOG] [Fast Refresh] done in 224ms @ http://localhost:3001/_next/static/chunks/node_modules_next_dist_1e8vcs8._.js:776
[  830226ms] [LOG] [Fast Refresh] done in 224ms @ http://localhost:3001/_next/static/chunks/node_modules_next_dist_1e8vcs8._.js:776
[  830290ms] [LOG] [Fast Refresh] done in 224ms @ http://localhost:3001/_next/static/chunks/node_modules_next_dist_1e8vcs8._.js:776
[  830353ms] [LOG] [Fast Refresh] done in 224ms @ http://localhost:3001/_next/static/chunks/node_modules_next_dist_1e8vcs8._.js:776
[  830417ms] [LOG] [Fast Refresh] done in 224ms @ http://localhost:3001/_next/static/chunks/node_modules_next_dist_1e8vcs8._.js:776
[  830480ms] [LOG] [Fast Refresh] done in 224ms @ http://localhost:3001/_next/static/chunks/node_modules_next_dist_1e8vcs8._.js:776
[  830544ms] [LOG] [Fast Refresh] done in 224ms @ http://localhost:3001/_next/static/chunks/node_modules_next_dist_1e8vcs8._.js:776
[  830607ms] [LOG] [Fast Refresh] done in 224ms @ http://localhost:3001/_next/static/chunks/node_modules_next_dist_1e8vcs8._.js:776
[  830669ms] [LOG] [Fast Refresh] done in 224ms @ http://localhost:3001/_next/static/chunks/node_modules_next_dist_1e8vcs8._.js:776
[  830732ms] [LOG] [Fast Refresh] done in 224ms @ http://localhost:3001/_next/static/chunks/node_modules_next_dist_1e8vcs8._.js:776
[  830795ms] [LOG] [Fast Refresh] done in 224ms @ http://localhost:3001/_next/static/chunks/node_modules_next_dist_1e8vcs8._.js:776
[  830858ms] [LOG] [Fast Refresh] done in 224ms @ http://localhost:3001/_next/static/chunks/node_modules_next_dist_1e8vcs8._.js:776
[  830921ms] [LOG] [Fast Refresh] done in 224ms @ http://localhost:3001/_next/static/chunks/node_modules_next_dist_1e8vcs8._.js:776
[  830984ms] [LOG] [Fast Refresh] done in 224ms @ http://localhost:3001/_next/static/chunks/node_modules_next_dist_1e8vcs8._.js:776
[  831048ms] [LOG] [Fast Refresh] done in 224ms @ http://localhost:3001/_next/static/chunks/node_modules_next_dist_1e8vcs8._.js:776
[  831112ms] [LOG] [Fast Refresh] done in 224ms @ http://localhost:3001/_next/static/chunks/node_modules_next_dist_1e8vcs8._.js:776
[  831174ms] [LOG] [Fast Refresh] done in 224ms @ http://localhost:3001/_next/static/chunks/node_modules_next_dist_1e8vcs8._.js:776
[  831237ms] [LOG] [Fast Refresh] done in 224ms @ http://localhost:3001/_next/static/chunks/node_modules_next_dist_1e8vcs8._.js:776
[  831300ms] [LOG] [Fast Refresh] done in 224ms @ http://localhost:3001/_next/static/chunks/node_modules_next_dist_1e8vcs8._.js:776
[  831364ms] [LOG] [Fast Refresh] done in 224ms @ http://localhost:3001/_next/static/chunks/node_modules_next_dist_1e8vcs8._.js:776
[  831427ms] [LOG] [Fast Refresh] done in 224ms @ http://localhost:3001/_next/static/chunks/node_modules_next_dist_1e8vcs8._.js:776
[  831490ms] [LOG] [Fast Refresh] done in 224ms @ http://localhost:3001/_next/static/chunks/node_modules_next_dist_1e8vcs8._.js:776
[  831552ms] [LOG] [Fast Refresh] done in 224ms @ http://localhost:3001/_next/static/chunks/node_modules_next_dist_1e8vcs8._.js:776
[  831615ms] [LOG] [Fast Refresh] done in 224ms @ http://localhost:3001/_next/static/chunks/node_modules_next_dist_1e8vcs8._.js:776
[  831678ms] [LOG] [Fast Refresh] done in 224ms @ http://localhost:3001/_next/static/chunks/node_modules_next_dist_1e8vcs8._.js:776
[  831741ms] [LOG] [Fast Refresh] done in 224ms @ http://localhost:3001/_next/static/chunks/node_modules_next_dist_1e8vcs8._.js:776
[  831804ms] [LOG] [Fast Refresh] done in 224ms @ http://localhost:3001/_next/static/chunks/node_modules_next_dist_1e8vcs8._.js:776
[  831866ms] [LOG] [Fast Refresh] done in 224ms @ http://localhost:3001/_next/static/chunks/node_modules_next_dist_1e8vcs8._.js:776
[  831928ms] [LOG] [Fast Refresh] done in 224ms @ http://localhost:3001/_next/static/chunks/node_modules_next_dist_1e8vcs8._.js:776
[  831992ms] [LOG] [Fast Refresh] done in 224ms @ http://localhost:3001/_next/static/chunks/node_modules_next_dist_1e8vcs8._.js:776
[  832055ms] [LOG] [Fast Refresh] done in 224ms @ http://localhost:3001/_next/static/chunks/node_modules_next_dist_1e8vcs8._.js:776
[  832117ms] [LOG] [Fast Refresh] done in 224ms @ http://localhost:3001/_next/static/chunks/node_modules_next_dist_1e8vcs8._.js:776
[  832181ms] [LOG] [Fast Refresh] done in 224ms @ http://localhost:3001/_next/static/chunks/node_modules_next_dist_1e8vcs8._.js:776
[  832245ms] [LOG] [Fast Refresh] done in 224ms @ http://localhost:3001/_next/static/chunks/node_modules_next_dist_1e8vcs8._.js:776
[  832308ms] [LOG] [Fast Refresh] done in 224ms @ http://localhost:3001/_next/static/chunks/node_modules_next_dist_1e8vcs8._.js:776
[  832372ms] [LOG] [Fast Refresh] done in 224ms @ http://localhost:3001/_next/static/chunks/node_modules_next_dist_1e8vcs8._.js:776
[  832434ms] [LOG] [Fast Refresh] done in 224ms @ http://localhost:3001/_next/static/chunks/node_modules_next_dist_1e8vcs8._.js:776
[  832499ms] [LOG] [Fast Refresh] done in 224ms @ http://localhost:3001/_next/static/chunks/node_modules_next_dist_1e8vcs8._.js:776
[  832560ms] [LOG] [Fast Refresh] done in 224ms @ http://localhost:3001/_next/static/chunks/node_modules_next_dist_1e8vcs8._.js:776
[  832624ms] [LOG] [Fast Refresh] done in 224ms @ http://localhost:3001/_next/static/chunks/node_modules_next_dist_1e8vcs8._.js:776
[  832687ms] [LOG] [Fast Refresh] done in 224ms @ http://localhost:3001/_next/static/chunks/node_modules_next_dist_1e8vcs8._.js:776
[  832749ms] [LOG] [Fast Refresh] done in 224ms @ http://localhost:3001/_next/static/chunks/node_modules_next_dist_1e8vcs8._.js:776
[  832813ms] [LOG] [Fast Refresh] done in 224ms @ http://localhost:3001/_next/static/chunks/node_modules_next_dist_1e8vcs8._.js:776
[  832875ms] [LOG] [Fast Refresh] done in 224ms @ http://localhost:3001/_next/static/chunks/node_modules_next_dist_1e8vcs8._.js:776
[  832938ms] [LOG] [Fast Refresh] done in 224ms @ http://localhost:3001/_next/static/chunks/node_modules_next_dist_1e8vcs8._.js:776
[  833000ms] [LOG] [Fast Refresh] done in 224ms @ http://localhost:3001/_next/static/chunks/node_modules_next_dist_1e8vcs8._.js:776
[  833063ms] [LOG] [Fast Refresh] done in 224ms @ http://localhost:3001/_next/static/chunks/node_modules_next_dist_1e8vcs8._.js:776
[  833126ms] [LOG] [Fast Refresh] done in 224ms @ http://localhost:3001/_next/static/chunks/node_modules_next_dist_1e8vcs8._.js:776
[  833191ms] [LOG] [Fast Refresh] done in 224ms @ http://localhost:3001/_next/static/chunks/node_modules_next_dist_1e8vcs8._.js:776
[  833254ms] [LOG] [Fast Refresh] done in 224ms @ http://localhost:3001/_next/static/chunks/node_modules_next_dist_1e8vcs8._.js:776
[  833316ms] [LOG] [Fast Refresh] done in 224ms @ http://localhost:3001/_next/static/chunks/node_modules_next_dist_1e8vcs8._.js:776
[  833379ms] [LOG] [Fast Refresh] done in 224ms @ http://localhost:3001/_next/static/chunks/node_modules_next_dist_1e8vcs8._.js:776
[  833441ms] [LOG] [Fast Refresh] done in 224ms @ http://localhost:3001/_next/static/chunks/node_modules_next_dist_1e8vcs8._.js:776
[  833504ms] [LOG] [Fast Refresh] done in 224ms @ http://localhost:3001/_next/static/chunks/node_modules_next_dist_1e8vcs8._.js:776
[  833567ms] [LOG] [Fast Refresh] done in 224ms @ http://localhost:3001/_next/static/chunks/node_modules_next_dist_1e8vcs8._.js:776
[  833629ms] [LOG] [Fast Refresh] done in 224ms @ http://localhost:3001/_next/static/chunks/node_modules_next_dist_1e8vcs8._.js:776
[  833692ms] [LOG] [Fast Refresh] done in 224ms @ http://localhost:3001/_next/static/chunks/node_modules_next_dist_1e8vcs8._.js:776
[  833756ms] [LOG] [Fast Refresh] done in 224ms @ http://localhost:3001/_next/static/chunks/node_modules_next_dist_1e8vcs8._.js:776
[  833819ms] [LOG] [Fast Refresh] done in 224ms @ http://localhost:3001/_next/static/chunks/node_modules_next_dist_1e8vcs8._.js:776
[  833882ms] [LOG] [Fast Refresh] done in 224ms @ http://localhost:3001/_next/static/chunks/node_modules_next_dist_1e8vcs8._.js:776
[  833944ms] [LOG] [Fast Refresh] done in 224ms @ http://localhost:3001/_next/static/chunks/node_modules_next_dist_1e8vcs8._.js:776
[  834008ms] [LOG] [Fast Refresh] done in 224ms @ http://localhost:3001/_next/static/chunks/node_modules_next_dist_1e8vcs8._.js:776
[  834071ms] [LOG] [Fast Refresh] done in 224ms @ http://localhost:3001/_next/static/chunks/node_modules_next_dist_1e8vcs8._.js:776
[  834134ms] [LOG] [Fast Refresh] done in 224ms @ http://localhost:3001/_next/static/chunks/node_modules_next_dist_1e8vcs8._.js:776
[  834197ms] [LOG] [Fast Refresh] done in 224ms @ http://localhost:3001/_next/static/chunks/node_modules_next_dist_1e8vcs8._.js:776
[  834260ms] [LOG] [Fast Refresh] done in 224ms @ http://localhost:3001/_next/static/chunks/node_modules_next_dist_1e8vcs8._.js:776
[  834324ms] [LOG] [Fast Refresh] done in 224ms @ http://localhost:3001/_next/static/chunks/node_modules_next_dist_1e8vcs8._.js:776
[  834386ms] [LOG] [Fast Refresh] done in 224ms @ http://localhost:3001/_next/static/chunks/node_modules_next_dist_1e8vcs8._.js:776
[  834448ms] [LOG] [Fast Refresh] done in 224ms @ http://localhost:3001/_next/static/chunks/node_modules_next_dist_1e8vcs8._.js:776
[  834509ms] [LOG] [Fast Refresh] done in 224ms @ http://localhost:3001/_next/static/chunks/node_modules_next_dist_1e8vcs8._.js:776
[  834573ms] [LOG] [Fast Refresh] done in 224ms @ http://localhost:3001/_next/static/chunks/node_modules_next_dist_1e8vcs8._.js:776
[  834636ms] [LOG] [Fast Refresh] done in 224ms @ http://localhost:3001/_next/static/chunks/node_modules_next_dist_1e8vcs8._.js:776
[  834700ms] [LOG] [Fast Refresh] done in 224ms @ http://localhost:3001/_next/static/chunks/node_modules_next_dist_1e8vcs8._.js:776
[  834762ms] [LOG] [Fast Refresh] done in 224ms @ http://localhost:3001/_next/static/chunks/node_modules_next_dist_1e8vcs8._.js:776
[  834826ms] [LOG] [Fast Refresh] done in 224ms @ http://localhost:3001/_next/static/chunks/node_modules_next_dist_1e8vcs8._.js:776
[  834888ms] [LOG] [Fast Refresh] done in 224ms @ http://localhost:3001/_next/static/chunks/node_modules_next_dist_1e8vcs8._.js:776
[  834951ms] [LOG] [Fast Refresh] done in 224ms @ http://localhost:3001/_next/static/chunks/node_modules_next_dist_1e8vcs8._.js:776
[  835014ms] [LOG] [Fast Refresh] done in 224ms @ http://localhost:3001/_next/static/chunks/node_modules_next_dist_1e8vcs8._.js:776
[  835077ms] [LOG] [Fast Refresh] done in 224ms @ http://localhost:3001/_next/static/chunks/node_modules_next_dist_1e8vcs8._.js:776
[  835140ms] [LOG] [Fast Refresh] done in 224ms @ http://localhost:3001/_next/static/chunks/node_modules_next_dist_1e8vcs8._.js:776
[  835204ms] [LOG] [Fast Refresh] done in 224ms @ http://localhost:3001/_next/static/chunks/node_modules_next_dist_1e8vcs8._.js:776
[  835267ms] [LOG] [Fast Refresh] done in 224ms @ http://localhost:3001/_next/static/chunks/node_modules_next_dist_1e8vcs8._.js:776
[  835330ms] [LOG] [Fast Refresh] done in 224ms @ http://localhost:3001/_next/static/chunks/node_modules_next_dist_1e8vcs8._.js:776
[  835393ms] [LOG] [Fast Refresh] done in 224ms @ http://localhost:3001/_next/static/chunks/node_modules_next_dist_1e8vcs8._.js:776
[  835457ms] [LOG] [Fast Refresh] done in 224ms @ http://localhost:3001/_next/static/chunks/node_modules_next_dist_1e8vcs8._.js:776
[  835519ms] [LOG] [Fast Refresh] done in 224ms @ http://localhost:3001/_next/static/chunks/node_modules_next_dist_1e8vcs8._.js:776
[  835583ms] [LOG] [Fast Refresh] done in 224ms @ http://localhost:3001/_next/static/chunks/node_modules_next_dist_1e8vcs8._.js:776
[  835647ms] [LOG] [Fast Refresh] done in 224ms @ http://localhost:3001/_next/static/chunks/node_modules_next_dist_1e8vcs8._.js:776
[  835708ms] [LOG] [Fast Refresh] done in 224ms @ http://localhost:3001/_next/static/chunks/node_modules_next_dist_1e8vcs8._.js:776
[  835760ms] [LOG] [Fast Refresh] done in 224ms @ http://localhost:3001/_next/static/chunks/node_modules_next_dist_1e8vcs8._.js:776
[  835818ms] [LOG] [Fast Refresh] done in 224ms @ http://localhost:3001/_next/static/chunks/node_modules_next_dist_1e8vcs8._.js:776
[  835881ms] [LOG] [Fast Refresh] done in 224ms @ http://localhost:3001/_next/static/chunks/node_modules_next_dist_1e8vcs8._.js:776
[  835944ms] [LOG] [Fast Refresh] done in 224ms @ http://localhost:3001/_next/static/chunks/node_modules_next_dist_1e8vcs8._.js:776
[  836005ms] [LOG] [Fast Refresh] done in 224ms @ http://localhost:3001/_next/static/chunks/node_modules_next_dist_1e8vcs8._.js:776
[  836069ms] [LOG] [Fast Refresh] done in 224ms @ http://localhost:3001/_next/static/chunks/node_modules_next_dist_1e8vcs8._.js:776
[  836132ms] [LOG] [Fast Refresh] done in 224ms @ http://localhost:3001/_next/static/chunks/node_modules_next_dist_1e8vcs8._.js:776
[  836196ms] [LOG] [Fast Refresh] done in 224ms @ http://localhost:3001/_next/static/chunks/node_modules_next_dist_1e8vcs8._.js:776
[  836258ms] [LOG] [Fast Refresh] done in 224ms @ http://localhost:3001/_next/static/chunks/node_modules_next_dist_1e8vcs8._.js:776
[  836321ms] [LOG] [Fast Refresh] done in 224ms @ http://localhost:3001/_next/static/chunks/node_modules_next_dist_1e8vcs8._.js:776
[  836384ms] [LOG] [Fast Refresh] done in 224ms @ http://localhost:3001/_next/static/chunks/node_modules_next_dist_1e8vcs8._.js:776
[  836447ms] [LOG] [Fast Refresh] done in 224ms @ http://localhost:3001/_next/static/chunks/node_modules_next_dist_1e8vcs8._.js:776
[  836512ms] [LOG] [Fast Refresh] done in 224ms @ http://localhost:3001/_next/static/chunks/node_modules_next_dist_1e8vcs8._.js:776
[  836575ms] [LOG] [Fast Refresh] done in 224ms @ http://localhost:3001/_next/static/chunks/node_modules_next_dist_1e8vcs8._.js:776
[  836640ms] [LOG] [Fast Refresh] done in 224ms @ http://localhost:3001/_next/static/chunks/node_modules_next_dist_1e8vcs8._.js:776
[  836704ms] [LOG] [Fast Refresh] done in 224ms @ http://localhost:3001/_next/static/chunks/node_modules_next_dist_1e8vcs8._.js:776
[  836768ms] [LOG] [Fast Refresh] done in 224ms @ http://localhost:3001/_next/static/chunks/node_modules_next_dist_1e8vcs8._.js:776
[  836830ms] [LOG] [Fast Refresh] done in 224ms @ http://localhost:3001/_next/static/chunks/node_modules_next_dist_1e8vcs8._.js:776
[  836892ms] [LOG] [Fast Refresh] done in 224ms @ http://localhost:3001/_next/static/chunks/node_modules_next_dist_1e8vcs8._.js:776
[  836956ms] [LOG] [Fast Refresh] done in 224ms @ http://localhost:3001/_next/static/chunks/node_modules_next_dist_1e8vcs8._.js:776
[  837018ms] [LOG] [Fast Refresh] done in 224ms @ http://localhost:3001/_next/static/chunks/node_modules_next_dist_1e8vcs8._.js:776
[  837080ms] [LOG] [Fast Refresh] done in 224ms @ http://localhost:3001/_next/static/chunks/node_modules_next_dist_1e8vcs8._.js:776
[  837143ms] [LOG] [Fast Refresh] done in 224ms @ http://localhost:3001/_next/static/chunks/node_modules_next_dist_1e8vcs8._.js:776
[  837207ms] [LOG] [Fast Refresh] done in 224ms @ http://localhost:3001/_next/static/chunks/node_modules_next_dist_1e8vcs8._.js:776
[  837271ms] [LOG] [Fast Refresh] done in 224ms @ http://localhost:3001/_next/static/chunks/node_modules_next_dist_1e8vcs8._.js:776
[  837334ms] [LOG] [Fast Refresh] done in 224ms @ http://localhost:3001/_next/static/chunks/node_modules_next_dist_1e8vcs8._.js:776
[  837398ms] [LOG] [Fast Refresh] done in 224ms @ http://localhost:3001/_next/static/chunks/node_modules_next_dist_1e8vcs8._.js:776
[  837460ms] [LOG] [Fast Refresh] done in 224ms @ http://localhost:3001/_next/static/chunks/node_modules_next_dist_1e8vcs8._.js:776
[  837524ms] [LOG] [Fast Refresh] done in 224ms @ http://localhost:3001/_next/static/chunks/node_modules_next_dist_1e8vcs8._.js:776
[  837588ms] [LOG] [Fast Refresh] done in 224ms @ http://localhost:3001/_next/static/chunks/node_modules_next_dist_1e8vcs8._.js:776
[  837652ms] [LOG] [Fast Refresh] done in 224ms @ http://localhost:3001/_next/static/chunks/node_modules_next_dist_1e8vcs8._.js:776
[  837715ms] [LOG] [Fast Refresh] done in 224ms @ http://localhost:3001/_next/static/chunks/node_modules_next_dist_1e8vcs8._.js:776
[  837778ms] [LOG] [Fast Refresh] done in 224ms @ http://localhost:3001/_next/static/chunks/node_modules_next_dist_1e8vcs8._.js:776
[  837839ms] [LOG] [Fast Refresh] done in 224ms @ http://localhost:3001/_next/static/chunks/node_modules_next_dist_1e8vcs8._.js:776
[  837902ms] [LOG] [Fast Refresh] done in 224ms @ http://localhost:3001/_next/static/chunks/node_modules_next_dist_1e8vcs8._.js:776
[  837964ms] [LOG] [Fast Refresh] done in 224ms @ http://localhost:3001/_next/static/chunks/node_modules_next_dist_1e8vcs8._.js:776
[  838028ms] [LOG] [Fast Refresh] done in 224ms @ http://localhost:3001/_next/static/chunks/node_modules_next_dist_1e8vcs8._.js:776
[  838091ms] [LOG] [Fast Refresh] done in 224ms @ http://localhost:3001/_next/static/chunks/node_modules_next_dist_1e8vcs8._.js:776
[  838153ms] [LOG] [Fast Refresh] done in 224ms @ http://localhost:3001/_next/static/chunks/node_modules_next_dist_1e8vcs8._.js:776
[  838217ms] [LOG] [Fast Refresh] done in 224ms @ http://localhost:3001/_next/static/chunks/node_modules_next_dist_1e8vcs8._.js:776
[  838280ms] [LOG] [Fast Refresh] done in 224ms @ http://localhost:3001/_next/static/chunks/node_modules_next_dist_1e8vcs8._.js:776
[  838342ms] [LOG] [Fast Refresh] done in 224ms @ http://localhost:3001/_next/static/chunks/node_modules_next_dist_1e8vcs8._.js:776
[  838405ms] [LOG] [Fast Refresh] done in 224ms @ http://localhost:3001/_next/static/chunks/node_modules_next_dist_1e8vcs8._.js:776
[  838469ms] [LOG] [Fast Refresh] done in 224ms @ http://localhost:3001/_next/static/chunks/node_modules_next_dist_1e8vcs8._.js:776
[  838532ms] [LOG] [Fast Refresh] done in 224ms @ http://localhost:3001/_next/static/chunks/node_modules_next_dist_1e8vcs8._.js:776
[  838596ms] [LOG] [Fast Refresh] done in 224ms @ http://localhost:3001/_next/static/chunks/node_modules_next_dist_1e8vcs8._.js:776
[  838659ms] [LOG] [Fast Refresh] done in 224ms @ http://localhost:3001/_next/static/chunks/node_modules_next_dist_1e8vcs8._.js:776
[  838722ms] [LOG] [Fast Refresh] done in 224ms @ http://localhost:3001/_next/static/chunks/node_modules_next_dist_1e8vcs8._.js:776
[  838786ms] [LOG] [Fast Refresh] done in 224ms @ http://localhost:3001/_next/static/chunks/node_modules_next_dist_1e8vcs8._.js:776
[  838848ms] [LOG] [Fast Refresh] done in 224ms @ http://localhost:3001/_next/static/chunks/node_modules_next_dist_1e8vcs8._.js:776
[  838910ms] [LOG] [Fast Refresh] done in 224ms @ http://localhost:3001/_next/static/chunks/node_modules_next_dist_1e8vcs8._.js:776
[  838974ms] [LOG] [Fast Refresh] done in 224ms @ http://localhost:3001/_next/static/chunks/node_modules_next_dist_1e8vcs8._.js:776
[  839036ms] [LOG] [Fast Refresh] done in 224ms @ http://localhost:3001/_next/static/chunks/node_modules_next_dist_1e8vcs8._.js:776
[  839098ms] [LOG] [Fast Refresh] done in 224ms @ http://localhost:3001/_next/static/chunks/node_modules_next_dist_1e8vcs8._.js:776
[  839160ms] [LOG] [Fast Refresh] done in 224ms @ http://localhost:3001/_next/static/chunks/node_modules_next_dist_1e8vcs8._.js:776
[  839223ms] [LOG] [Fast Refresh] done in 224ms @ http://localhost:3001/_next/static/chunks/node_modules_next_dist_1e8vcs8._.js:776
[  839286ms] [LOG] [Fast Refresh] done in 224ms @ http://localhost:3001/_next/static/chunks/node_modules_next_dist_1e8vcs8._.js:776
[  839347ms] [LOG] [Fast Refresh] done in 224ms @ http://localhost:3001/_next/static/chunks/node_modules_next_dist_1e8vcs8._.js:776
[  839411ms] [LOG] [Fast Refresh] done in 224ms @ http://localhost:3001/_next/static/chunks/node_modules_next_dist_1e8vcs8._.js:776
[  839475ms] [LOG] [Fast Refresh] done in 224ms @ http://localhost:3001/_next/static/chunks/node_modules_next_dist_1e8vcs8._.js:776
[  839538ms] [LOG] [Fast Refresh] done in 224ms @ http://localhost:3001/_next/static/chunks/node_modules_next_dist_1e8vcs8._.js:776
[  839602ms] [LOG] [Fast Refresh] done in 224ms @ http://localhost:3001/_next/static/chunks/node_modules_next_dist_1e8vcs8._.js:776
[  839665ms] [LOG] [Fast Refresh] done in 224ms @ http://localhost:3001/_next/static/chunks/node_modules_next_dist_1e8vcs8._.js:776
[  839728ms] [LOG] [Fast Refresh] done in 224ms @ http://localhost:3001/_next/static/chunks/node_modules_next_dist_1e8vcs8._.js:776
[  839791ms] [LOG] [Fast Refresh] done in 224ms @ http://localhost:3001/_next/static/chunks/node_modules_next_dist_1e8vcs8._.js:776
[  839855ms] [LOG] [Fast Refresh] done in 224ms @ http://localhost:3001/_next/static/chunks/node_modules_next_dist_1e8vcs8._.js:776
[  839917ms] [LOG] [Fast Refresh] done in 224ms @ http://localhost:3001/_next/static/chunks/node_modules_next_dist_1e8vcs8._.js:776
[  839979ms] [LOG] [Fast Refresh] done in 224ms @ http://localhost:3001/_next/static/chunks/node_modules_next_dist_1e8vcs8._.js:776
[  840043ms] [LOG] [Fast Refresh] done in 224ms @ http://localhost:3001/_next/static/chunks/node_modules_next_dist_1e8vcs8._.js:776
[  840106ms] [LOG] [Fast Refresh] done in 224ms @ http://localhost:3001/_next/static/chunks/node_modules_next_dist_1e8vcs8._.js:776
[  840167ms] [LOG] [Fast Refresh] done in 224ms @ http://localhost:3001/_next/static/chunks/node_modules_next_dist_1e8vcs8._.js:776
[  840230ms] [LOG] [Fast Refresh] done in 224ms @ http://localhost:3001/_next/static/chunks/node_modules_next_dist_1e8vcs8._.js:776
[  840294ms] [LOG] [Fast Refresh] done in 224ms @ http://localhost:3001/_next/static/chunks/node_modules_next_dist_1e8vcs8._.js:776
[  840358ms] [LOG] [Fast Refresh] done in 224ms @ http://localhost:3001/_next/static/chunks/node_modules_next_dist_1e8vcs8._.js:776
[  840421ms] [LOG] [Fast Refresh] done in 224ms @ http://localhost:3001/_next/static/chunks/node_modules_next_dist_1e8vcs8._.js:776
[  840485ms] [LOG] [Fast Refresh] done in 224ms @ http://localhost:3001/_next/static/chunks/node_modules_next_dist_1e8vcs8._.js:776
[  840548ms] [LOG] [Fast Refresh] done in 224ms @ http://localhost:3001/_next/static/chunks/node_modules_next_dist_1e8vcs8._.js:776
[  840611ms] [LOG] [Fast Refresh] done in 224ms @ http://localhost:3001/_next/static/chunks/node_modules_next_dist_1e8vcs8._.js:776
[  840690ms] [LOG] [Fast Refresh] done in 224ms @ http://localhost:3001/_next/static/chunks/node_modules_next_dist_1e8vcs8._.js:776
[  840754ms] [LOG] [Fast Refresh] done in 224ms @ http://localhost:3001/_next/static/chunks/node_modules_next_dist_1e8vcs8._.js:776
[  840817ms] [LOG] [Fast Refresh] done in 224ms @ http://localhost:3001/_next/static/chunks/node_modules_next_dist_1e8vcs8._.js:776
[  840879ms] [LOG] [Fast Refresh] done in 224ms @ http://localhost:3001/_next/static/chunks/node_modules_next_dist_1e8vcs8._.js:776
[  840941ms] [LOG] [Fast Refresh] done in 224ms @ http://localhost:3001/_next/static/chunks/node_modules_next_dist_1e8vcs8._.js:776
[  841003ms] [LOG] [Fast Refresh] done in 224ms @ http://localhost:3001/_next/static/chunks/node_modules_next_dist_1e8vcs8._.js:776
[  841067ms] [LOG] [Fast Refresh] done in 224ms @ http://localhost:3001/_next/static/chunks/node_modules_next_dist_1e8vcs8._.js:776
[  841131ms] [LOG] [Fast Refresh] done in 224ms @ http://localhost:3001/_next/static/chunks/node_modules_next_dist_1e8vcs8._.js:776
[  841193ms] [LOG] [Fast Refresh] done in 224ms @ http://localhost:3001/_next/static/chunks/node_modules_next_dist_1e8vcs8._.js:776
[  841256ms] [LOG] [Fast Refresh] done in 224ms @ http://localhost:3001/_next/static/chunks/node_modules_next_dist_1e8vcs8._.js:776
[  841320ms] [LOG] [Fast Refresh] done in 224ms @ http://localhost:3001/_next/static/chunks/node_modules_next_dist_1e8vcs8._.js:776
[  841381ms] [LOG] [Fast Refresh] done in 224ms @ http://localhost:3001/_next/static/chunks/node_modules_next_dist_1e8vcs8._.js:776
[  841444ms] [LOG] [Fast Refresh] done in 224ms @ http://localhost:3001/_next/static/chunks/node_modules_next_dist_1e8vcs8._.js:776
[  841507ms] [LOG] [Fast Refresh] done in 224ms @ http://localhost:3001/_next/static/chunks/node_modules_next_dist_1e8vcs8._.js:776
[  841570ms] [LOG] [Fast Refresh] done in 224ms @ http://localhost:3001/_next/static/chunks/node_modules_next_dist_1e8vcs8._.js:776
[  841632ms] [LOG] [Fast Refresh] done in 224ms @ http://localhost:3001/_next/static/chunks/node_modules_next_dist_1e8vcs8._.js:776
[  841696ms] [LOG] [Fast Refresh] done in 224ms @ http://localhost:3001/_next/static/chunks/node_modules_next_dist_1e8vcs8._.js:776
[  841759ms] [LOG] [Fast Refresh] done in 224ms @ http://localhost:3001/_next/static/chunks/node_modules_next_dist_1e8vcs8._.js:776
[  841823ms] [LOG] [Fast Refresh] done in 224ms @ http://localhost:3001/_next/static/chunks/node_modules_next_dist_1e8vcs8._.js:776
[  841887ms] [LOG] [Fast Refresh] done in 224ms @ http://localhost:3001/_next/static/chunks/node_modules_next_dist_1e8vcs8._.js:776
[  841951ms] [LOG] [Fast Refresh] done in 224ms @ http://localhost:3001/_next/static/chunks/node_modules_next_dist_1e8vcs8._.js:776
[  842014ms] [LOG] [Fast Refresh] done in 224ms @ http://localhost:3001/_next/static/chunks/node_modules_next_dist_1e8vcs8._.js:776
[  842077ms] [LOG] [Fast Refresh] done in 224ms @ http://localhost:3001/_next/static/chunks/node_modules_next_dist_1e8vcs8._.js:776
[  842139ms] [LOG] [Fast Refresh] done in 224ms @ http://localhost:3001/_next/static/chunks/node_modules_next_dist_1e8vcs8._.js:776
[  842203ms] [LOG] [Fast Refresh] done in 224ms @ http://localhost:3001/_next/static/chunks/node_modules_next_dist_1e8vcs8._.js:776
[  842266ms] [LOG] [Fast Refresh] done in 224ms @ http://localhost:3001/_next/static/chunks/node_modules_next_dist_1e8vcs8._.js:776
[  842329ms] [LOG] [Fast Refresh] done in 224ms @ http://localhost:3001/_next/static/chunks/node_modules_next_dist_1e8vcs8._.js:776
[  842393ms] [LOG] [Fast Refresh] done in 224ms @ http://localhost:3001/_next/static/chunks/node_modules_next_dist_1e8vcs8._.js:776
[  842455ms] [LOG] [Fast Refresh] done in 224ms @ http://localhost:3001/_next/static/chunks/node_modules_next_dist_1e8vcs8._.js:776
[  842518ms] [LOG] [Fast Refresh] done in 224ms @ http://localhost:3001/_next/static/chunks/node_modules_next_dist_1e8vcs8._.js:776
[  842581ms] [LOG] [Fast Refresh] done in 224ms @ http://localhost:3001/_next/static/chunks/node_modules_next_dist_1e8vcs8._.js:776
[  842645ms] [LOG] [Fast Refresh] done in 224ms @ http://localhost:3001/_next/static/chunks/node_modules_next_dist_1e8vcs8._.js:776
[  842709ms] [LOG] [Fast Refresh] done in 224ms @ http://localhost:3001/_next/static/chunks/node_modules_next_dist_1e8vcs8._.js:776
[  842772ms] [LOG] [Fast Refresh] done in 224ms @ http://localhost:3001/_next/static/chunks/node_modules_next_dist_1e8vcs8._.js:776
[  842834ms] [LOG] [Fast Refresh] done in 224ms @ http://localhost:3001/_next/static/chunks/node_modules_next_dist_1e8vcs8._.js:776
[  842898ms] [LOG] [Fast Refresh] done in 224ms @ http://localhost:3001/_next/static/chunks/node_modules_next_dist_1e8vcs8._.js:776
[  842961ms] [LOG] [Fast Refresh] done in 224ms @ http://localhost:3001/_next/static/chunks/node_modules_next_dist_1e8vcs8._.js:776
[  843023ms] [LOG] [Fast Refresh] done in 224ms @ http://localhost:3001/_next/static/chunks/node_modules_next_dist_1e8vcs8._.js:776
[  843086ms] [LOG] [Fast Refresh] done in 224ms @ http://localhost:3001/_next/static/chunks/node_modules_next_dist_1e8vcs8._.js:776
[  843150ms] [LOG] [Fast Refresh] done in 224ms @ http://localhost:3001/_next/static/chunks/node_modules_next_dist_1e8vcs8._.js:776
[  843213ms] [LOG] [Fast Refresh] done in 224ms @ http://localhost:3001/_next/static/chunks/node_modules_next_dist_1e8vcs8._.js:776
[  843275ms] [LOG] [Fast Refresh] done in 224ms @ http://localhost:3001/_next/static/chunks/node_modules_next_dist_1e8vcs8._.js:776
[  843338ms] [LOG] [Fast Refresh] done in 224ms @ http://localhost:3001/_next/static/chunks/node_modules_next_dist_1e8vcs8._.js:776
[  843401ms] [LOG] [Fast Refresh] done in 224ms @ http://localhost:3001/_next/static/chunks/node_modules_next_dist_1e8vcs8._.js:776
[  843464ms] [LOG] [Fast Refresh] done in 224ms @ http://localhost:3001/_next/static/chunks/node_modules_next_dist_1e8vcs8._.js:776
[  843528ms] [LOG] [Fast Refresh] done in 224ms @ http://localhost:3001/_next/static/chunks/node_modules_next_dist_1e8vcs8._.js:776
[  843590ms] [LOG] [Fast Refresh] done in 224ms @ http://localhost:3001/_next/static/chunks/node_modules_next_dist_1e8vcs8._.js:776
[  843653ms] [LOG] [Fast Refresh] done in 224ms @ http://localhost:3001/_next/static/chunks/node_modules_next_dist_1e8vcs8._.js:776
[  843713ms] [LOG] [Fast Refresh] done in 224ms @ http://localhost:3001/_next/static/chunks/node_modules_next_dist_1e8vcs8._.js:776
[  843776ms] [LOG] [Fast Refresh] done in 224ms @ http://localhost:3001/_next/static/chunks/node_modules_next_dist_1e8vcs8._.js:776
[  843839ms] [LOG] [Fast Refresh] done in 224ms @ http://localhost:3001/_next/static/chunks/node_modules_next_dist_1e8vcs8._.js:776
[  843903ms] [LOG] [Fast Refresh] done in 224ms @ http://localhost:3001/_next/static/chunks/node_modules_next_dist_1e8vcs8._.js:776
[  843966ms] [LOG] [Fast Refresh] done in 224ms @ http://localhost:3001/_next/static/chunks/node_modules_next_dist_1e8vcs8._.js:776
[  844029ms] [LOG] [Fast Refresh] done in 224ms @ http://localhost:3001/_next/static/chunks/node_modules_next_dist_1e8vcs8._.js:776
[  844092ms] [LOG] [Fast Refresh] done in 224ms @ http://localhost:3001/_next/static/chunks/node_modules_next_dist_1e8vcs8._.js:776
[  844154ms] [LOG] [Fast Refresh] done in 224ms @ http://localhost:3001/_next/static/chunks/node_modules_next_dist_1e8vcs8._.js:776
[  844217ms] [LOG] [Fast Refresh] done in 224ms @ http://localhost:3001/_next/static/chunks/node_modules_next_dist_1e8vcs8._.js:776
[  844280ms] [LOG] [Fast Refresh] done in 224ms @ http://localhost:3001/_next/static/chunks/node_modules_next_dist_1e8vcs8._.js:776
[  844344ms] [LOG] [Fast Refresh] done in 224ms @ http://localhost:3001/_next/static/chunks/node_modules_next_dist_1e8vcs8._.js:776
[  844406ms] [LOG] [Fast Refresh] done in 224ms @ http://localhost:3001/_next/static/chunks/node_modules_next_dist_1e8vcs8._.js:776
[  844469ms] [LOG] [Fast Refresh] done in 224ms @ http://localhost:3001/_next/static/chunks/node_modules_next_dist_1e8vcs8._.js:776
[  844533ms] [LOG] [Fast Refresh] done in 224ms @ http://localhost:3001/_next/static/chunks/node_modules_next_dist_1e8vcs8._.js:776
[  844597ms] [LOG] [Fast Refresh] done in 224ms @ http://localhost:3001/_next/static/chunks/node_modules_next_dist_1e8vcs8._.js:776
[  844661ms] [LOG] [Fast Refresh] done in 224ms @ http://localhost:3001/_next/static/chunks/node_modules_next_dist_1e8vcs8._.js:776
[  844723ms] [LOG] [Fast Refresh] done in 224ms @ http://localhost:3001/_next/static/chunks/node_modules_next_dist_1e8vcs8._.js:776
[  844787ms] [LOG] [Fast Refresh] done in 224ms @ http://localhost:3001/_next/static/chunks/node_modules_next_dist_1e8vcs8._.js:776
[  844849ms] [LOG] [Fast Refresh] done in 224ms @ http://localhost:3001/_next/static/chunks/node_modules_next_dist_1e8vcs8._.js:776
[  844902ms] [LOG] [Fast Refresh] done in 224ms @ http://localhost:3001/_next/static/chunks/node_modules_next_dist_1e8vcs8._.js:776
[  844960ms] [LOG] [Fast Refresh] done in 224ms @ http://localhost:3001/_next/static/chunks/node_modules_next_dist_1e8vcs8._.js:776
[  845024ms] [LOG] [Fast Refresh] done in 224ms @ http://localhost:3001/_next/static/chunks/node_modules_next_dist_1e8vcs8._.js:776
[  845086ms] [LOG] [Fast Refresh] done in 224ms @ http://localhost:3001/_next/static/chunks/node_modules_next_dist_1e8vcs8._.js:776
[  845147ms] [LOG] [Fast Refresh] done in 224ms @ http://localhost:3001/_next/static/chunks/node_modules_next_dist_1e8vcs8._.js:776
[  845212ms] [LOG] [Fast Refresh] done in 224ms @ http://localhost:3001/_next/static/chunks/node_modules_next_dist_1e8vcs8._.js:776
[  845274ms] [LOG] [Fast Refresh] done in 224ms @ http://localhost:3001/_next/static/chunks/node_modules_next_dist_1e8vcs8._.js:776
[  845338ms] [LOG] [Fast Refresh] done in 224ms @ http://localhost:3001/_next/static/chunks/node_modules_next_dist_1e8vcs8._.js:776
[  845401ms] [LOG] [Fast Refresh] done in 224ms @ http://localhost:3001/_next/static/chunks/node_modules_next_dist_1e8vcs8._.js:776
[  845463ms] [LOG] [Fast Refresh] done in 224ms @ http://localhost:3001/_next/static/chunks/node_modules_next_dist_1e8vcs8._.js:776
[  845526ms] [LOG] [Fast Refresh] done in 224ms @ http://localhost:3001/_next/static/chunks/node_modules_next_dist_1e8vcs8._.js:776
[  845589ms] [LOG] [Fast Refresh] done in 224ms @ http://localhost:3001/_next/static/chunks/node_modules_next_dist_1e8vcs8._.js:776
[  845652ms] [LOG] [Fast Refresh] done in 224ms @ http://localhost:3001/_next/static/chunks/node_modules_next_dist_1e8vcs8._.js:776
[  845714ms] [LOG] [Fast Refresh] done in 224ms @ http://localhost:3001/_next/static/chunks/node_modules_next_dist_1e8vcs8._.js:776
[  845776ms] [LOG] [Fast Refresh] done in 224ms @ http://localhost:3001/_next/static/chunks/node_modules_next_dist_1e8vcs8._.js:776
[  845839ms] [LOG] [Fast Refresh] done in 224ms @ http://localhost:3001/_next/static/chunks/node_modules_next_dist_1e8vcs8._.js:776
[  845901ms] [LOG] [Fast Refresh] done in 224ms @ http://localhost:3001/_next/static/chunks/node_modules_next_dist_1e8vcs8._.js:776
[  845968ms] [LOG] [Fast Refresh] done in 224ms @ http://localhost:3001/_next/static/chunks/node_modules_next_dist_1e8vcs8._.js:776
[  846074ms] [LOG] [Fast Refresh] done in 224ms @ http://localhost:3001/_next/static/chunks/node_modules_next_dist_1e8vcs8._.js:776
[  846133ms] [LOG] [Fast Refresh] done in 224ms @ http://localhost:3001/_next/static/chunks/node_modules_next_dist_1e8vcs8._.js:776
[  846195ms] [LOG] [Fast Refresh] done in 224ms @ http://localhost:3001/_next/static/chunks/node_modules_next_dist_1e8vcs8._.js:776
[  846256ms] [LOG] [Fast Refresh] done in 224ms @ http://localhost:3001/_next/static/chunks/node_modules_next_dist_1e8vcs8._.js:776
[  846317ms] [LOG] [Fast Refresh] done in 224ms @ http://localhost:3001/_next/static/chunks/node_modules_next_dist_1e8vcs8._.js:776
[  846380ms] [LOG] [Fast Refresh] done in 224ms @ http://localhost:3001/_next/static/chunks/node_modules_next_dist_1e8vcs8._.js:776
[  846443ms] [LOG] [Fast Refresh] done in 224ms @ http://localhost:3001/_next/static/chunks/node_modules_next_dist_1e8vcs8._.js:776
[  846506ms] [LOG] [Fast Refresh] done in 224ms @ http://localhost:3001/_next/static/chunks/node_modules_next_dist_1e8vcs8._.js:776
[  846570ms] [LOG] [Fast Refresh] done in 224ms @ http://localhost:3001/_next/static/chunks/node_modules_next_dist_1e8vcs8._.js:776
[  846632ms] [LOG] [Fast Refresh] done in 224ms @ http://localhost:3001/_next/static/chunks/node_modules_next_dist_1e8vcs8._.js:776
[  846695ms] [LOG] [Fast Refresh] done in 224ms @ http://localhost:3001/_next/static/chunks/node_modules_next_dist_1e8vcs8._.js:776
[  846758ms] [LOG] [Fast Refresh] done in 224ms @ http://localhost:3001/_next/static/chunks/node_modules_next_dist_1e8vcs8._.js:776
[  846821ms] [LOG] [Fast Refresh] done in 224ms @ http://localhost:3001/_next/static/chunks/node_modules_next_dist_1e8vcs8._.js:776
[  846884ms] [LOG] [Fast Refresh] done in 224ms @ http://localhost:3001/_next/static/chunks/node_modules_next_dist_1e8vcs8._.js:776
[  846946ms] [LOG] [Fast Refresh] done in 224ms @ http://localhost:3001/_next/static/chunks/node_modules_next_dist_1e8vcs8._.js:776
[  847008ms] [LOG] [Fast Refresh] done in 224ms @ http://localhost:3001/_next/static/chunks/node_modules_next_dist_1e8vcs8._.js:776
[  847073ms] [LOG] [Fast Refresh] done in 224ms @ http://localhost:3001/_next/static/chunks/node_modules_next_dist_1e8vcs8._.js:776
[  847134ms] [LOG] [Fast Refresh] done in 224ms @ http://localhost:3001/_next/static/chunks/node_modules_next_dist_1e8vcs8._.js:776
[  847196ms] [LOG] [Fast Refresh] done in 224ms @ http://localhost:3001/_next/static/chunks/node_modules_next_dist_1e8vcs8._.js:776
[  847257ms] [LOG] [Fast Refresh] done in 224ms @ http://localhost:3001/_next/static/chunks/node_modules_next_dist_1e8vcs8._.js:776
[  847320ms] [LOG] [Fast Refresh] done in 224ms @ http://localhost:3001/_next/static/chunks/node_modules_next_dist_1e8vcs8._.js:776
[  847383ms] [LOG] [Fast Refresh] done in 224ms @ http://localhost:3001/_next/static/chunks/node_modules_next_dist_1e8vcs8._.js:776
[  847446ms] [LOG] [Fast Refresh] done in 224ms @ http://localhost:3001/_next/static/chunks/node_modules_next_dist_1e8vcs8._.js:776
[  847509ms] [LOG] [Fast Refresh] done in 224ms @ http://localhost:3001/_next/static/chunks/node_modules_next_dist_1e8vcs8._.js:776
[  847572ms] [LOG] [Fast Refresh] done in 224ms @ http://localhost:3001/_next/static/chunks/node_modules_next_dist_1e8vcs8._.js:776
[  847636ms] [LOG] [Fast Refresh] done in 224ms @ http://localhost:3001/_next/static/chunks/node_modules_next_dist_1e8vcs8._.js:776
[  847698ms] [LOG] [Fast Refresh] done in 224ms @ http://localhost:3001/_next/static/chunks/node_modules_next_dist_1e8vcs8._.js:776
[  847761ms] [LOG] [Fast Refresh] done in 224ms @ http://localhost:3001/_next/static/chunks/node_modules_next_dist_1e8vcs8._.js:776
[  847824ms] [LOG] [Fast Refresh] done in 224ms @ http://localhost:3001/_next/static/chunks/node_modules_next_dist_1e8vcs8._.js:776
[  847886ms] [LOG] [Fast Refresh] done in 224ms @ http://localhost:3001/_next/static/chunks/node_modules_next_dist_1e8vcs8._.js:776
[  847949ms] [LOG] [Fast Refresh] done in 224ms @ http://localhost:3001/_next/static/chunks/node_modules_next_dist_1e8vcs8._.js:776
[  848011ms] [LOG] [Fast Refresh] done in 224ms @ http://localhost:3001/_next/static/chunks/node_modules_next_dist_1e8vcs8._.js:776
[  848074ms] [LOG] [Fast Refresh] done in 224ms @ http://localhost:3001/_next/static/chunks/node_modules_next_dist_1e8vcs8._.js:776
[  848136ms] [LOG] [Fast Refresh] done in 224ms @ http://localhost:3001/_next/static/chunks/node_modules_next_dist_1e8vcs8._.js:776
[  848199ms] [LOG] [Fast Refresh] done in 224ms @ http://localhost:3001/_next/static/chunks/node_modules_next_dist_1e8vcs8._.js:776
[  848264ms] [LOG] [Fast Refresh] done in 224ms @ http://localhost:3001/_next/static/chunks/node_modules_next_dist_1e8vcs8._.js:776
[  848327ms] [LOG] [Fast Refresh] done in 224ms @ http://localhost:3001/_next/static/chunks/node_modules_next_dist_1e8vcs8._.js:776
[  848389ms] [LOG] [Fast Refresh] done in 224ms @ http://localhost:3001/_next/static/chunks/node_modules_next_dist_1e8vcs8._.js:776
[  848453ms] [LOG] [Fast Refresh] done in 224ms @ http://localhost:3001/_next/static/chunks/node_modules_next_dist_1e8vcs8._.js:776
[  848514ms] [LOG] [Fast Refresh] done in 224ms @ http://localhost:3001/_next/static/chunks/node_modules_next_dist_1e8vcs8._.js:776
[  848578ms] [LOG] [Fast Refresh] done in 224ms @ http://localhost:3001/_next/static/chunks/node_modules_next_dist_1e8vcs8._.js:776
[  848652ms] [LOG] [Fast Refresh] done in 224ms @ http://localhost:3001/_next/static/chunks/node_modules_next_dist_1e8vcs8._.js:776
[  848720ms] [LOG] [Fast Refresh] done in 224ms @ http://localhost:3001/_next/static/chunks/node_modules_next_dist_1e8vcs8._.js:776
[  848782ms] [LOG] [Fast Refresh] done in 224ms @ http://localhost:3001/_next/static/chunks/node_modules_next_dist_1e8vcs8._.js:776
[  848846ms] [LOG] [Fast Refresh] done in 224ms @ http://localhost:3001/_next/static/chunks/node_modules_next_dist_1e8vcs8._.js:776
[  848910ms] [LOG] [Fast Refresh] done in 224ms @ http://localhost:3001/_next/static/chunks/node_modules_next_dist_1e8vcs8._.js:776
[  848973ms] [LOG] [Fast Refresh] done in 224ms @ http://localhost:3001/_next/static/chunks/node_modules_next_dist_1e8vcs8._.js:776
[  849036ms] [LOG] [Fast Refresh] done in 224ms @ http://localhost:3001/_next/static/chunks/node_modules_next_dist_1e8vcs8._.js:776
[  849097ms] [LOG] [Fast Refresh] done in 224ms @ http://localhost:3001/_next/static/chunks/node_modules_next_dist_1e8vcs8._.js:776
[  849161ms] [LOG] [Fast Refresh] done in 224ms @ http://localhost:3001/_next/static/chunks/node_modules_next_dist_1e8vcs8._.js:776
[  849223ms] [LOG] [Fast Refresh] done in 224ms @ http://localhost:3001/_next/static/chunks/node_modules_next_dist_1e8vcs8._.js:776
[  849287ms] [LOG] [Fast Refresh] done in 224ms @ http://localhost:3001/_next/static/chunks/node_modules_next_dist_1e8vcs8._.js:776
[  849349ms] [LOG] [Fast Refresh] done in 224ms @ http://localhost:3001/_next/static/chunks/node_modules_next_dist_1e8vcs8._.js:776
[  849411ms] [LOG] [Fast Refresh] done in 224ms @ http://localhost:3001/_next/static/chunks/node_modules_next_dist_1e8vcs8._.js:776
[  849473ms] [LOG] [Fast Refresh] done in 224ms @ http://localhost:3001/_next/static/chunks/node_modules_next_dist_1e8vcs8._.js:776
[  849537ms] [LOG] [Fast Refresh] done in 224ms @ http://localhost:3001/_next/static/chunks/node_modules_next_dist_1e8vcs8._.js:776
[  849599ms] [LOG] [Fast Refresh] done in 224ms @ http://localhost:3001/_next/static/chunks/node_modules_next_dist_1e8vcs8._.js:776
[  849664ms] [LOG] [Fast Refresh] done in 224ms @ http://localhost:3001/_next/static/chunks/node_modules_next_dist_1e8vcs8._.js:776
[  849726ms] [LOG] [Fast Refresh] done in 224ms @ http://localhost:3001/_next/static/chunks/node_modules_next_dist_1e8vcs8._.js:776
[  849789ms] [LOG] [Fast Refresh] done in 224ms @ http://localhost:3001/_next/static/chunks/node_modules_next_dist_1e8vcs8._.js:776
[  849853ms] [LOG] [Fast Refresh] done in 224ms @ http://localhost:3001/_next/static/chunks/node_modules_next_dist_1e8vcs8._.js:776
[  849915ms] [LOG] [Fast Refresh] done in 224ms @ http://localhost:3001/_next/static/chunks/node_modules_next_dist_1e8vcs8._.js:776
[  849979ms] [LOG] [Fast Refresh] done in 224ms @ http://localhost:3001/_next/static/chunks/node_modules_next_dist_1e8vcs8._.js:776
[  850042ms] [LOG] [Fast Refresh] done in 224ms @ http://localhost:3001/_next/static/chunks/node_modules_next_dist_1e8vcs8._.js:776
[  850105ms] [LOG] [Fast Refresh] done in 224ms @ http://localhost:3001/_next/static/chunks/node_modules_next_dist_1e8vcs8._.js:776
[  850167ms] [LOG] [Fast Refresh] done in 224ms @ http://localhost:3001/_next/static/chunks/node_modules_next_dist_1e8vcs8._.js:776
[  850230ms] [LOG] [Fast Refresh] done in 224ms @ http://localhost:3001/_next/static/chunks/node_modules_next_dist_1e8vcs8._.js:776
[  850291ms] [LOG] [Fast Refresh] done in 224ms @ http://localhost:3001/_next/static/chunks/node_modules_next_dist_1e8vcs8._.js:776
[  850352ms] [LOG] [Fast Refresh] done in 224ms @ http://localhost:3001/_next/static/chunks/node_modules_next_dist_1e8vcs8._.js:776
[  850413ms] [LOG] [Fast Refresh] done in 224ms @ http://localhost:3001/_next/static/chunks/node_modules_next_dist_1e8vcs8._.js:776
[  850476ms] [LOG] [Fast Refresh] done in 224ms @ http://localhost:3001/_next/static/chunks/node_modules_next_dist_1e8vcs8._.js:776
[  850540ms] [LOG] [Fast Refresh] done in 224ms @ http://localhost:3001/_next/static/chunks/node_modules_next_dist_1e8vcs8._.js:776
[  850604ms] [LOG] [Fast Refresh] done in 224ms @ http://localhost:3001/_next/static/chunks/node_modules_next_dist_1e8vcs8._.js:776
[  850668ms] [LOG] [Fast Refresh] done in 224ms @ http://localhost:3001/_next/static/chunks/node_modules_next_dist_1e8vcs8._.js:776
[  850730ms] [LOG] [Fast Refresh] done in 224ms @ http://localhost:3001/_next/static/chunks/node_modules_next_dist_1e8vcs8._.js:776
[  850793ms] [LOG] [Fast Refresh] done in 224ms @ http://localhost:3001/_next/static/chunks/node_modules_next_dist_1e8vcs8._.js:776
[  850854ms] [LOG] [Fast Refresh] done in 224ms @ http://localhost:3001/_next/static/chunks/node_modules_next_dist_1e8vcs8._.js:776
[  850917ms] [LOG] [Fast Refresh] done in 224ms @ http://localhost:3001/_next/static/chunks/node_modules_next_dist_1e8vcs8._.js:776
[  850981ms] [LOG] [Fast Refresh] done in 224ms @ http://localhost:3001/_next/static/chunks/node_modules_next_dist_1e8vcs8._.js:776
[  851043ms] [LOG] [Fast Refresh] done in 224ms @ http://localhost:3001/_next/static/chunks/node_modules_next_dist_1e8vcs8._.js:776
[  851107ms] [LOG] [Fast Refresh] done in 224ms @ http://localhost:3001/_next/static/chunks/node_modules_next_dist_1e8vcs8._.js:776
[  851169ms] [LOG] [Fast Refresh] done in 224ms @ http://localhost:3001/_next/static/chunks/node_modules_next_dist_1e8vcs8._.js:776
[  851231ms] [LOG] [Fast Refresh] done in 224ms @ http://localhost:3001/_next/static/chunks/node_modules_next_dist_1e8vcs8._.js:776
[  851294ms] [LOG] [Fast Refresh] done in 224ms @ http://localhost:3001/_next/static/chunks/node_modules_next_dist_1e8vcs8._.js:776
[  851358ms] [LOG] [Fast Refresh] done in 224ms @ http://localhost:3001/_next/static/chunks/node_modules_next_dist_1e8vcs8._.js:776
[  851421ms] [LOG] [Fast Refresh] done in 224ms @ http://localhost:3001/_next/static/chunks/node_modules_next_dist_1e8vcs8._.js:776
[  851482ms] [LOG] [Fast Refresh] done in 224ms @ http://localhost:3001/_next/static/chunks/node_modules_next_dist_1e8vcs8._.js:776
[  851546ms] [LOG] [Fast Refresh] done in 224ms @ http://localhost:3001/_next/static/chunks/node_modules_next_dist_1e8vcs8._.js:776
[  851610ms] [LOG] [Fast Refresh] done in 224ms @ http://localhost:3001/_next/static/chunks/node_modules_next_dist_1e8vcs8._.js:776
[  851673ms] [LOG] [Fast Refresh] done in 224ms @ http://localhost:3001/_next/static/chunks/node_modules_next_dist_1e8vcs8._.js:776
[  851736ms] [LOG] [Fast Refresh] done in 224ms @ http://localhost:3001/_next/static/chunks/node_modules_next_dist_1e8vcs8._.js:776
[  851798ms] [LOG] [Fast Refresh] done in 224ms @ http://localhost:3001/_next/static/chunks/node_modules_next_dist_1e8vcs8._.js:776
[  851861ms] [LOG] [Fast Refresh] done in 224ms @ http://localhost:3001/_next/static/chunks/node_modules_next_dist_1e8vcs8._.js:776
[  851925ms] [LOG] [Fast Refresh] done in 224ms @ http://localhost:3001/_next/static/chunks/node_modules_next_dist_1e8vcs8._.js:776
[  851988ms] [LOG] [Fast Refresh] done in 224ms @ http://localhost:3001/_next/static/chunks/node_modules_next_dist_1e8vcs8._.js:776
[  852051ms] [LOG] [Fast Refresh] done in 224ms @ http://localhost:3001/_next/static/chunks/node_modules_next_dist_1e8vcs8._.js:776
[  852113ms] [LOG] [Fast Refresh] done in 224ms @ http://localhost:3001/_next/static/chunks/node_modules_next_dist_1e8vcs8._.js:776
[  852175ms] [LOG] [Fast Refresh] done in 224ms @ http://localhost:3001/_next/static/chunks/node_modules_next_dist_1e8vcs8._.js:776
[  852238ms] [LOG] [Fast Refresh] done in 224ms @ http://localhost:3001/_next/static/chunks/node_modules_next_dist_1e8vcs8._.js:776
[  852301ms] [LOG] [Fast Refresh] done in 224ms @ http://localhost:3001/_next/static/chunks/node_modules_next_dist_1e8vcs8._.js:776
[  852362ms] [LOG] [Fast Refresh] done in 224ms @ http://localhost:3001/_next/static/chunks/node_modules_next_dist_1e8vcs8._.js:776
[  852422ms] [LOG] [Fast Refresh] done in 224ms @ http://localhost:3001/_next/static/chunks/node_modules_next_dist_1e8vcs8._.js:776
[  852484ms] [LOG] [Fast Refresh] done in 224ms @ http://localhost:3001/_next/static/chunks/node_modules_next_dist_1e8vcs8._.js:776
[  852564ms] [LOG] [Fast Refresh] done in 224ms @ http://localhost:3001/_next/static/chunks/node_modules_next_dist_1e8vcs8._.js:776
[  852628ms] [LOG] [Fast Refresh] done in 224ms @ http://localhost:3001/_next/static/chunks/node_modules_next_dist_1e8vcs8._.js:776
[  852691ms] [LOG] [Fast Refresh] done in 224ms @ http://localhost:3001/_next/static/chunks/node_modules_next_dist_1e8vcs8._.js:776
[  852752ms] [LOG] [Fast Refresh] done in 224ms @ http://localhost:3001/_next/static/chunks/node_modules_next_dist_1e8vcs8._.js:776
[  852816ms] [LOG] [Fast Refresh] done in 224ms @ http://localhost:3001/_next/static/chunks/node_modules_next_dist_1e8vcs8._.js:776
[  852880ms] [LOG] [Fast Refresh] done in 224ms @ http://localhost:3001/_next/static/chunks/node_modules_next_dist_1e8vcs8._.js:776
[  852943ms] [LOG] [Fast Refresh] done in 224ms @ http://localhost:3001/_next/static/chunks/node_modules_next_dist_1e8vcs8._.js:776
[  853006ms] [LOG] [Fast Refresh] done in 224ms @ http://localhost:3001/_next/static/chunks/node_modules_next_dist_1e8vcs8._.js:776
[  853070ms] [LOG] [Fast Refresh] done in 224ms @ http://localhost:3001/_next/static/chunks/node_modules_next_dist_1e8vcs8._.js:776
[  853132ms] [LOG] [Fast Refresh] done in 224ms @ http://localhost:3001/_next/static/chunks/node_modules_next_dist_1e8vcs8._.js:776
[  853195ms] [LOG] [Fast Refresh] done in 224ms @ http://localhost:3001/_next/static/chunks/node_modules_next_dist_1e8vcs8._.js:776
[  853259ms] [LOG] [Fast Refresh] done in 224ms @ http://localhost:3001/_next/static/chunks/node_modules_next_dist_1e8vcs8._.js:776
[  853322ms] [LOG] [Fast Refresh] done in 224ms @ http://localhost:3001/_next/static/chunks/node_modules_next_dist_1e8vcs8._.js:776
[  853385ms] [LOG] [Fast Refresh] done in 224ms @ http://localhost:3001/_next/static/chunks/node_modules_next_dist_1e8vcs8._.js:776
[  853446ms] [LOG] [Fast Refresh] done in 224ms @ http://localhost:3001/_next/static/chunks/node_modules_next_dist_1e8vcs8._.js:776
[  853508ms] [LOG] [Fast Refresh] done in 224ms @ http://localhost:3001/_next/static/chunks/node_modules_next_dist_1e8vcs8._.js:776
[  853571ms] [LOG] [Fast Refresh] done in 224ms @ http://localhost:3001/_next/static/chunks/node_modules_next_dist_1e8vcs8._.js:776
[  853634ms] [LOG] [Fast Refresh] done in 224ms @ http://localhost:3001/_next/static/chunks/node_modules_next_dist_1e8vcs8._.js:776
[  853698ms] [LOG] [Fast Refresh] done in 224ms @ http://localhost:3001/_next/static/chunks/node_modules_next_dist_1e8vcs8._.js:776
[  853761ms] [LOG] [Fast Refresh] done in 224ms @ http://localhost:3001/_next/static/chunks/node_modules_next_dist_1e8vcs8._.js:776
[  853823ms] [LOG] [Fast Refresh] done in 224ms @ http://localhost:3001/_next/static/chunks/node_modules_next_dist_1e8vcs8._.js:776
[  853887ms] [LOG] [Fast Refresh] done in 224ms @ http://localhost:3001/_next/static/chunks/node_modules_next_dist_1e8vcs8._.js:776
[  853950ms] [LOG] [Fast Refresh] done in 224ms @ http://localhost:3001/_next/static/chunks/node_modules_next_dist_1e8vcs8._.js:776
[  854012ms] [LOG] [Fast Refresh] done in 224ms @ http://localhost:3001/_next/static/chunks/node_modules_next_dist_1e8vcs8._.js:776
[  854075ms] [LOG] [Fast Refresh] done in 224ms @ http://localhost:3001/_next/static/chunks/node_modules_next_dist_1e8vcs8._.js:776
[  854137ms] [LOG] [Fast Refresh] done in 224ms @ http://localhost:3001/_next/static/chunks/node_modules_next_dist_1e8vcs8._.js:776
[  854200ms] [LOG] [Fast Refresh] done in 224ms @ http://localhost:3001/_next/static/chunks/node_modules_next_dist_1e8vcs8._.js:776
[  854262ms] [LOG] [Fast Refresh] done in 224ms @ http://localhost:3001/_next/static/chunks/node_modules_next_dist_1e8vcs8._.js:776
[  854324ms] [LOG] [Fast Refresh] done in 224ms @ http://localhost:3001/_next/static/chunks/node_modules_next_dist_1e8vcs8._.js:776
[  854388ms] [LOG] [Fast Refresh] done in 224ms @ http://localhost:3001/_next/static/chunks/node_modules_next_dist_1e8vcs8._.js:776
[  854449ms] [LOG] [Fast Refresh] done in 224ms @ http://localhost:3001/_next/static/chunks/node_modules_next_dist_1e8vcs8._.js:776
[  854514ms] [LOG] [Fast Refresh] done in 224ms @ http://localhost:3001/_next/static/chunks/node_modules_next_dist_1e8vcs8._.js:776
[  854578ms] [LOG] [Fast Refresh] done in 224ms @ http://localhost:3001/_next/static/chunks/node_modules_next_dist_1e8vcs8._.js:776
[  854642ms] [LOG] [Fast Refresh] done in 224ms @ http://localhost:3001/_next/static/chunks/node_modules_next_dist_1e8vcs8._.js:776
[  854705ms] [LOG] [Fast Refresh] done in 224ms @ http://localhost:3001/_next/static/chunks/node_modules_next_dist_1e8vcs8._.js:776
[  854770ms] [LOG] [Fast Refresh] done in 224ms @ http://localhost:3001/_next/static/chunks/node_modules_next_dist_1e8vcs8._.js:776
[  854832ms] [LOG] [Fast Refresh] done in 224ms @ http://localhost:3001/_next/static/chunks/node_modules_next_dist_1e8vcs8._.js:776
[  854896ms] [LOG] [Fast Refresh] done in 224ms @ http://localhost:3001/_next/static/chunks/node_modules_next_dist_1e8vcs8._.js:776
[  854959ms] [LOG] [Fast Refresh] done in 224ms @ http://localhost:3001/_next/static/chunks/node_modules_next_dist_1e8vcs8._.js:776
[  855023ms] [LOG] [Fast Refresh] done in 224ms @ http://localhost:3001/_next/static/chunks/node_modules_next_dist_1e8vcs8._.js:776
[  855085ms] [LOG] [Fast Refresh] done in 224ms @ http://localhost:3001/_next/static/chunks/node_modules_next_dist_1e8vcs8._.js:776
[  855148ms] [LOG] [Fast Refresh] done in 224ms @ http://localhost:3001/_next/static/chunks/node_modules_next_dist_1e8vcs8._.js:776
[  855211ms] [LOG] [Fast Refresh] done in 224ms @ http://localhost:3001/_next/static/chunks/node_modules_next_dist_1e8vcs8._.js:776
[  855274ms] [LOG] [Fast Refresh] done in 224ms @ http://localhost:3001/_next/static/chunks/node_modules_next_dist_1e8vcs8._.js:776
[  855336ms] [LOG] [Fast Refresh] done in 224ms @ http://localhost:3001/_next/static/chunks/node_modules_next_dist_1e8vcs8._.js:776
[  855399ms] [LOG] [Fast Refresh] done in 224ms @ http://localhost:3001/_next/static/chunks/node_modules_next_dist_1e8vcs8._.js:776
[  855463ms] [LOG] [Fast Refresh] done in 224ms @ http://localhost:3001/_next/static/chunks/node_modules_next_dist_1e8vcs8._.js:776
[  855526ms] [LOG] [Fast Refresh] done in 224ms @ http://localhost:3001/_next/static/chunks/node_modules_next_dist_1e8vcs8._.js:776
[  855588ms] [LOG] [Fast Refresh] done in 224ms @ http://localhost:3001/_next/static/chunks/node_modules_next_dist_1e8vcs8._.js:776
[  855651ms] [LOG] [Fast Refresh] done in 224ms @ http://localhost:3001/_next/static/chunks/node_modules_next_dist_1e8vcs8._.js:776
[  855714ms] [LOG] [Fast Refresh] done in 224ms @ http://localhost:3001/_next/static/chunks/node_modules_next_dist_1e8vcs8._.js:776
[  855777ms] [LOG] [Fast Refresh] done in 224ms @ http://localhost:3001/_next/static/chunks/node_modules_next_dist_1e8vcs8._.js:776
[  855841ms] [LOG] [Fast Refresh] done in 224ms @ http://localhost:3001/_next/static/chunks/node_modules_next_dist_1e8vcs8._.js:776
[  855904ms] [LOG] [Fast Refresh] done in 224ms @ http://localhost:3001/_next/static/chunks/node_modules_next_dist_1e8vcs8._.js:776
[  855966ms] [LOG] [Fast Refresh] done in 224ms @ http://localhost:3001/_next/static/chunks/node_modules_next_dist_1e8vcs8._.js:776
[  856029ms] [LOG] [Fast Refresh] done in 224ms @ http://localhost:3001/_next/static/chunks/node_modules_next_dist_1e8vcs8._.js:776
[  856092ms] [LOG] [Fast Refresh] done in 224ms @ http://localhost:3001/_next/static/chunks/node_modules_next_dist_1e8vcs8._.js:776
[  856155ms] [LOG] [Fast Refresh] done in 224ms @ http://localhost:3001/_next/static/chunks/node_modules_next_dist_1e8vcs8._.js:776
[  856219ms] [LOG] [Fast Refresh] done in 224ms @ http://localhost:3001/_next/static/chunks/node_modules_next_dist_1e8vcs8._.js:776
[  856281ms] [LOG] [Fast Refresh] done in 224ms @ http://localhost:3001/_next/static/chunks/node_modules_next_dist_1e8vcs8._.js:776
[  856344ms] [LOG] [Fast Refresh] done in 224ms @ http://localhost:3001/_next/static/chunks/node_modules_next_dist_1e8vcs8._.js:776
[  856407ms] [LOG] [Fast Refresh] done in 224ms @ http://localhost:3001/_next/static/chunks/node_modules_next_dist_1e8vcs8._.js:776
[  856469ms] [LOG] [Fast Refresh] done in 224ms @ http://localhost:3001/_next/static/chunks/node_modules_next_dist_1e8vcs8._.js:776
[  856533ms] [LOG] [Fast Refresh] done in 224ms @ http://localhost:3001/_next/static/chunks/node_modules_next_dist_1e8vcs8._.js:776
[  856595ms] [LOG] [Fast Refresh] done in 224ms @ http://localhost:3001/_next/static/chunks/node_modules_next_dist_1e8vcs8._.js:776
[  856658ms] [LOG] [Fast Refresh] done in 224ms @ http://localhost:3001/_next/static/chunks/node_modules_next_dist_1e8vcs8._.js:776
[  856722ms] [LOG] [Fast Refresh] done in 224ms @ http://localhost:3001/_next/static/chunks/node_modules_next_dist_1e8vcs8._.js:776
[  856784ms] [LOG] [Fast Refresh] done in 224ms @ http://localhost:3001/_next/static/chunks/node_modules_next_dist_1e8vcs8._.js:776
[  856846ms] [LOG] [Fast Refresh] done in 224ms @ http://localhost:3001/_next/static/chunks/node_modules_next_dist_1e8vcs8._.js:776
[  856909ms] [LOG] [Fast Refresh] done in 224ms @ http://localhost:3001/_next/static/chunks/node_modules_next_dist_1e8vcs8._.js:776
[  856972ms] [LOG] [Fast Refresh] done in 224ms @ http://localhost:3001/_next/static/chunks/node_modules_next_dist_1e8vcs8._.js:776
[  857036ms] [LOG] [Fast Refresh] done in 224ms @ http://localhost:3001/_next/static/chunks/node_modules_next_dist_1e8vcs8._.js:776
[  857132ms] [LOG] [Fast Refresh] done in 224ms @ http://localhost:3001/_next/static/chunks/node_modules_next_dist_1e8vcs8._.js:776
[  857194ms] [LOG] [Fast Refresh] done in 224ms @ http://localhost:3001/_next/static/chunks/node_modules_next_dist_1e8vcs8._.js:776
[  857257ms] [LOG] [Fast Refresh] done in 224ms @ http://localhost:3001/_next/static/chunks/node_modules_next_dist_1e8vcs8._.js:776
[  857320ms] [LOG] [Fast Refresh] done in 224ms @ http://localhost:3001/_next/static/chunks/node_modules_next_dist_1e8vcs8._.js:776
[  857382ms] [LOG] [Fast Refresh] done in 224ms @ http://localhost:3001/_next/static/chunks/node_modules_next_dist_1e8vcs8._.js:776
[  857445ms] [LOG] [Fast Refresh] done in 224ms @ http://localhost:3001/_next/static/chunks/node_modules_next_dist_1e8vcs8._.js:776
[  857507ms] [LOG] [Fast Refresh] done in 224ms @ http://localhost:3001/_next/static/chunks/node_modules_next_dist_1e8vcs8._.js:776
[  857571ms] [LOG] [Fast Refresh] done in 224ms @ http://localhost:3001/_next/static/chunks/node_modules_next_dist_1e8vcs8._.js:776
[  857634ms] [LOG] [Fast Refresh] done in 224ms @ http://localhost:3001/_next/static/chunks/node_modules_next_dist_1e8vcs8._.js:776
[  857697ms] [LOG] [Fast Refresh] done in 224ms @ http://localhost:3001/_next/static/chunks/node_modules_next_dist_1e8vcs8._.js:776
[  857760ms] [LOG] [Fast Refresh] done in 224ms @ http://localhost:3001/_next/static/chunks/node_modules_next_dist_1e8vcs8._.js:776
[  857823ms] [LOG] [Fast Refresh] done in 224ms @ http://localhost:3001/_next/static/chunks/node_modules_next_dist_1e8vcs8._.js:776
[  858040ms] [LOG] [Fast Refresh] rebuilding @ http://localhost:3001/_next/static/chunks/node_modules_next_dist_1e8vcs8._.js:776
[  858330ms] [LOG] [Fast Refresh] done in 182ms @ http://localhost:3001/_next/static/chunks/node_modules_next_dist_1e8vcs8._.js:776
[  860348ms] [LOG] [Fast Refresh] rebuilding @ http://localhost:3001/_next/static/chunks/node_modules_next_dist_1e8vcs8._.js:776
[  860463ms] [LOG] [Fast Refresh] done in 114ms @ http://localhost:3001/_next/static/chunks/node_modules_next_dist_1e8vcs8._.js:776
[  860697ms] [LOG] [Fast Refresh] rebuilding @ http://localhost:3001/_next/static/chunks/node_modules_next_dist_1e8vcs8._.js:776
[  860795ms] [LOG] [Fast Refresh] done in 198ms @ http://localhost:3001/_next/static/chunks/node_modules_next_dist_1e8vcs8._.js:776
