[     473ms] [ERROR] Failed to load resource: the server responded with a status of 404 (Not Found) @ http://localhost:3001/fonts/BantayogSans-ExtraBold.woff2:0
[     843ms] [ERROR] Failed to load resource: the server responded with a status of 404 (Not Found) @ http://localhost:3001/fonts/GoodDogPlain.woff2:0
[     906ms] [INFO] %cDownload the React DevTools for a better development experience: https://react.dev/link/react-devtools font-weight:bold @ http://localhost:3001/_next/static/chunks/node_modules_next_dist_1e8vcs8._.js:776
[    1033ms] [LOG] [HMR] connected @ http://localhost:3001/_next/static/chunks/node_modules_next_dist_1e8vcs8._.js:776
[  283046ms] [LOG] [Fast Refresh] rebuilding @ http://localhost:3001/_next/static/chunks/node_modules_next_dist_1e8vcs8._.js:776
[  283255ms] [LOG] [Fast Refresh] done in 179ms @ http://localhost:3001/_next/static/chunks/node_modules_next_dist_1e8vcs8._.js:776
[  284347ms] [LOG] [Fast Refresh] rebuilding @ http://localhost:3001/_next/static/chunks/node_modules_next_dist_1e8vcs8._.js:776
[  284440ms] [LOG] [Fast Refresh] done in 60ms @ http://localhost:3001/_next/static/chunks/node_modules_next_dist_1e8vcs8._.js:776
[  286112ms] [LOG] [Fast Refresh] rebuilding @ http://localhost:3001/_next/static/chunks/node_modules_next_dist_1e8vcs8._.js:776
[  286693ms] [LOG] [Fast Refresh] done in 314ms @ http://localhost:3001/_next/static/chunks/node_modules_next_dist_1e8vcs8._.js:776
[  287059ms] [LOG] [Fast Refresh] done in 314ms @ http://localhost:3001/_next/static/chunks/node_modules_next_dist_1e8vcs8._.js:776
[  287194ms] [LOG] [Fast Refresh] done in 314ms @ http://localhost:3001/_next/static/chunks/node_modules_next_dist_1e8vcs8._.js:776
[  287274ms] [LOG] [Fast Refresh] done in 314ms @ http://localhost:3001/_next/static/chunks/node_modules_next_dist_1e8vcs8._.js:776
[  287346ms] [LOG] [Fast Refresh] done in 314ms @ http://localhost:3001/_next/static/chunks/node_modules_next_dist_1e8vcs8._.js:776
[  287407ms] [LOG] [Fast Refresh] done in 314ms @ http://localhost:3001/_next/static/chunks/node_modules_next_dist_1e8vcs8._.js:776
[  287471ms] [LOG] [Fast Refresh] done in 314ms @ http://localhost:3001/_next/static/chunks/node_modules_next_dist_1e8vcs8._.js:776
[  287532ms] [LOG] [Fast Refresh] done in 314ms @ http://localhost:3001/_next/static/chunks/node_modules_next_dist_1e8vcs8._.js:776
[  287595ms] [LOG] [Fast Refresh] done in 314ms @ http://localhost:3001/_next/static/chunks/node_modules_next_dist_1e8vcs8._.js:776
[  287657ms] [LOG] [Fast Refresh] done in 314ms @ http://localhost:3001/_next/static/chunks/node_modules_next_dist_1e8vcs8._.js:776
[  287721ms] [LOG] [Fast Refresh] done in 314ms @ http://localhost:3001/_next/static/chunks/node_modules_next_dist_1e8vcs8._.js:776
[  287784ms] [LOG] [Fast Refresh] done in 314ms @ http://localhost:3001/_next/static/chunks/node_modules_next_dist_1e8vcs8._.js:776
[  287846ms] [LOG] [Fast Refresh] done in 314ms @ http://localhost:3001/_next/static/chunks/node_modules_next_dist_1e8vcs8._.js:776
[  287908ms] [LOG] [Fast Refresh] done in 314ms @ http://localhost:3001/_next/static/chunks/node_modules_next_dist_1e8vcs8._.js:776
[  287969ms] [LOG] [Fast Refresh] done in 314ms @ http://localhost:3001/_next/static/chunks/node_modules_next_dist_1e8vcs8._.js:776
[  288030ms] [LOG] [Fast Refresh] done in 314ms @ http://localhost:3001/_next/static/chunks/node_modules_next_dist_1e8vcs8._.js:776
[  288096ms] [LOG] [Fast Refresh] done in 314ms @ http://localhost:3001/_next/static/chunks/node_modules_next_dist_1e8vcs8._.js:776
[  288155ms] [LOG] [Fast Refresh] done in 314ms @ http://localhost:3001/_next/static/chunks/node_modules_next_dist_1e8vcs8._.js:776
[  288222ms] [LOG] [Fast Refresh] done in 314ms @ http://localhost:3001/_next/static/chunks/node_modules_next_dist_1e8vcs8._.js:776
[  288279ms] [LOG] [Fast Refresh] done in 314ms @ http://localhost:3001/_next/static/chunks/node_modules_next_dist_1e8vcs8._.js:776
[  288342ms] [LOG] [Fast Refresh] done in 314ms @ http://localhost:3001/_next/static/chunks/node_modules_next_dist_1e8vcs8._.js:776
[  288404ms] [LOG] [Fast Refresh] done in 314ms @ http://localhost:3001/_next/static/chunks/node_modules_next_dist_1e8vcs8._.js:776
[  288468ms] [LOG] [Fast Refresh] done in 314ms @ http://localhost:3001/_next/static/chunks/node_modules_next_dist_1e8vcs8._.js:776
[  288529ms] [LOG] [Fast Refresh] done in 314ms @ http://localhost:3001/_next/static/chunks/node_modules_next_dist_1e8vcs8._.js:776
[  288592ms] [LOG] [Fast Refresh] done in 314ms @ http://localhost:3001/_next/static/chunks/node_modules_next_dist_1e8vcs8._.js:776
[  288655ms] [LOG] [Fast Refresh] done in 314ms @ http://localhost:3001/_next/static/chunks/node_modules_next_dist_1e8vcs8._.js:776
[  288718ms] [LOG] [Fast Refresh] done in 314ms @ http://localhost:3001/_next/static/chunks/node_modules_next_dist_1e8vcs8._.js:776
[  288779ms] [LOG] [Fast Refresh] done in 314ms @ http://localhost:3001/_next/static/chunks/node_modules_next_dist_1e8vcs8._.js:776
[  288842ms] [LOG] [Fast Refresh] done in 314ms @ http://localhost:3001/_next/static/chunks/node_modules_next_dist_1e8vcs8._.js:776
[  288904ms] [LOG] [Fast Refresh] done in 314ms @ http://localhost:3001/_next/static/chunks/node_modules_next_dist_1e8vcs8._.js:776
[  288965ms] [LOG] [Fast Refresh] done in 314ms @ http://localhost:3001/_next/static/chunks/node_modules_next_dist_1e8vcs8._.js:776
[  289032ms] [LOG] [Fast Refresh] done in 314ms @ http://localhost:3001/_next/static/chunks/node_modules_next_dist_1e8vcs8._.js:776
[  289091ms] [LOG] [Fast Refresh] done in 314ms @ http://localhost:3001/_next/static/chunks/node_modules_next_dist_1e8vcs8._.js:776
[  289155ms] [LOG] [Fast Refresh] done in 314ms @ http://localhost:3001/_next/static/chunks/node_modules_next_dist_1e8vcs8._.js:776
[  289216ms] [LOG] [Fast Refresh] done in 314ms @ http://localhost:3001/_next/static/chunks/node_modules_next_dist_1e8vcs8._.js:776
[  289279ms] [LOG] [Fast Refresh] done in 314ms @ http://localhost:3001/_next/static/chunks/node_modules_next_dist_1e8vcs8._.js:776
[  289342ms] [LOG] [Fast Refresh] done in 314ms @ http://localhost:3001/_next/static/chunks/node_modules_next_dist_1e8vcs8._.js:776
[  289405ms] [LOG] [Fast Refresh] done in 314ms @ http://localhost:3001/_next/static/chunks/node_modules_next_dist_1e8vcs8._.js:776
[  289471ms] [LOG] [Fast Refresh] done in 314ms @ http://localhost:3001/_next/static/chunks/node_modules_next_dist_1e8vcs8._.js:776
[  289533ms] [LOG] [Fast Refresh] done in 314ms @ http://localhost:3001/_next/static/chunks/node_modules_next_dist_1e8vcs8._.js:776
[  289594ms] [LOG] [Fast Refresh] done in 314ms @ http://localhost:3001/_next/static/chunks/node_modules_next_dist_1e8vcs8._.js:776
[  289658ms] [LOG] [Fast Refresh] done in 314ms @ http://localhost:3001/_next/static/chunks/node_modules_next_dist_1e8vcs8._.js:776
[  289721ms] [LOG] [Fast Refresh] done in 314ms @ http://localhost:3001/_next/static/chunks/node_modules_next_dist_1e8vcs8._.js:776
[  289785ms] [LOG] [Fast Refresh] done in 314ms @ http://localhost:3001/_next/static/chunks/node_modules_next_dist_1e8vcs8._.js:776
[  289938ms] [LOG] [Fast Refresh] done in 314ms @ http://localhost:3001/_next/static/chunks/node_modules_next_dist_1e8vcs8._.js:776
[  290006ms] [LOG] [Fast Refresh] done in 314ms @ http://localhost:3001/_next/static/chunks/node_modules_next_dist_1e8vcs8._.js:776
[  290065ms] [LOG] [Fast Refresh] done in 314ms @ http://localhost:3001/_next/static/chunks/node_modules_next_dist_1e8vcs8._.js:776
[  290127ms] [LOG] [Fast Refresh] done in 314ms @ http://localhost:3001/_next/static/chunks/node_modules_next_dist_1e8vcs8._.js:776
[  290190ms] [LOG] [Fast Refresh] done in 314ms @ http://localhost:3001/_next/static/chunks/node_modules_next_dist_1e8vcs8._.js:776
[  290254ms] [LOG] [Fast Refresh] done in 314ms @ http://localhost:3001/_next/static/chunks/node_modules_next_dist_1e8vcs8._.js:776
[  290314ms] [LOG] [Fast Refresh] done in 314ms @ http://localhost:3001/_next/static/chunks/node_modules_next_dist_1e8vcs8._.js:776
[  290376ms] [LOG] [Fast Refresh] done in 314ms @ http://localhost:3001/_next/static/chunks/node_modules_next_dist_1e8vcs8._.js:776
[  290439ms] [LOG] [Fast Refresh] done in 314ms @ http://localhost:3001/_next/static/chunks/node_modules_next_dist_1e8vcs8._.js:776
[  290502ms] [LOG] [Fast Refresh] done in 314ms @ http://localhost:3001/_next/static/chunks/node_modules_next_dist_1e8vcs8._.js:776
[  290564ms] [LOG] [Fast Refresh] done in 314ms @ http://localhost:3001/_next/static/chunks/node_modules_next_dist_1e8vcs8._.js:776
[  290635ms] [LOG] [Fast Refresh] done in 314ms @ http://localhost:3001/_next/static/chunks/node_modules_next_dist_1e8vcs8._.js:776
[  290704ms] [LOG] [Fast Refresh] done in 314ms @ http://localhost:3001/_next/static/chunks/node_modules_next_dist_1e8vcs8._.js:776
[  290768ms] [LOG] [Fast Refresh] done in 314ms @ http://localhost:3001/_next/static/chunks/node_modules_next_dist_1e8vcs8._.js:776
[  290832ms] [LOG] [Fast Refresh] done in 314ms @ http://localhost:3001/_next/static/chunks/node_modules_next_dist_1e8vcs8._.js:776
[  290891ms] [LOG] [Fast Refresh] done in 314ms @ http://localhost:3001/_next/static/chunks/node_modules_next_dist_1e8vcs8._.js:776
[  290965ms] [LOG] [Fast Refresh] done in 314ms @ http://localhost:3001/_next/static/chunks/node_modules_next_dist_1e8vcs8._.js:776
[  291017ms] [LOG] [Fast Refresh] done in 314ms @ http://localhost:3001/_next/static/chunks/node_modules_next_dist_1e8vcs8._.js:776
[  291080ms] [LOG] [Fast Refresh] done in 314ms @ http://localhost:3001/_next/static/chunks/node_modules_next_dist_1e8vcs8._.js:776
[  291138ms] [LOG] [Fast Refresh] done in 314ms @ http://localhost:3001/_next/static/chunks/node_modules_next_dist_1e8vcs8._.js:776
[  291200ms] [LOG] [Fast Refresh] done in 314ms @ http://localhost:3001/_next/static/chunks/node_modules_next_dist_1e8vcs8._.js:776
[  291264ms] [LOG] [Fast Refresh] done in 314ms @ http://localhost:3001/_next/static/chunks/node_modules_next_dist_1e8vcs8._.js:776
[  291324ms] [LOG] [Fast Refresh] done in 314ms @ http://localhost:3001/_next/static/chunks/node_modules_next_dist_1e8vcs8._.js:776
[  291387ms] [LOG] [Fast Refresh] done in 314ms @ http://localhost:3001/_next/static/chunks/node_modules_next_dist_1e8vcs8._.js:776
[  291449ms] [LOG] [Fast Refresh] done in 314ms @ http://localhost:3001/_next/static/chunks/node_modules_next_dist_1e8vcs8._.js:776
[  291512ms] [LOG] [Fast Refresh] done in 314ms @ http://localhost:3001/_next/static/chunks/node_modules_next_dist_1e8vcs8._.js:776
[  291609ms] [LOG] [Fast Refresh] done in 314ms @ http://localhost:3001/_next/static/chunks/node_modules_next_dist_1e8vcs8._.js:776
[  291669ms] [LOG] [Fast Refresh] done in 314ms @ http://localhost:3001/_next/static/chunks/node_modules_next_dist_1e8vcs8._.js:776
[  291732ms] [LOG] [Fast Refresh] done in 314ms @ http://localhost:3001/_next/static/chunks/node_modules_next_dist_1e8vcs8._.js:776
[  291796ms] [LOG] [Fast Refresh] done in 314ms @ http://localhost:3001/_next/static/chunks/node_modules_next_dist_1e8vcs8._.js:776
[  291860ms] [LOG] [Fast Refresh] done in 314ms @ http://localhost:3001/_next/static/chunks/node_modules_next_dist_1e8vcs8._.js:776
[  291920ms] [LOG] [Fast Refresh] done in 314ms @ http://localhost:3001/_next/static/chunks/node_modules_next_dist_1e8vcs8._.js:776
[  291982ms] [LOG] [Fast Refresh] done in 314ms @ http://localhost:3001/_next/static/chunks/node_modules_next_dist_1e8vcs8._.js:776
[  292046ms] [LOG] [Fast Refresh] done in 314ms @ http://localhost:3001/_next/static/chunks/node_modules_next_dist_1e8vcs8._.js:776
[  292108ms] [LOG] [Fast Refresh] done in 314ms @ http://localhost:3001/_next/static/chunks/node_modules_next_dist_1e8vcs8._.js:776
[  292172ms] [LOG] [Fast Refresh] done in 314ms @ http://localhost:3001/_next/static/chunks/node_modules_next_dist_1e8vcs8._.js:776
[  292233ms] [LOG] [Fast Refresh] done in 314ms @ http://localhost:3001/_next/static/chunks/node_modules_next_dist_1e8vcs8._.js:776
[  292296ms] [LOG] [Fast Refresh] done in 314ms @ http://localhost:3001/_next/static/chunks/node_modules_next_dist_1e8vcs8._.js:776
[  292359ms] [LOG] [Fast Refresh] done in 314ms @ http://localhost:3001/_next/static/chunks/node_modules_next_dist_1e8vcs8._.js:776
[  292422ms] [LOG] [Fast Refresh] done in 314ms @ http://localhost:3001/_next/static/chunks/node_modules_next_dist_1e8vcs8._.js:776
[  292485ms] [LOG] [Fast Refresh] done in 314ms @ http://localhost:3001/_next/static/chunks/node_modules_next_dist_1e8vcs8._.js:776
[  292546ms] [LOG] [Fast Refresh] done in 314ms @ http://localhost:3001/_next/static/chunks/node_modules_next_dist_1e8vcs8._.js:776
[  292610ms] [LOG] [Fast Refresh] done in 314ms @ http://localhost:3001/_next/static/chunks/node_modules_next_dist_1e8vcs8._.js:776
[  292672ms] [LOG] [Fast Refresh] done in 314ms @ http://localhost:3001/_next/static/chunks/node_modules_next_dist_1e8vcs8._.js:776
[  292734ms] [LOG] [Fast Refresh] done in 314ms @ http://localhost:3001/_next/static/chunks/node_modules_next_dist_1e8vcs8._.js:776
[  292798ms] [LOG] [Fast Refresh] done in 314ms @ http://localhost:3001/_next/static/chunks/node_modules_next_dist_1e8vcs8._.js:776
[  292863ms] [LOG] [Fast Refresh] done in 314ms @ http://localhost:3001/_next/static/chunks/node_modules_next_dist_1e8vcs8._.js:776
[  292923ms] [LOG] [Fast Refresh] done in 314ms @ http://localhost:3001/_next/static/chunks/node_modules_next_dist_1e8vcs8._.js:776
[  293033ms] [LOG] [Fast Refresh] done in 314ms @ http://localhost:3001/_next/static/chunks/node_modules_next_dist_1e8vcs8._.js:776
[  293093ms] [LOG] [Fast Refresh] done in 314ms @ http://localhost:3001/_next/static/chunks/node_modules_next_dist_1e8vcs8._.js:776
[  293156ms] [LOG] [Fast Refresh] done in 314ms @ http://localhost:3001/_next/static/chunks/node_modules_next_dist_1e8vcs8._.js:776
[  293218ms] [LOG] [Fast Refresh] done in 314ms @ http://localhost:3001/_next/static/chunks/node_modules_next_dist_1e8vcs8._.js:776
[  293326ms] [LOG] [Fast Refresh] done in 314ms @ http://localhost:3001/_next/static/chunks/node_modules_next_dist_1e8vcs8._.js:776
[  293388ms] [LOG] [Fast Refresh] done in 314ms @ http://localhost:3001/_next/static/chunks/node_modules_next_dist_1e8vcs8._.js:776
[  293450ms] [LOG] [Fast Refresh] done in 314ms @ http://localhost:3001/_next/static/chunks/node_modules_next_dist_1e8vcs8._.js:776
[  293513ms] [LOG] [Fast Refresh] done in 314ms @ http://localhost:3001/_next/static/chunks/node_modules_next_dist_1e8vcs8._.js:776
[  293574ms] [LOG] [Fast Refresh] done in 314ms @ http://localhost:3001/_next/static/chunks/node_modules_next_dist_1e8vcs8._.js:776
[  293642ms] [LOG] [Fast Refresh] done in 314ms @ http://localhost:3001/_next/static/chunks/node_modules_next_dist_1e8vcs8._.js:776
[  293701ms] [LOG] [Fast Refresh] done in 314ms @ http://localhost:3001/_next/static/chunks/node_modules_next_dist_1e8vcs8._.js:776
[  293760ms] [LOG] [Fast Refresh] done in 314ms @ http://localhost:3001/_next/static/chunks/node_modules_next_dist_1e8vcs8._.js:776
[  293823ms] [LOG] [Fast Refresh] done in 314ms @ http://localhost:3001/_next/static/chunks/node_modules_next_dist_1e8vcs8._.js:776
[  293885ms] [LOG] [Fast Refresh] done in 314ms @ http://localhost:3001/_next/static/chunks/node_modules_next_dist_1e8vcs8._.js:776
[  293947ms] [LOG] [Fast Refresh] done in 314ms @ http://localhost:3001/_next/static/chunks/node_modules_next_dist_1e8vcs8._.js:776
[  294008ms] [LOG] [Fast Refresh] done in 314ms @ http://localhost:3001/_next/static/chunks/node_modules_next_dist_1e8vcs8._.js:776
[  294071ms] [LOG] [Fast Refresh] done in 314ms @ http://localhost:3001/_next/static/chunks/node_modules_next_dist_1e8vcs8._.js:776
[  294131ms] [LOG] [Fast Refresh] done in 314ms @ http://localhost:3001/_next/static/chunks/node_modules_next_dist_1e8vcs8._.js:776
[  294197ms] [LOG] [Fast Refresh] done in 314ms @ http://localhost:3001/_next/static/chunks/node_modules_next_dist_1e8vcs8._.js:776
[  294256ms] [LOG] [Fast Refresh] done in 314ms @ http://localhost:3001/_next/static/chunks/node_modules_next_dist_1e8vcs8._.js:776
[  294319ms] [LOG] [Fast Refresh] done in 314ms @ http://localhost:3001/_next/static/chunks/node_modules_next_dist_1e8vcs8._.js:776
[  294382ms] [LOG] [Fast Refresh] done in 314ms @ http://localhost:3001/_next/static/chunks/node_modules_next_dist_1e8vcs8._.js:776
[  294615ms] [LOG] [Fast Refresh] rebuilding @ http://localhost:3001/_next/static/chunks/node_modules_next_dist_1e8vcs8._.js:776
[  294741ms] [LOG] [Fast Refresh] done in 99ms @ http://localhost:3001/_next/static/chunks/node_modules_next_dist_1e8vcs8._.js:776
[  295325ms] [ERROR] Failed to load resource: the server responded with a status of 404 (Not Found) @ http://localhost:3001/fonts/BantayogSans-ExtraBold.woff2:0
[  295325ms] [ERROR] Failed to load resource: the server responded with a status of 404 (Not Found) @ http://localhost:3001/fonts/GoodDogPlain.woff2:0
[  369200ms] [LOG] [Fast Refresh] rebuilding @ http://localhost:3001/_next/static/chunks/node_modules_next_dist_1e8vcs8._.js:776
[  369774ms] [LOG] [Fast Refresh] done in 235ms @ http://localhost:3001/_next/static/chunks/node_modules_next_dist_1e8vcs8._.js:776
[  370394ms] [LOG] [Fast Refresh] done in 235ms @ http://localhost:3001/_next/static/chunks/node_modules_next_dist_1e8vcs8._.js:776
[  370428ms] [ERROR] Failed to load resource: the server responded with a status of 404 (Not Found) @ http://localhost:3001/fonts/BantayogSans-ExtraBold.woff2:0
[  370428ms] [ERROR] Failed to load resource: the server responded with a status of 404 (Not Found) @ http://localhost:3001/fonts/GoodDogPlain.woff2:0
[  370494ms] [LOG] [Fast Refresh] done in 235ms @ http://localhost:3001/_next/static/chunks/node_modules_next_dist_1e8vcs8._.js:776
[  370560ms] [LOG] [Fast Refresh] done in 235ms @ http://localhost:3001/_next/static/chunks/node_modules_next_dist_1e8vcs8._.js:776
[  370613ms] [LOG] [Fast Refresh] done in 235ms @ http://localhost:3001/_next/static/chunks/node_modules_next_dist_1e8vcs8._.js:776
[  370677ms] [LOG] [Fast Refresh] done in 235ms @ http://localhost:3001/_next/static/chunks/node_modules_next_dist_1e8vcs8._.js:776
[  370738ms] [LOG] [Fast Refresh] done in 235ms @ http://localhost:3001/_next/static/chunks/node_modules_next_dist_1e8vcs8._.js:776
[  370800ms] [LOG] [Fast Refresh] done in 235ms @ http://localhost:3001/_next/static/chunks/node_modules_next_dist_1e8vcs8._.js:776
[  370863ms] [LOG] [Fast Refresh] done in 235ms @ http://localhost:3001/_next/static/chunks/node_modules_next_dist_1e8vcs8._.js:776
[  370926ms] [LOG] [Fast Refresh] done in 235ms @ http://localhost:3001/_next/static/chunks/node_modules_next_dist_1e8vcs8._.js:776
[  370988ms] [LOG] [Fast Refresh] done in 235ms @ http://localhost:3001/_next/static/chunks/node_modules_next_dist_1e8vcs8._.js:776
[  371049ms] [LOG] [Fast Refresh] done in 235ms @ http://localhost:3001/_next/static/chunks/node_modules_next_dist_1e8vcs8._.js:776
[  371111ms] [LOG] [Fast Refresh] done in 235ms @ http://localhost:3001/_next/static/chunks/node_modules_next_dist_1e8vcs8._.js:776
[  371176ms] [LOG] [Fast Refresh] done in 235ms @ http://localhost:3001/_next/static/chunks/node_modules_next_dist_1e8vcs8._.js:776
[  371280ms] [LOG] [Fast Refresh] done in 235ms @ http://localhost:3001/_next/static/chunks/node_modules_next_dist_1e8vcs8._.js:776
[  371345ms] [LOG] [Fast Refresh] done in 235ms @ http://localhost:3001/_next/static/chunks/node_modules_next_dist_1e8vcs8._.js:776
[  371407ms] [LOG] [Fast Refresh] done in 235ms @ http://localhost:3001/_next/static/chunks/node_modules_next_dist_1e8vcs8._.js:776
[  371469ms] [LOG] [Fast Refresh] done in 235ms @ http://localhost:3001/_next/static/chunks/node_modules_next_dist_1e8vcs8._.js:776
[  371533ms] [LOG] [Fast Refresh] done in 235ms @ http://localhost:3001/_next/static/chunks/node_modules_next_dist_1e8vcs8._.js:776
[  371595ms] [LOG] [Fast Refresh] done in 235ms @ http://localhost:3001/_next/static/chunks/node_modules_next_dist_1e8vcs8._.js:776
[  371661ms] [LOG] [Fast Refresh] done in 235ms @ http://localhost:3001/_next/static/chunks/node_modules_next_dist_1e8vcs8._.js:776
[  371720ms] [LOG] [Fast Refresh] done in 235ms @ http://localhost:3001/_next/static/chunks/node_modules_next_dist_1e8vcs8._.js:776
[  371783ms] [LOG] [Fast Refresh] done in 235ms @ http://localhost:3001/_next/static/chunks/node_modules_next_dist_1e8vcs8._.js:776
[  371845ms] [LOG] [Fast Refresh] done in 235ms @ http://localhost:3001/_next/static/chunks/node_modules_next_dist_1e8vcs8._.js:776
[  371908ms] [LOG] [Fast Refresh] done in 235ms @ http://localhost:3001/_next/static/chunks/node_modules_next_dist_1e8vcs8._.js:776
[  371970ms] [LOG] [Fast Refresh] done in 235ms @ http://localhost:3001/_next/static/chunks/node_modules_next_dist_1e8vcs8._.js:776
[  372032ms] [LOG] [Fast Refresh] done in 235ms @ http://localhost:3001/_next/static/chunks/node_modules_next_dist_1e8vcs8._.js:776
[  372093ms] [LOG] [Fast Refresh] done in 235ms @ http://localhost:3001/_next/static/chunks/node_modules_next_dist_1e8vcs8._.js:776
[  372155ms] [LOG] [Fast Refresh] done in 235ms @ http://localhost:3001/_next/static/chunks/node_modules_next_dist_1e8vcs8._.js:776
[  372218ms] [LOG] [Fast Refresh] done in 235ms @ http://localhost:3001/_next/static/chunks/node_modules_next_dist_1e8vcs8._.js:776
[  372281ms] [LOG] [Fast Refresh] done in 235ms @ http://localhost:3001/_next/static/chunks/node_modules_next_dist_1e8vcs8._.js:776
[  372345ms] [LOG] [Fast Refresh] done in 235ms @ http://localhost:3001/_next/static/chunks/node_modules_next_dist_1e8vcs8._.js:776
[  372408ms] [LOG] [Fast Refresh] done in 235ms @ http://localhost:3001/_next/static/chunks/node_modules_next_dist_1e8vcs8._.js:776
[  372469ms] [LOG] [Fast Refresh] done in 235ms @ http://localhost:3001/_next/static/chunks/node_modules_next_dist_1e8vcs8._.js:776
[  372532ms] [LOG] [Fast Refresh] done in 235ms @ http://localhost:3001/_next/static/chunks/node_modules_next_dist_1e8vcs8._.js:776
[  372594ms] [LOG] [Fast Refresh] done in 235ms @ http://localhost:3001/_next/static/chunks/node_modules_next_dist_1e8vcs8._.js:776
[  372659ms] [LOG] [Fast Refresh] done in 235ms @ http://localhost:3001/_next/static/chunks/node_modules_next_dist_1e8vcs8._.js:776
[  372719ms] [LOG] [Fast Refresh] done in 235ms @ http://localhost:3001/_next/static/chunks/node_modules_next_dist_1e8vcs8._.js:776
[  372784ms] [LOG] [Fast Refresh] done in 235ms @ http://localhost:3001/_next/static/chunks/node_modules_next_dist_1e8vcs8._.js:776
[  372846ms] [LOG] [Fast Refresh] done in 235ms @ http://localhost:3001/_next/static/chunks/node_modules_next_dist_1e8vcs8._.js:776
[  372909ms] [LOG] [Fast Refresh] done in 235ms @ http://localhost:3001/_next/static/chunks/node_modules_next_dist_1e8vcs8._.js:776
[  372974ms] [LOG] [Fast Refresh] done in 235ms @ http://localhost:3001/_next/static/chunks/node_modules_next_dist_1e8vcs8._.js:776
[  373033ms] [LOG] [Fast Refresh] done in 235ms @ http://localhost:3001/_next/static/chunks/node_modules_next_dist_1e8vcs8._.js:776
[  373097ms] [LOG] [Fast Refresh] done in 235ms @ http://localhost:3001/_next/static/chunks/node_modules_next_dist_1e8vcs8._.js:776
[  373161ms] [LOG] [Fast Refresh] done in 235ms @ http://localhost:3001/_next/static/chunks/node_modules_next_dist_1e8vcs8._.js:776
[  373225ms] [LOG] [Fast Refresh] done in 235ms @ http://localhost:3001/_next/static/chunks/node_modules_next_dist_1e8vcs8._.js:776
[  373287ms] [LOG] [Fast Refresh] done in 235ms @ http://localhost:3001/_next/static/chunks/node_modules_next_dist_1e8vcs8._.js:776
[  373350ms] [LOG] [Fast Refresh] done in 235ms @ http://localhost:3001/_next/static/chunks/node_modules_next_dist_1e8vcs8._.js:776
[  373411ms] [LOG] [Fast Refresh] done in 235ms @ http://localhost:3001/_next/static/chunks/node_modules_next_dist_1e8vcs8._.js:776
[  373479ms] [LOG] [Fast Refresh] done in 235ms @ http://localhost:3001/_next/static/chunks/node_modules_next_dist_1e8vcs8._.js:776
[  373533ms] [LOG] [Fast Refresh] done in 235ms @ http://localhost:3001/_next/static/chunks/node_modules_next_dist_1e8vcs8._.js:776
[  373594ms] [LOG] [Fast Refresh] done in 235ms @ http://localhost:3001/_next/static/chunks/node_modules_next_dist_1e8vcs8._.js:776
[  373659ms] [LOG] [Fast Refresh] done in 235ms @ http://localhost:3001/_next/static/chunks/node_modules_next_dist_1e8vcs8._.js:776
[  373720ms] [LOG] [Fast Refresh] done in 235ms @ http://localhost:3001/_next/static/chunks/node_modules_next_dist_1e8vcs8._.js:776
[  373780ms] [LOG] [Fast Refresh] done in 235ms @ http://localhost:3001/_next/static/chunks/node_modules_next_dist_1e8vcs8._.js:776
[  373843ms] [LOG] [Fast Refresh] done in 235ms @ http://localhost:3001/_next/static/chunks/node_modules_next_dist_1e8vcs8._.js:776
[  373906ms] [LOG] [Fast Refresh] done in 235ms @ http://localhost:3001/_next/static/chunks/node_modules_next_dist_1e8vcs8._.js:776
[  373969ms] [LOG] [Fast Refresh] done in 235ms @ http://localhost:3001/_next/static/chunks/node_modules_next_dist_1e8vcs8._.js:776
[  374030ms] [LOG] [Fast Refresh] done in 235ms @ http://localhost:3001/_next/static/chunks/node_modules_next_dist_1e8vcs8._.js:776
[  374094ms] [LOG] [Fast Refresh] done in 235ms @ http://localhost:3001/_next/static/chunks/node_modules_next_dist_1e8vcs8._.js:776
[  374157ms] [LOG] [Fast Refresh] done in 235ms @ http://localhost:3001/_next/static/chunks/node_modules_next_dist_1e8vcs8._.js:776
[  374221ms] [LOG] [Fast Refresh] done in 235ms @ http://localhost:3001/_next/static/chunks/node_modules_next_dist_1e8vcs8._.js:776
[  374283ms] [LOG] [Fast Refresh] done in 235ms @ http://localhost:3001/_next/static/chunks/node_modules_next_dist_1e8vcs8._.js:776
[  374346ms] [LOG] [Fast Refresh] done in 235ms @ http://localhost:3001/_next/static/chunks/node_modules_next_dist_1e8vcs8._.js:776
[  374411ms] [LOG] [Fast Refresh] done in 235ms @ http://localhost:3001/_next/static/chunks/node_modules_next_dist_1e8vcs8._.js:776
[  374517ms] [LOG] [Fast Refresh] done in 235ms @ http://localhost:3001/_next/static/chunks/node_modules_next_dist_1e8vcs8._.js:776
[  374578ms] [LOG] [Fast Refresh] done in 235ms @ http://localhost:3001/_next/static/chunks/node_modules_next_dist_1e8vcs8._.js:776
[  374641ms] [LOG] [Fast Refresh] done in 235ms @ http://localhost:3001/_next/static/chunks/node_modules_next_dist_1e8vcs8._.js:776
[  374702ms] [LOG] [Fast Refresh] done in 235ms @ http://localhost:3001/_next/static/chunks/node_modules_next_dist_1e8vcs8._.js:776
[  374763ms] [LOG] [Fast Refresh] done in 235ms @ http://localhost:3001/_next/static/chunks/node_modules_next_dist_1e8vcs8._.js:776
[  374828ms] [LOG] [Fast Refresh] done in 235ms @ http://localhost:3001/_next/static/chunks/node_modules_next_dist_1e8vcs8._.js:776
[  374889ms] [LOG] [Fast Refresh] done in 235ms @ http://localhost:3001/_next/static/chunks/node_modules_next_dist_1e8vcs8._.js:776
[  374950ms] [LOG] [Fast Refresh] done in 235ms @ http://localhost:3001/_next/static/chunks/node_modules_next_dist_1e8vcs8._.js:776
[  375013ms] [LOG] [Fast Refresh] done in 235ms @ http://localhost:3001/_next/static/chunks/node_modules_next_dist_1e8vcs8._.js:776
[  375077ms] [LOG] [Fast Refresh] done in 235ms @ http://localhost:3001/_next/static/chunks/node_modules_next_dist_1e8vcs8._.js:776
[  375139ms] [LOG] [Fast Refresh] done in 235ms @ http://localhost:3001/_next/static/chunks/node_modules_next_dist_1e8vcs8._.js:776
[  375201ms] [LOG] [Fast Refresh] done in 235ms @ http://localhost:3001/_next/static/chunks/node_modules_next_dist_1e8vcs8._.js:776
[  375264ms] [LOG] [Fast Refresh] done in 235ms @ http://localhost:3001/_next/static/chunks/node_modules_next_dist_1e8vcs8._.js:776
[  375327ms] [LOG] [Fast Refresh] done in 235ms @ http://localhost:3001/_next/static/chunks/node_modules_next_dist_1e8vcs8._.js:776
[  375389ms] [LOG] [Fast Refresh] done in 235ms @ http://localhost:3001/_next/static/chunks/node_modules_next_dist_1e8vcs8._.js:776
[  375452ms] [LOG] [Fast Refresh] done in 235ms @ http://localhost:3001/_next/static/chunks/node_modules_next_dist_1e8vcs8._.js:776
[  375514ms] [LOG] [Fast Refresh] done in 235ms @ http://localhost:3001/_next/static/chunks/node_modules_next_dist_1e8vcs8._.js:776
[  375579ms] [LOG] [Fast Refresh] done in 235ms @ http://localhost:3001/_next/static/chunks/node_modules_next_dist_1e8vcs8._.js:776
[  375639ms] [LOG] [Fast Refresh] done in 235ms @ http://localhost:3001/_next/static/chunks/node_modules_next_dist_1e8vcs8._.js:776
[  375701ms] [LOG] [Fast Refresh] done in 235ms @ http://localhost:3001/_next/static/chunks/node_modules_next_dist_1e8vcs8._.js:776
[  375764ms] [LOG] [Fast Refresh] done in 235ms @ http://localhost:3001/_next/static/chunks/node_modules_next_dist_1e8vcs8._.js:776
[  375830ms] [LOG] [Fast Refresh] done in 235ms @ http://localhost:3001/_next/static/chunks/node_modules_next_dist_1e8vcs8._.js:776
[  376069ms] [LOG] [Fast Refresh] done in 235ms @ http://localhost:3001/_next/static/chunks/node_modules_next_dist_1e8vcs8._.js:776
[  376327ms] [LOG] [Fast Refresh] done in 235ms @ http://localhost:3001/_next/static/chunks/node_modules_next_dist_1e8vcs8._.js:776
[  376511ms] [LOG] [Fast Refresh] done in 235ms @ http://localhost:3001/_next/static/chunks/node_modules_next_dist_1e8vcs8._.js:776
[  376575ms] [LOG] [Fast Refresh] done in 235ms @ http://localhost:3001/_next/static/chunks/node_modules_next_dist_1e8vcs8._.js:776
[  376638ms] [LOG] [Fast Refresh] done in 235ms @ http://localhost:3001/_next/static/chunks/node_modules_next_dist_1e8vcs8._.js:776
[  376743ms] [LOG] [Fast Refresh] done in 235ms @ http://localhost:3001/_next/static/chunks/node_modules_next_dist_1e8vcs8._.js:776
[  376796ms] [LOG] [Fast Refresh] done in 235ms @ http://localhost:3001/_next/static/chunks/node_modules_next_dist_1e8vcs8._.js:776
[  376859ms] [LOG] [Fast Refresh] done in 235ms @ http://localhost:3001/_next/static/chunks/node_modules_next_dist_1e8vcs8._.js:776
[  376921ms] [LOG] [Fast Refresh] done in 235ms @ http://localhost:3001/_next/static/chunks/node_modules_next_dist_1e8vcs8._.js:776
[  376983ms] [LOG] [Fast Refresh] done in 235ms @ http://localhost:3001/_next/static/chunks/node_modules_next_dist_1e8vcs8._.js:776
[  377046ms] [LOG] [Fast Refresh] done in 235ms @ http://localhost:3001/_next/static/chunks/node_modules_next_dist_1e8vcs8._.js:776
[  377113ms] [LOG] [Fast Refresh] done in 235ms @ http://localhost:3001/_next/static/chunks/node_modules_next_dist_1e8vcs8._.js:776
[  377172ms] [LOG] [Fast Refresh] done in 235ms @ http://localhost:3001/_next/static/chunks/node_modules_next_dist_1e8vcs8._.js:776
[  377233ms] [LOG] [Fast Refresh] done in 235ms @ http://localhost:3001/_next/static/chunks/node_modules_next_dist_1e8vcs8._.js:776
[  377295ms] [LOG] [Fast Refresh] done in 235ms @ http://localhost:3001/_next/static/chunks/node_modules_next_dist_1e8vcs8._.js:776
[  377359ms] [LOG] [Fast Refresh] done in 235ms @ http://localhost:3001/_next/static/chunks/node_modules_next_dist_1e8vcs8._.js:776
[  377419ms] [LOG] [Fast Refresh] done in 235ms @ http://localhost:3001/_next/static/chunks/node_modules_next_dist_1e8vcs8._.js:776
[  377483ms] [LOG] [Fast Refresh] done in 235ms @ http://localhost:3001/_next/static/chunks/node_modules_next_dist_1e8vcs8._.js:776
[  377545ms] [LOG] [Fast Refresh] done in 235ms @ http://localhost:3001/_next/static/chunks/node_modules_next_dist_1e8vcs8._.js:776
[  377609ms] [LOG] [Fast Refresh] done in 235ms @ http://localhost:3001/_next/static/chunks/node_modules_next_dist_1e8vcs8._.js:776
[  377674ms] [LOG] [Fast Refresh] done in 235ms @ http://localhost:3001/_next/static/chunks/node_modules_next_dist_1e8vcs8._.js:776
[  377738ms] [LOG] [Fast Refresh] done in 235ms @ http://localhost:3001/_next/static/chunks/node_modules_next_dist_1e8vcs8._.js:776
[  377801ms] [LOG] [Fast Refresh] done in 235ms @ http://localhost:3001/_next/static/chunks/node_modules_next_dist_1e8vcs8._.js:776
[  377872ms] [LOG] [Fast Refresh] done in 235ms @ http://localhost:3001/_next/static/chunks/node_modules_next_dist_1e8vcs8._.js:776
[  377942ms] [LOG] [Fast Refresh] done in 235ms @ http://localhost:3001/_next/static/chunks/node_modules_next_dist_1e8vcs8._.js:776
[  378004ms] [LOG] [Fast Refresh] done in 235ms @ http://localhost:3001/_next/static/chunks/node_modules_next_dist_1e8vcs8._.js:776
[  378070ms] [LOG] [Fast Refresh] done in 235ms @ http://localhost:3001/_next/static/chunks/node_modules_next_dist_1e8vcs8._.js:776
[  378127ms] [LOG] [Fast Refresh] done in 235ms @ http://localhost:3001/_next/static/chunks/node_modules_next_dist_1e8vcs8._.js:776
[  378188ms] [LOG] [Fast Refresh] done in 235ms @ http://localhost:3001/_next/static/chunks/node_modules_next_dist_1e8vcs8._.js:776
[  378251ms] [LOG] [Fast Refresh] done in 235ms @ http://localhost:3001/_next/static/chunks/node_modules_next_dist_1e8vcs8._.js:776
[  378314ms] [LOG] [Fast Refresh] done in 235ms @ http://localhost:3001/_next/static/chunks/node_modules_next_dist_1e8vcs8._.js:776
[  378375ms] [LOG] [Fast Refresh] done in 235ms @ http://localhost:3001/_next/static/chunks/node_modules_next_dist_1e8vcs8._.js:776
[  378438ms] [LOG] [Fast Refresh] done in 235ms @ http://localhost:3001/_next/static/chunks/node_modules_next_dist_1e8vcs8._.js:776
[  378502ms] [LOG] [Fast Refresh] done in 235ms @ http://localhost:3001/_next/static/chunks/node_modules_next_dist_1e8vcs8._.js:776
[  378562ms] [LOG] [Fast Refresh] done in 235ms @ http://localhost:3001/_next/static/chunks/node_modules_next_dist_1e8vcs8._.js:776
[  378623ms] [LOG] [Fast Refresh] done in 235ms @ http://localhost:3001/_next/static/chunks/node_modules_next_dist_1e8vcs8._.js:776
[  378706ms] [LOG] [Fast Refresh] done in 235ms @ http://localhost:3001/_next/static/chunks/node_modules_next_dist_1e8vcs8._.js:776
[  378767ms] [LOG] [Fast Refresh] done in 235ms @ http://localhost:3001/_next/static/chunks/node_modules_next_dist_1e8vcs8._.js:776
[  378827ms] [LOG] [Fast Refresh] done in 235ms @ http://localhost:3001/_next/static/chunks/node_modules_next_dist_1e8vcs8._.js:776
[  378890ms] [LOG] [Fast Refresh] done in 235ms @ http://localhost:3001/_next/static/chunks/node_modules_next_dist_1e8vcs8._.js:776
[  378952ms] [LOG] [Fast Refresh] done in 235ms @ http://localhost:3001/_next/static/chunks/node_modules_next_dist_1e8vcs8._.js:776
[  379014ms] [LOG] [Fast Refresh] done in 235ms @ http://localhost:3001/_next/static/chunks/node_modules_next_dist_1e8vcs8._.js:776
[  379076ms] [LOG] [Fast Refresh] done in 235ms @ http://localhost:3001/_next/static/chunks/node_modules_next_dist_1e8vcs8._.js:776
[  379137ms] [LOG] [Fast Refresh] done in 235ms @ http://localhost:3001/_next/static/chunks/node_modules_next_dist_1e8vcs8._.js:776
[  379201ms] [LOG] [Fast Refresh] done in 235ms @ http://localhost:3001/_next/static/chunks/node_modules_next_dist_1e8vcs8._.js:776
[  379262ms] [LOG] [Fast Refresh] done in 235ms @ http://localhost:3001/_next/static/chunks/node_modules_next_dist_1e8vcs8._.js:776
[  379323ms] [LOG] [Fast Refresh] done in 235ms @ http://localhost:3001/_next/static/chunks/node_modules_next_dist_1e8vcs8._.js:776
[  379387ms] [LOG] [Fast Refresh] done in 235ms @ http://localhost:3001/_next/static/chunks/node_modules_next_dist_1e8vcs8._.js:776
[  379451ms] [LOG] [Fast Refresh] done in 235ms @ http://localhost:3001/_next/static/chunks/node_modules_next_dist_1e8vcs8._.js:776
[  379512ms] [LOG] [Fast Refresh] done in 235ms @ http://localhost:3001/_next/static/chunks/node_modules_next_dist_1e8vcs8._.js:776
[  379576ms] [LOG] [Fast Refresh] done in 235ms @ http://localhost:3001/_next/static/chunks/node_modules_next_dist_1e8vcs8._.js:776
[  379643ms] [LOG] [Fast Refresh] done in 235ms @ http://localhost:3001/_next/static/chunks/node_modules_next_dist_1e8vcs8._.js:776
[  379705ms] [LOG] [Fast Refresh] done in 235ms @ http://localhost:3001/_next/static/chunks/node_modules_next_dist_1e8vcs8._.js:776
[  379767ms] [LOG] [Fast Refresh] done in 235ms @ http://localhost:3001/_next/static/chunks/node_modules_next_dist_1e8vcs8._.js:776
[  379831ms] [LOG] [Fast Refresh] done in 235ms @ http://localhost:3001/_next/static/chunks/node_modules_next_dist_1e8vcs8._.js:776
[  379894ms] [LOG] [Fast Refresh] done in 235ms @ http://localhost:3001/_next/static/chunks/node_modules_next_dist_1e8vcs8._.js:776
[  379956ms] [LOG] [Fast Refresh] done in 235ms @ http://localhost:3001/_next/static/chunks/node_modules_next_dist_1e8vcs8._.js:776
[  380020ms] [LOG] [Fast Refresh] done in 235ms @ http://localhost:3001/_next/static/chunks/node_modules_next_dist_1e8vcs8._.js:776
[  380082ms] [LOG] [Fast Refresh] done in 235ms @ http://localhost:3001/_next/static/chunks/node_modules_next_dist_1e8vcs8._.js:776
[  380145ms] [LOG] [Fast Refresh] done in 235ms @ http://localhost:3001/_next/static/chunks/node_modules_next_dist_1e8vcs8._.js:776
[  380206ms] [LOG] [Fast Refresh] done in 235ms @ http://localhost:3001/_next/static/chunks/node_modules_next_dist_1e8vcs8._.js:776
[  380268ms] [LOG] [Fast Refresh] done in 235ms @ http://localhost:3001/_next/static/chunks/node_modules_next_dist_1e8vcs8._.js:776
[  380330ms] [LOG] [Fast Refresh] done in 235ms @ http://localhost:3001/_next/static/chunks/node_modules_next_dist_1e8vcs8._.js:776
[  380395ms] [LOG] [Fast Refresh] done in 235ms @ http://localhost:3001/_next/static/chunks/node_modules_next_dist_1e8vcs8._.js:776
[  380459ms] [LOG] [Fast Refresh] done in 235ms @ http://localhost:3001/_next/static/chunks/node_modules_next_dist_1e8vcs8._.js:776
[  380520ms] [LOG] [Fast Refresh] done in 235ms @ http://localhost:3001/_next/static/chunks/node_modules_next_dist_1e8vcs8._.js:776
[  380583ms] [LOG] [Fast Refresh] done in 235ms @ http://localhost:3001/_next/static/chunks/node_modules_next_dist_1e8vcs8._.js:776
[  380644ms] [LOG] [Fast Refresh] done in 235ms @ http://localhost:3001/_next/static/chunks/node_modules_next_dist_1e8vcs8._.js:776
[  380710ms] [LOG] [Fast Refresh] done in 235ms @ http://localhost:3001/_next/static/chunks/node_modules_next_dist_1e8vcs8._.js:776
[  380776ms] [LOG] [Fast Refresh] done in 235ms @ http://localhost:3001/_next/static/chunks/node_modules_next_dist_1e8vcs8._.js:776
[  380836ms] [LOG] [Fast Refresh] done in 235ms @ http://localhost:3001/_next/static/chunks/node_modules_next_dist_1e8vcs8._.js:776
[  380898ms] [LOG] [Fast Refresh] done in 235ms @ http://localhost:3001/_next/static/chunks/node_modules_next_dist_1e8vcs8._.js:776
[  380961ms] [LOG] [Fast Refresh] done in 235ms @ http://localhost:3001/_next/static/chunks/node_modules_next_dist_1e8vcs8._.js:776
[  381020ms] [LOG] [Fast Refresh] done in 235ms @ http://localhost:3001/_next/static/chunks/node_modules_next_dist_1e8vcs8._.js:776
[  381083ms] [LOG] [Fast Refresh] done in 235ms @ http://localhost:3001/_next/static/chunks/node_modules_next_dist_1e8vcs8._.js:776
[  381145ms] [LOG] [Fast Refresh] done in 235ms @ http://localhost:3001/_next/static/chunks/node_modules_next_dist_1e8vcs8._.js:776
[  381209ms] [LOG] [Fast Refresh] done in 235ms @ http://localhost:3001/_next/static/chunks/node_modules_next_dist_1e8vcs8._.js:776
[  381273ms] [LOG] [Fast Refresh] done in 235ms @ http://localhost:3001/_next/static/chunks/node_modules_next_dist_1e8vcs8._.js:776
[  381335ms] [LOG] [Fast Refresh] done in 235ms @ http://localhost:3001/_next/static/chunks/node_modules_next_dist_1e8vcs8._.js:776
[  381398ms] [LOG] [Fast Refresh] done in 235ms @ http://localhost:3001/_next/static/chunks/node_modules_next_dist_1e8vcs8._.js:776
[  381461ms] [LOG] [Fast Refresh] done in 235ms @ http://localhost:3001/_next/static/chunks/node_modules_next_dist_1e8vcs8._.js:776
[  381523ms] [LOG] [Fast Refresh] done in 235ms @ http://localhost:3001/_next/static/chunks/node_modules_next_dist_1e8vcs8._.js:776
[  381585ms] [LOG] [Fast Refresh] done in 235ms @ http://localhost:3001/_next/static/chunks/node_modules_next_dist_1e8vcs8._.js:776
[  381649ms] [LOG] [Fast Refresh] done in 235ms @ http://localhost:3001/_next/static/chunks/node_modules_next_dist_1e8vcs8._.js:776
[  381712ms] [LOG] [Fast Refresh] done in 235ms @ http://localhost:3001/_next/static/chunks/node_modules_next_dist_1e8vcs8._.js:776
[  381775ms] [LOG] [Fast Refresh] done in 235ms @ http://localhost:3001/_next/static/chunks/node_modules_next_dist_1e8vcs8._.js:776
[  381837ms] [LOG] [Fast Refresh] done in 235ms @ http://localhost:3001/_next/static/chunks/node_modules_next_dist_1e8vcs8._.js:776
[  381902ms] [LOG] [Fast Refresh] done in 235ms @ http://localhost:3001/_next/static/chunks/node_modules_next_dist_1e8vcs8._.js:776
[  381961ms] [LOG] [Fast Refresh] done in 235ms @ http://localhost:3001/_next/static/chunks/node_modules_next_dist_1e8vcs8._.js:776
[  382022ms] [LOG] [Fast Refresh] done in 235ms @ http://localhost:3001/_next/static/chunks/node_modules_next_dist_1e8vcs8._.js:776
[  382085ms] [LOG] [Fast Refresh] done in 235ms @ http://localhost:3001/_next/static/chunks/node_modules_next_dist_1e8vcs8._.js:776
[  382146ms] [LOG] [Fast Refresh] done in 235ms @ http://localhost:3001/_next/static/chunks/node_modules_next_dist_1e8vcs8._.js:776
[  382211ms] [LOG] [Fast Refresh] done in 235ms @ http://localhost:3001/_next/static/chunks/node_modules_next_dist_1e8vcs8._.js:776
[  382279ms] [LOG] [Fast Refresh] done in 235ms @ http://localhost:3001/_next/static/chunks/node_modules_next_dist_1e8vcs8._.js:776
[  382353ms] [LOG] [Fast Refresh] done in 235ms @ http://localhost:3001/_next/static/chunks/node_modules_next_dist_1e8vcs8._.js:776
[  382414ms] [LOG] [Fast Refresh] done in 235ms @ http://localhost:3001/_next/static/chunks/node_modules_next_dist_1e8vcs8._.js:776
[  382477ms] [LOG] [Fast Refresh] done in 235ms @ http://localhost:3001/_next/static/chunks/node_modules_next_dist_1e8vcs8._.js:776
[  382538ms] [LOG] [Fast Refresh] done in 235ms @ http://localhost:3001/_next/static/chunks/node_modules_next_dist_1e8vcs8._.js:776
[  382599ms] [LOG] [Fast Refresh] done in 235ms @ http://localhost:3001/_next/static/chunks/node_modules_next_dist_1e8vcs8._.js:776
[  382661ms] [LOG] [Fast Refresh] done in 235ms @ http://localhost:3001/_next/static/chunks/node_modules_next_dist_1e8vcs8._.js:776
[  382722ms] [LOG] [Fast Refresh] done in 235ms @ http://localhost:3001/_next/static/chunks/node_modules_next_dist_1e8vcs8._.js:776
[  382784ms] [LOG] [Fast Refresh] done in 235ms @ http://localhost:3001/_next/static/chunks/node_modules_next_dist_1e8vcs8._.js:776
[  382849ms] [LOG] [Fast Refresh] done in 235ms @ http://localhost:3001/_next/static/chunks/node_modules_next_dist_1e8vcs8._.js:776
[  382909ms] [LOG] [Fast Refresh] done in 235ms @ http://localhost:3001/_next/static/chunks/node_modules_next_dist_1e8vcs8._.js:776
[  382970ms] [LOG] [Fast Refresh] done in 235ms @ http://localhost:3001/_next/static/chunks/node_modules_next_dist_1e8vcs8._.js:776
[  383034ms] [LOG] [Fast Refresh] done in 235ms @ http://localhost:3001/_next/static/chunks/node_modules_next_dist_1e8vcs8._.js:776
[  383094ms] [LOG] [Fast Refresh] done in 235ms @ http://localhost:3001/_next/static/chunks/node_modules_next_dist_1e8vcs8._.js:776
[  383157ms] [LOG] [Fast Refresh] done in 235ms @ http://localhost:3001/_next/static/chunks/node_modules_next_dist_1e8vcs8._.js:776
[  383220ms] [LOG] [Fast Refresh] done in 235ms @ http://localhost:3001/_next/static/chunks/node_modules_next_dist_1e8vcs8._.js:776
[  383288ms] [LOG] [Fast Refresh] done in 235ms @ http://localhost:3001/_next/static/chunks/node_modules_next_dist_1e8vcs8._.js:776
[  383361ms] [LOG] [Fast Refresh] done in 235ms @ http://localhost:3001/_next/static/chunks/node_modules_next_dist_1e8vcs8._.js:776
[  383423ms] [LOG] [Fast Refresh] done in 235ms @ http://localhost:3001/_next/static/chunks/node_modules_next_dist_1e8vcs8._.js:776
[  383486ms] [LOG] [Fast Refresh] done in 235ms @ http://localhost:3001/_next/static/chunks/node_modules_next_dist_1e8vcs8._.js:776
[  383548ms] [LOG] [Fast Refresh] done in 235ms @ http://localhost:3001/_next/static/chunks/node_modules_next_dist_1e8vcs8._.js:776
[  383613ms] [LOG] [Fast Refresh] done in 235ms @ http://localhost:3001/_next/static/chunks/node_modules_next_dist_1e8vcs8._.js:776
[  383674ms] [LOG] [Fast Refresh] done in 235ms @ http://localhost:3001/_next/static/chunks/node_modules_next_dist_1e8vcs8._.js:776
[  383738ms] [LOG] [Fast Refresh] done in 235ms @ http://localhost:3001/_next/static/chunks/node_modules_next_dist_1e8vcs8._.js:776
[  383803ms] [LOG] [Fast Refresh] done in 235ms @ http://localhost:3001/_next/static/chunks/node_modules_next_dist_1e8vcs8._.js:776
[  383865ms] [LOG] [Fast Refresh] done in 235ms @ http://localhost:3001/_next/static/chunks/node_modules_next_dist_1e8vcs8._.js:776
[  383929ms] [LOG] [Fast Refresh] done in 235ms @ http://localhost:3001/_next/static/chunks/node_modules_next_dist_1e8vcs8._.js:776
[  383993ms] [LOG] [Fast Refresh] done in 235ms @ http://localhost:3001/_next/static/chunks/node_modules_next_dist_1e8vcs8._.js:776
[  384058ms] [LOG] [Fast Refresh] done in 235ms @ http://localhost:3001/_next/static/chunks/node_modules_next_dist_1e8vcs8._.js:776
[  384127ms] [LOG] [Fast Refresh] done in 235ms @ http://localhost:3001/_next/static/chunks/node_modules_next_dist_1e8vcs8._.js:776
[  384181ms] [LOG] [Fast Refresh] done in 235ms @ http://localhost:3001/_next/static/chunks/node_modules_next_dist_1e8vcs8._.js:776
[  384244ms] [LOG] [Fast Refresh] done in 235ms @ http://localhost:3001/_next/static/chunks/node_modules_next_dist_1e8vcs8._.js:776
[  384314ms] [LOG] [Fast Refresh] done in 235ms @ http://localhost:3001/_next/static/chunks/node_modules_next_dist_1e8vcs8._.js:776
[  384376ms] [LOG] [Fast Refresh] done in 235ms @ http://localhost:3001/_next/static/chunks/node_modules_next_dist_1e8vcs8._.js:776
[  384447ms] [LOG] [Fast Refresh] done in 235ms @ http://localhost:3001/_next/static/chunks/node_modules_next_dist_1e8vcs8._.js:776
[  384508ms] [LOG] [Fast Refresh] done in 235ms @ http://localhost:3001/_next/static/chunks/node_modules_next_dist_1e8vcs8._.js:776
[  384571ms] [LOG] [Fast Refresh] done in 235ms @ http://localhost:3001/_next/static/chunks/node_modules_next_dist_1e8vcs8._.js:776
[  384636ms] [LOG] [Fast Refresh] done in 235ms @ http://localhost:3001/_next/static/chunks/node_modules_next_dist_1e8vcs8._.js:776
[  384699ms] [LOG] [Fast Refresh] done in 235ms @ http://localhost:3001/_next/static/chunks/node_modules_next_dist_1e8vcs8._.js:776
[  384762ms] [LOG] [Fast Refresh] done in 235ms @ http://localhost:3001/_next/static/chunks/node_modules_next_dist_1e8vcs8._.js:776
[  384827ms] [LOG] [Fast Refresh] done in 235ms @ http://localhost:3001/_next/static/chunks/node_modules_next_dist_1e8vcs8._.js:776
[  384889ms] [LOG] [Fast Refresh] done in 235ms @ http://localhost:3001/_next/static/chunks/node_modules_next_dist_1e8vcs8._.js:776
[  384956ms] [LOG] [Fast Refresh] done in 235ms @ http://localhost:3001/_next/static/chunks/node_modules_next_dist_1e8vcs8._.js:776
[  385015ms] [LOG] [Fast Refresh] done in 235ms @ http://localhost:3001/_next/static/chunks/node_modules_next_dist_1e8vcs8._.js:776
[  385086ms] [LOG] [Fast Refresh] done in 235ms @ http://localhost:3001/_next/static/chunks/node_modules_next_dist_1e8vcs8._.js:776
[  385154ms] [LOG] [Fast Refresh] done in 235ms @ http://localhost:3001/_next/static/chunks/node_modules_next_dist_1e8vcs8._.js:776
[  385230ms] [LOG] [Fast Refresh] done in 235ms @ http://localhost:3001/_next/static/chunks/node_modules_next_dist_1e8vcs8._.js:776
[  385295ms] [LOG] [Fast Refresh] done in 235ms @ http://localhost:3001/_next/static/chunks/node_modules_next_dist_1e8vcs8._.js:776
[  385360ms] [LOG] [Fast Refresh] done in 235ms @ http://localhost:3001/_next/static/chunks/node_modules_next_dist_1e8vcs8._.js:776
[  385420ms] [LOG] [Fast Refresh] done in 235ms @ http://localhost:3001/_next/static/chunks/node_modules_next_dist_1e8vcs8._.js:776
[  385483ms] [LOG] [Fast Refresh] done in 235ms @ http://localhost:3001/_next/static/chunks/node_modules_next_dist_1e8vcs8._.js:776
[  385545ms] [LOG] [Fast Refresh] done in 235ms @ http://localhost:3001/_next/static/chunks/node_modules_next_dist_1e8vcs8._.js:776
[  385609ms] [LOG] [Fast Refresh] done in 235ms @ http://localhost:3001/_next/static/chunks/node_modules_next_dist_1e8vcs8._.js:776
[  385669ms] [LOG] [Fast Refresh] done in 235ms @ http://localhost:3001/_next/static/chunks/node_modules_next_dist_1e8vcs8._.js:776
[  385732ms] [LOG] [Fast Refresh] done in 235ms @ http://localhost:3001/_next/static/chunks/node_modules_next_dist_1e8vcs8._.js:776
[  385794ms] [LOG] [Fast Refresh] done in 235ms @ http://localhost:3001/_next/static/chunks/node_modules_next_dist_1e8vcs8._.js:776
[  385855ms] [LOG] [Fast Refresh] done in 235ms @ http://localhost:3001/_next/static/chunks/node_modules_next_dist_1e8vcs8._.js:776
[  385918ms] [LOG] [Fast Refresh] done in 235ms @ http://localhost:3001/_next/static/chunks/node_modules_next_dist_1e8vcs8._.js:776
[  385980ms] [LOG] [Fast Refresh] done in 235ms @ http://localhost:3001/_next/static/chunks/node_modules_next_dist_1e8vcs8._.js:776
[  386043ms] [LOG] [Fast Refresh] done in 235ms @ http://localhost:3001/_next/static/chunks/node_modules_next_dist_1e8vcs8._.js:776
[  386104ms] [LOG] [Fast Refresh] done in 235ms @ http://localhost:3001/_next/static/chunks/node_modules_next_dist_1e8vcs8._.js:776
[  386168ms] [LOG] [Fast Refresh] done in 235ms @ http://localhost:3001/_next/static/chunks/node_modules_next_dist_1e8vcs8._.js:776
[  386230ms] [LOG] [Fast Refresh] done in 235ms @ http://localhost:3001/_next/static/chunks/node_modules_next_dist_1e8vcs8._.js:776
[  386294ms] [LOG] [Fast Refresh] done in 235ms @ http://localhost:3001/_next/static/chunks/node_modules_next_dist_1e8vcs8._.js:776
[  386354ms] [LOG] [Fast Refresh] done in 235ms @ http://localhost:3001/_next/static/chunks/node_modules_next_dist_1e8vcs8._.js:776
[  386417ms] [LOG] [Fast Refresh] done in 235ms @ http://localhost:3001/_next/static/chunks/node_modules_next_dist_1e8vcs8._.js:776
[  386480ms] [LOG] [Fast Refresh] done in 235ms @ http://localhost:3001/_next/static/chunks/node_modules_next_dist_1e8vcs8._.js:776
[  386543ms] [LOG] [Fast Refresh] done in 235ms @ http://localhost:3001/_next/static/chunks/node_modules_next_dist_1e8vcs8._.js:776
[  386606ms] [LOG] [Fast Refresh] done in 235ms @ http://localhost:3001/_next/static/chunks/node_modules_next_dist_1e8vcs8._.js:776
[  386670ms] [LOG] [Fast Refresh] done in 235ms @ http://localhost:3001/_next/static/chunks/node_modules_next_dist_1e8vcs8._.js:776
[  386732ms] [LOG] [Fast Refresh] done in 235ms @ http://localhost:3001/_next/static/chunks/node_modules_next_dist_1e8vcs8._.js:776
[  386795ms] [LOG] [Fast Refresh] done in 235ms @ http://localhost:3001/_next/static/chunks/node_modules_next_dist_1e8vcs8._.js:776
[  386853ms] [LOG] [Fast Refresh] done in 235ms @ http://localhost:3001/_next/static/chunks/node_modules_next_dist_1e8vcs8._.js:776
[  386915ms] [LOG] [Fast Refresh] done in 235ms @ http://localhost:3001/_next/static/chunks/node_modules_next_dist_1e8vcs8._.js:776
[  386978ms] [LOG] [Fast Refresh] done in 235ms @ http://localhost:3001/_next/static/chunks/node_modules_next_dist_1e8vcs8._.js:776
[  387041ms] [LOG] [Fast Refresh] done in 235ms @ http://localhost:3001/_next/static/chunks/node_modules_next_dist_1e8vcs8._.js:776
[  387104ms] [LOG] [Fast Refresh] done in 235ms @ http://localhost:3001/_next/static/chunks/node_modules_next_dist_1e8vcs8._.js:776
[  387163ms] [LOG] [Fast Refresh] done in 235ms @ http://localhost:3001/_next/static/chunks/node_modules_next_dist_1e8vcs8._.js:776
[  387228ms] [LOG] [Fast Refresh] done in 235ms @ http://localhost:3001/_next/static/chunks/node_modules_next_dist_1e8vcs8._.js:776
[  387290ms] [LOG] [Fast Refresh] done in 235ms @ http://localhost:3001/_next/static/chunks/node_modules_next_dist_1e8vcs8._.js:776
[  387352ms] [LOG] [Fast Refresh] done in 235ms @ http://localhost:3001/_next/static/chunks/node_modules_next_dist_1e8vcs8._.js:776
[  387415ms] [LOG] [Fast Refresh] done in 235ms @ http://localhost:3001/_next/static/chunks/node_modules_next_dist_1e8vcs8._.js:776
[  387478ms] [LOG] [Fast Refresh] done in 235ms @ http://localhost:3001/_next/static/chunks/node_modules_next_dist_1e8vcs8._.js:776
[  387538ms] [LOG] [Fast Refresh] done in 235ms @ http://localhost:3001/_next/static/chunks/node_modules_next_dist_1e8vcs8._.js:776
[  387602ms] [LOG] [Fast Refresh] done in 235ms @ http://localhost:3001/_next/static/chunks/node_modules_next_dist_1e8vcs8._.js:776
[  387664ms] [LOG] [Fast Refresh] done in 235ms @ http://localhost:3001/_next/static/chunks/node_modules_next_dist_1e8vcs8._.js:776
[  387729ms] [LOG] [Fast Refresh] done in 235ms @ http://localhost:3001/_next/static/chunks/node_modules_next_dist_1e8vcs8._.js:776
[  387790ms] [LOG] [Fast Refresh] done in 235ms @ http://localhost:3001/_next/static/chunks/node_modules_next_dist_1e8vcs8._.js:776
[  387853ms] [LOG] [Fast Refresh] done in 235ms @ http://localhost:3001/_next/static/chunks/node_modules_next_dist_1e8vcs8._.js:776
[  387917ms] [LOG] [Fast Refresh] done in 235ms @ http://localhost:3001/_next/static/chunks/node_modules_next_dist_1e8vcs8._.js:776
[  387979ms] [LOG] [Fast Refresh] done in 235ms @ http://localhost:3001/_next/static/chunks/node_modules_next_dist_1e8vcs8._.js:776
[  388043ms] [LOG] [Fast Refresh] done in 235ms @ http://localhost:3001/_next/static/chunks/node_modules_next_dist_1e8vcs8._.js:776
[  388105ms] [LOG] [Fast Refresh] done in 235ms @ http://localhost:3001/_next/static/chunks/node_modules_next_dist_1e8vcs8._.js:776
[  388168ms] [LOG] [Fast Refresh] done in 235ms @ http://localhost:3001/_next/static/chunks/node_modules_next_dist_1e8vcs8._.js:776
[  388229ms] [LOG] [Fast Refresh] done in 235ms @ http://localhost:3001/_next/static/chunks/node_modules_next_dist_1e8vcs8._.js:776
[  388294ms] [LOG] [Fast Refresh] done in 235ms @ http://localhost:3001/_next/static/chunks/node_modules_next_dist_1e8vcs8._.js:776
[  388356ms] [LOG] [Fast Refresh] done in 235ms @ http://localhost:3001/_next/static/chunks/node_modules_next_dist_1e8vcs8._.js:776
[  388420ms] [LOG] [Fast Refresh] done in 235ms @ http://localhost:3001/_next/static/chunks/node_modules_next_dist_1e8vcs8._.js:776
[  388480ms] [LOG] [Fast Refresh] done in 235ms @ http://localhost:3001/_next/static/chunks/node_modules_next_dist_1e8vcs8._.js:776
[  388545ms] [LOG] [Fast Refresh] done in 235ms @ http://localhost:3001/_next/static/chunks/node_modules_next_dist_1e8vcs8._.js:776
[  388659ms] [LOG] [Fast Refresh] done in 235ms @ http://localhost:3001/_next/static/chunks/node_modules_next_dist_1e8vcs8._.js:776
[  388763ms] [LOG] [Fast Refresh] done in 235ms @ http://localhost:3001/_next/static/chunks/node_modules_next_dist_1e8vcs8._.js:776
[  388825ms] [LOG] [Fast Refresh] done in 235ms @ http://localhost:3001/_next/static/chunks/node_modules_next_dist_1e8vcs8._.js:776
[  388886ms] [LOG] [Fast Refresh] done in 235ms @ http://localhost:3001/_next/static/chunks/node_modules_next_dist_1e8vcs8._.js:776
[  388949ms] [LOG] [Fast Refresh] done in 235ms @ http://localhost:3001/_next/static/chunks/node_modules_next_dist_1e8vcs8._.js:776
[  389011ms] [LOG] [Fast Refresh] done in 235ms @ http://localhost:3001/_next/static/chunks/node_modules_next_dist_1e8vcs8._.js:776
[  389073ms] [LOG] [Fast Refresh] done in 235ms @ http://localhost:3001/_next/static/chunks/node_modules_next_dist_1e8vcs8._.js:776
[  389137ms] [LOG] [Fast Refresh] done in 235ms @ http://localhost:3001/_next/static/chunks/node_modules_next_dist_1e8vcs8._.js:776
[  389198ms] [LOG] [Fast Refresh] done in 235ms @ http://localhost:3001/_next/static/chunks/node_modules_next_dist_1e8vcs8._.js:776
[  389259ms] [LOG] [Fast Refresh] done in 235ms @ http://localhost:3001/_next/static/chunks/node_modules_next_dist_1e8vcs8._.js:776
[  389322ms] [LOG] [Fast Refresh] done in 235ms @ http://localhost:3001/_next/static/chunks/node_modules_next_dist_1e8vcs8._.js:776
[  389385ms] [LOG] [Fast Refresh] done in 235ms @ http://localhost:3001/_next/static/chunks/node_modules_next_dist_1e8vcs8._.js:776
[  389450ms] [LOG] [Fast Refresh] done in 235ms @ http://localhost:3001/_next/static/chunks/node_modules_next_dist_1e8vcs8._.js:776
[  389513ms] [LOG] [Fast Refresh] done in 235ms @ http://localhost:3001/_next/static/chunks/node_modules_next_dist_1e8vcs8._.js:776
[  389574ms] [LOG] [Fast Refresh] done in 235ms @ http://localhost:3001/_next/static/chunks/node_modules_next_dist_1e8vcs8._.js:776
[  389640ms] [LOG] [Fast Refresh] done in 235ms @ http://localhost:3001/_next/static/chunks/node_modules_next_dist_1e8vcs8._.js:776
[  389715ms] [LOG] [Fast Refresh] done in 235ms @ http://localhost:3001/_next/static/chunks/node_modules_next_dist_1e8vcs8._.js:776
[  389803ms] [LOG] [Fast Refresh] done in 235ms @ http://localhost:3001/_next/static/chunks/node_modules_next_dist_1e8vcs8._.js:776
[  389856ms] [LOG] [Fast Refresh] done in 235ms @ http://localhost:3001/_next/static/chunks/node_modules_next_dist_1e8vcs8._.js:776
[  389920ms] [LOG] [Fast Refresh] done in 235ms @ http://localhost:3001/_next/static/chunks/node_modules_next_dist_1e8vcs8._.js:776
[  389979ms] [LOG] [Fast Refresh] done in 235ms @ http://localhost:3001/_next/static/chunks/node_modules_next_dist_1e8vcs8._.js:776
[  390043ms] [LOG] [Fast Refresh] done in 235ms @ http://localhost:3001/_next/static/chunks/node_modules_next_dist_1e8vcs8._.js:776
[  390104ms] [LOG] [Fast Refresh] done in 235ms @ http://localhost:3001/_next/static/chunks/node_modules_next_dist_1e8vcs8._.js:776
[  390169ms] [LOG] [Fast Refresh] done in 235ms @ http://localhost:3001/_next/static/chunks/node_modules_next_dist_1e8vcs8._.js:776
[  390229ms] [LOG] [Fast Refresh] done in 235ms @ http://localhost:3001/_next/static/chunks/node_modules_next_dist_1e8vcs8._.js:776
[  390291ms] [LOG] [Fast Refresh] done in 235ms @ http://localhost:3001/_next/static/chunks/node_modules_next_dist_1e8vcs8._.js:776
[  390355ms] [LOG] [Fast Refresh] done in 235ms @ http://localhost:3001/_next/static/chunks/node_modules_next_dist_1e8vcs8._.js:776
[  390419ms] [LOG] [Fast Refresh] done in 235ms @ http://localhost:3001/_next/static/chunks/node_modules_next_dist_1e8vcs8._.js:776
[  390482ms] [LOG] [Fast Refresh] done in 235ms @ http://localhost:3001/_next/static/chunks/node_modules_next_dist_1e8vcs8._.js:776
[  390545ms] [LOG] [Fast Refresh] done in 235ms @ http://localhost:3001/_next/static/chunks/node_modules_next_dist_1e8vcs8._.js:776
[  390606ms] [LOG] [Fast Refresh] done in 235ms @ http://localhost:3001/_next/static/chunks/node_modules_next_dist_1e8vcs8._.js:776
[  390667ms] [LOG] [Fast Refresh] done in 235ms @ http://localhost:3001/_next/static/chunks/node_modules_next_dist_1e8vcs8._.js:776
[  390730ms] [LOG] [Fast Refresh] done in 235ms @ http://localhost:3001/_next/static/chunks/node_modules_next_dist_1e8vcs8._.js:776
[  390794ms] [LOG] [Fast Refresh] done in 235ms @ http://localhost:3001/_next/static/chunks/node_modules_next_dist_1e8vcs8._.js:776
[  390858ms] [LOG] [Fast Refresh] done in 235ms @ http://localhost:3001/_next/static/chunks/node_modules_next_dist_1e8vcs8._.js:776
[  390949ms] [LOG] [Fast Refresh] done in 235ms @ http://localhost:3001/_next/static/chunks/node_modules_next_dist_1e8vcs8._.js:776
[  391013ms] [LOG] [Fast Refresh] done in 235ms @ http://localhost:3001/_next/static/chunks/node_modules_next_dist_1e8vcs8._.js:776
[  391075ms] [LOG] [Fast Refresh] done in 235ms @ http://localhost:3001/_next/static/chunks/node_modules_next_dist_1e8vcs8._.js:776
[  391137ms] [LOG] [Fast Refresh] done in 235ms @ http://localhost:3001/_next/static/chunks/node_modules_next_dist_1e8vcs8._.js:776
[  391205ms] [LOG] [Fast Refresh] done in 235ms @ http://localhost:3001/_next/static/chunks/node_modules_next_dist_1e8vcs8._.js:776
[  391262ms] [LOG] [Fast Refresh] done in 235ms @ http://localhost:3001/_next/static/chunks/node_modules_next_dist_1e8vcs8._.js:776
[  391321ms] [LOG] [Fast Refresh] done in 235ms @ http://localhost:3001/_next/static/chunks/node_modules_next_dist_1e8vcs8._.js:776
[  391385ms] [LOG] [Fast Refresh] done in 235ms @ http://localhost:3001/_next/static/chunks/node_modules_next_dist_1e8vcs8._.js:776
[  391458ms] [LOG] [Fast Refresh] done in 235ms @ http://localhost:3001/_next/static/chunks/node_modules_next_dist_1e8vcs8._.js:776
[  391525ms] [LOG] [Fast Refresh] done in 235ms @ http://localhost:3001/_next/static/chunks/node_modules_next_dist_1e8vcs8._.js:776
[  391588ms] [LOG] [Fast Refresh] done in 235ms @ http://localhost:3001/_next/static/chunks/node_modules_next_dist_1e8vcs8._.js:776
[  391649ms] [LOG] [Fast Refresh] done in 235ms @ http://localhost:3001/_next/static/chunks/node_modules_next_dist_1e8vcs8._.js:776
[  391712ms] [LOG] [Fast Refresh] done in 235ms @ http://localhost:3001/_next/static/chunks/node_modules_next_dist_1e8vcs8._.js:776
[  391777ms] [LOG] [Fast Refresh] done in 235ms @ http://localhost:3001/_next/static/chunks/node_modules_next_dist_1e8vcs8._.js:776
[  391840ms] [LOG] [Fast Refresh] done in 235ms @ http://localhost:3001/_next/static/chunks/node_modules_next_dist_1e8vcs8._.js:776
[  391903ms] [LOG] [Fast Refresh] done in 235ms @ http://localhost:3001/_next/static/chunks/node_modules_next_dist_1e8vcs8._.js:776
[  391965ms] [LOG] [Fast Refresh] done in 235ms @ http://localhost:3001/_next/static/chunks/node_modules_next_dist_1e8vcs8._.js:776
[  392027ms] [LOG] [Fast Refresh] done in 235ms @ http://localhost:3001/_next/static/chunks/node_modules_next_dist_1e8vcs8._.js:776
[  392090ms] [LOG] [Fast Refresh] done in 235ms @ http://localhost:3001/_next/static/chunks/node_modules_next_dist_1e8vcs8._.js:776
[  392154ms] [LOG] [Fast Refresh] done in 235ms @ http://localhost:3001/_next/static/chunks/node_modules_next_dist_1e8vcs8._.js:776
[  392216ms] [LOG] [Fast Refresh] done in 235ms @ http://localhost:3001/_next/static/chunks/node_modules_next_dist_1e8vcs8._.js:776
[  392278ms] [LOG] [Fast Refresh] done in 235ms @ http://localhost:3001/_next/static/chunks/node_modules_next_dist_1e8vcs8._.js:776
[  392341ms] [LOG] [Fast Refresh] done in 235ms @ http://localhost:3001/_next/static/chunks/node_modules_next_dist_1e8vcs8._.js:776
[  392404ms] [LOG] [Fast Refresh] done in 235ms @ http://localhost:3001/_next/static/chunks/node_modules_next_dist_1e8vcs8._.js:776
[  392466ms] [LOG] [Fast Refresh] done in 235ms @ http://localhost:3001/_next/static/chunks/node_modules_next_dist_1e8vcs8._.js:776
[  392529ms] [LOG] [Fast Refresh] done in 235ms @ http://localhost:3001/_next/static/chunks/node_modules_next_dist_1e8vcs8._.js:776
[  392588ms] [LOG] [Fast Refresh] done in 235ms @ http://localhost:3001/_next/static/chunks/node_modules_next_dist_1e8vcs8._.js:776
[  392650ms] [LOG] [Fast Refresh] done in 235ms @ http://localhost:3001/_next/static/chunks/node_modules_next_dist_1e8vcs8._.js:776
[  392713ms] [LOG] [Fast Refresh] done in 235ms @ http://localhost:3001/_next/static/chunks/node_modules_next_dist_1e8vcs8._.js:776
[  392775ms] [LOG] [Fast Refresh] done in 235ms @ http://localhost:3001/_next/static/chunks/node_modules_next_dist_1e8vcs8._.js:776
[  392870ms] [LOG] [Fast Refresh] done in 235ms @ http://localhost:3001/_next/static/chunks/node_modules_next_dist_1e8vcs8._.js:776
[  392934ms] [LOG] [Fast Refresh] done in 235ms @ http://localhost:3001/_next/static/chunks/node_modules_next_dist_1e8vcs8._.js:776
[  392996ms] [LOG] [Fast Refresh] done in 235ms @ http://localhost:3001/_next/static/chunks/node_modules_next_dist_1e8vcs8._.js:776
[  393058ms] [LOG] [Fast Refresh] done in 235ms @ http://localhost:3001/_next/static/chunks/node_modules_next_dist_1e8vcs8._.js:776
[  393121ms] [LOG] [Fast Refresh] done in 235ms @ http://localhost:3001/_next/static/chunks/node_modules_next_dist_1e8vcs8._.js:776
[  393184ms] [LOG] [Fast Refresh] done in 235ms @ http://localhost:3001/_next/static/chunks/node_modules_next_dist_1e8vcs8._.js:776
[  393246ms] [LOG] [Fast Refresh] done in 235ms @ http://localhost:3001/_next/static/chunks/node_modules_next_dist_1e8vcs8._.js:776
[  393309ms] [LOG] [Fast Refresh] done in 235ms @ http://localhost:3001/_next/static/chunks/node_modules_next_dist_1e8vcs8._.js:776
[  393372ms] [LOG] [Fast Refresh] done in 235ms @ http://localhost:3001/_next/static/chunks/node_modules_next_dist_1e8vcs8._.js:776
[  393435ms] [LOG] [Fast Refresh] done in 235ms @ http://localhost:3001/_next/static/chunks/node_modules_next_dist_1e8vcs8._.js:776
[  393496ms] [LOG] [Fast Refresh] done in 235ms @ http://localhost:3001/_next/static/chunks/node_modules_next_dist_1e8vcs8._.js:776
[  393561ms] [LOG] [Fast Refresh] done in 235ms @ http://localhost:3001/_next/static/chunks/node_modules_next_dist_1e8vcs8._.js:776
[  393622ms] [LOG] [Fast Refresh] done in 235ms @ http://localhost:3001/_next/static/chunks/node_modules_next_dist_1e8vcs8._.js:776
[  393684ms] [LOG] [Fast Refresh] done in 235ms @ http://localhost:3001/_next/static/chunks/node_modules_next_dist_1e8vcs8._.js:776
[  393746ms] [LOG] [Fast Refresh] done in 235ms @ http://localhost:3001/_next/static/chunks/node_modules_next_dist_1e8vcs8._.js:776
[  393807ms] [LOG] [Fast Refresh] done in 235ms @ http://localhost:3001/_next/static/chunks/node_modules_next_dist_1e8vcs8._.js:776
[  393868ms] [LOG] [Fast Refresh] done in 235ms @ http://localhost:3001/_next/static/chunks/node_modules_next_dist_1e8vcs8._.js:776
[  393932ms] [LOG] [Fast Refresh] done in 235ms @ http://localhost:3001/_next/static/chunks/node_modules_next_dist_1e8vcs8._.js:776
[  393995ms] [LOG] [Fast Refresh] done in 235ms @ http://localhost:3001/_next/static/chunks/node_modules_next_dist_1e8vcs8._.js:776
[  394056ms] [LOG] [Fast Refresh] done in 235ms @ http://localhost:3001/_next/static/chunks/node_modules_next_dist_1e8vcs8._.js:776
[  394119ms] [LOG] [Fast Refresh] done in 235ms @ http://localhost:3001/_next/static/chunks/node_modules_next_dist_1e8vcs8._.js:776
[  394182ms] [LOG] [Fast Refresh] done in 235ms @ http://localhost:3001/_next/static/chunks/node_modules_next_dist_1e8vcs8._.js:776
[  394246ms] [LOG] [Fast Refresh] done in 235ms @ http://localhost:3001/_next/static/chunks/node_modules_next_dist_1e8vcs8._.js:776
[  394309ms] [LOG] [Fast Refresh] done in 235ms @ http://localhost:3001/_next/static/chunks/node_modules_next_dist_1e8vcs8._.js:776
[  394371ms] [LOG] [Fast Refresh] done in 235ms @ http://localhost:3001/_next/static/chunks/node_modules_next_dist_1e8vcs8._.js:776
[  394434ms] [LOG] [Fast Refresh] done in 235ms @ http://localhost:3001/_next/static/chunks/node_modules_next_dist_1e8vcs8._.js:776
[  394496ms] [LOG] [Fast Refresh] done in 235ms @ http://localhost:3001/_next/static/chunks/node_modules_next_dist_1e8vcs8._.js:776
[  394559ms] [LOG] [Fast Refresh] done in 235ms @ http://localhost:3001/_next/static/chunks/node_modules_next_dist_1e8vcs8._.js:776
[  394621ms] [LOG] [Fast Refresh] done in 235ms @ http://localhost:3001/_next/static/chunks/node_modules_next_dist_1e8vcs8._.js:776
[  394684ms] [LOG] [Fast Refresh] done in 235ms @ http://localhost:3001/_next/static/chunks/node_modules_next_dist_1e8vcs8._.js:776
[  394746ms] [LOG] [Fast Refresh] done in 235ms @ http://localhost:3001/_next/static/chunks/node_modules_next_dist_1e8vcs8._.js:776
[  394807ms] [LOG] [Fast Refresh] done in 235ms @ http://localhost:3001/_next/static/chunks/node_modules_next_dist_1e8vcs8._.js:776
[  394870ms] [LOG] [Fast Refresh] done in 235ms @ http://localhost:3001/_next/static/chunks/node_modules_next_dist_1e8vcs8._.js:776
[  394936ms] [LOG] [Fast Refresh] done in 235ms @ http://localhost:3001/_next/static/chunks/node_modules_next_dist_1e8vcs8._.js:776
[  394998ms] [LOG] [Fast Refresh] done in 235ms @ http://localhost:3001/_next/static/chunks/node_modules_next_dist_1e8vcs8._.js:776
[  395059ms] [LOG] [Fast Refresh] done in 235ms @ http://localhost:3001/_next/static/chunks/node_modules_next_dist_1e8vcs8._.js:776
[  395122ms] [LOG] [Fast Refresh] done in 235ms @ http://localhost:3001/_next/static/chunks/node_modules_next_dist_1e8vcs8._.js:776
[  395291ms] [LOG] [Fast Refresh] done in 235ms @ http://localhost:3001/_next/static/chunks/node_modules_next_dist_1e8vcs8._.js:776
[  395353ms] [LOG] [Fast Refresh] done in 235ms @ http://localhost:3001/_next/static/chunks/node_modules_next_dist_1e8vcs8._.js:776
[  395414ms] [LOG] [Fast Refresh] done in 235ms @ http://localhost:3001/_next/static/chunks/node_modules_next_dist_1e8vcs8._.js:776
[  395476ms] [LOG] [Fast Refresh] done in 235ms @ http://localhost:3001/_next/static/chunks/node_modules_next_dist_1e8vcs8._.js:776
[  395539ms] [LOG] [Fast Refresh] done in 235ms @ http://localhost:3001/_next/static/chunks/node_modules_next_dist_1e8vcs8._.js:776
[  395602ms] [LOG] [Fast Refresh] done in 235ms @ http://localhost:3001/_next/static/chunks/node_modules_next_dist_1e8vcs8._.js:776
[  395663ms] [LOG] [Fast Refresh] done in 235ms @ http://localhost:3001/_next/static/chunks/node_modules_next_dist_1e8vcs8._.js:776
[  395727ms] [LOG] [Fast Refresh] done in 235ms @ http://localhost:3001/_next/static/chunks/node_modules_next_dist_1e8vcs8._.js:776
[  395789ms] [LOG] [Fast Refresh] done in 235ms @ http://localhost:3001/_next/static/chunks/node_modules_next_dist_1e8vcs8._.js:776
[  395853ms] [LOG] [Fast Refresh] done in 235ms @ http://localhost:3001/_next/static/chunks/node_modules_next_dist_1e8vcs8._.js:776
[  395917ms] [LOG] [Fast Refresh] done in 235ms @ http://localhost:3001/_next/static/chunks/node_modules_next_dist_1e8vcs8._.js:776
[  396012ms] [LOG] [Fast Refresh] done in 235ms @ http://localhost:3001/_next/static/chunks/node_modules_next_dist_1e8vcs8._.js:776
[  396074ms] [LOG] [Fast Refresh] done in 235ms @ http://localhost:3001/_next/static/chunks/node_modules_next_dist_1e8vcs8._.js:776
[  396136ms] [LOG] [Fast Refresh] done in 235ms @ http://localhost:3001/_next/static/chunks/node_modules_next_dist_1e8vcs8._.js:776
[  396196ms] [LOG] [Fast Refresh] done in 235ms @ http://localhost:3001/_next/static/chunks/node_modules_next_dist_1e8vcs8._.js:776
[  396259ms] [LOG] [Fast Refresh] done in 235ms @ http://localhost:3001/_next/static/chunks/node_modules_next_dist_1e8vcs8._.js:776
[  396321ms] [LOG] [Fast Refresh] done in 235ms @ http://localhost:3001/_next/static/chunks/node_modules_next_dist_1e8vcs8._.js:776
[  396381ms] [LOG] [Fast Refresh] done in 235ms @ http://localhost:3001/_next/static/chunks/node_modules_next_dist_1e8vcs8._.js:776
[  396442ms] [LOG] [Fast Refresh] done in 235ms @ http://localhost:3001/_next/static/chunks/node_modules_next_dist_1e8vcs8._.js:776
[  396505ms] [LOG] [Fast Refresh] done in 235ms @ http://localhost:3001/_next/static/chunks/node_modules_next_dist_1e8vcs8._.js:776
[  396566ms] [LOG] [Fast Refresh] done in 235ms @ http://localhost:3001/_next/static/chunks/node_modules_next_dist_1e8vcs8._.js:776
[  396629ms] [LOG] [Fast Refresh] done in 235ms @ http://localhost:3001/_next/static/chunks/node_modules_next_dist_1e8vcs8._.js:776
[  396692ms] [LOG] [Fast Refresh] done in 235ms @ http://localhost:3001/_next/static/chunks/node_modules_next_dist_1e8vcs8._.js:776
[  396755ms] [LOG] [Fast Refresh] done in 235ms @ http://localhost:3001/_next/static/chunks/node_modules_next_dist_1e8vcs8._.js:776
[  396817ms] [LOG] [Fast Refresh] done in 235ms @ http://localhost:3001/_next/static/chunks/node_modules_next_dist_1e8vcs8._.js:776
[  396879ms] [LOG] [Fast Refresh] done in 235ms @ http://localhost:3001/_next/static/chunks/node_modules_next_dist_1e8vcs8._.js:776
[  396942ms] [LOG] [Fast Refresh] done in 235ms @ http://localhost:3001/_next/static/chunks/node_modules_next_dist_1e8vcs8._.js:776
[  397005ms] [LOG] [Fast Refresh] done in 235ms @ http://localhost:3001/_next/static/chunks/node_modules_next_dist_1e8vcs8._.js:776
[  397067ms] [LOG] [Fast Refresh] done in 235ms @ http://localhost:3001/_next/static/chunks/node_modules_next_dist_1e8vcs8._.js:776
[  397129ms] [LOG] [Fast Refresh] done in 235ms @ http://localhost:3001/_next/static/chunks/node_modules_next_dist_1e8vcs8._.js:776
[  397191ms] [LOG] [Fast Refresh] done in 235ms @ http://localhost:3001/_next/static/chunks/node_modules_next_dist_1e8vcs8._.js:776
[  397254ms] [LOG] [Fast Refresh] done in 235ms @ http://localhost:3001/_next/static/chunks/node_modules_next_dist_1e8vcs8._.js:776
[  397316ms] [LOG] [Fast Refresh] done in 235ms @ http://localhost:3001/_next/static/chunks/node_modules_next_dist_1e8vcs8._.js:776
[  397379ms] [LOG] [Fast Refresh] done in 235ms @ http://localhost:3001/_next/static/chunks/node_modules_next_dist_1e8vcs8._.js:776
[  397443ms] [LOG] [Fast Refresh] done in 235ms @ http://localhost:3001/_next/static/chunks/node_modules_next_dist_1e8vcs8._.js:776
[  397506ms] [LOG] [Fast Refresh] done in 235ms @ http://localhost:3001/_next/static/chunks/node_modules_next_dist_1e8vcs8._.js:776
[  397569ms] [LOG] [Fast Refresh] done in 235ms @ http://localhost:3001/_next/static/chunks/node_modules_next_dist_1e8vcs8._.js:776
[  397632ms] [LOG] [Fast Refresh] done in 235ms @ http://localhost:3001/_next/static/chunks/node_modules_next_dist_1e8vcs8._.js:776
[  397695ms] [LOG] [Fast Refresh] done in 235ms @ http://localhost:3001/_next/static/chunks/node_modules_next_dist_1e8vcs8._.js:776
[  397758ms] [LOG] [Fast Refresh] done in 235ms @ http://localhost:3001/_next/static/chunks/node_modules_next_dist_1e8vcs8._.js:776
[  397820ms] [LOG] [Fast Refresh] done in 235ms @ http://localhost:3001/_next/static/chunks/node_modules_next_dist_1e8vcs8._.js:776
[  397883ms] [LOG] [Fast Refresh] done in 235ms @ http://localhost:3001/_next/static/chunks/node_modules_next_dist_1e8vcs8._.js:776
[  397946ms] [LOG] [Fast Refresh] done in 235ms @ http://localhost:3001/_next/static/chunks/node_modules_next_dist_1e8vcs8._.js:776
[  398009ms] [LOG] [Fast Refresh] done in 235ms @ http://localhost:3001/_next/static/chunks/node_modules_next_dist_1e8vcs8._.js:776
[  398072ms] [LOG] [Fast Refresh] done in 235ms @ http://localhost:3001/_next/static/chunks/node_modules_next_dist_1e8vcs8._.js:776
[  398135ms] [LOG] [Fast Refresh] done in 235ms @ http://localhost:3001/_next/static/chunks/node_modules_next_dist_1e8vcs8._.js:776
[  398197ms] [LOG] [Fast Refresh] done in 235ms @ http://localhost:3001/_next/static/chunks/node_modules_next_dist_1e8vcs8._.js:776
[  398260ms] [LOG] [Fast Refresh] done in 235ms @ http://localhost:3001/_next/static/chunks/node_modules_next_dist_1e8vcs8._.js:776
[  398321ms] [LOG] [Fast Refresh] done in 235ms @ http://localhost:3001/_next/static/chunks/node_modules_next_dist_1e8vcs8._.js:776
[  398383ms] [LOG] [Fast Refresh] done in 235ms @ http://localhost:3001/_next/static/chunks/node_modules_next_dist_1e8vcs8._.js:776
[  398447ms] [LOG] [Fast Refresh] done in 235ms @ http://localhost:3001/_next/static/chunks/node_modules_next_dist_1e8vcs8._.js:776
[  398508ms] [LOG] [Fast Refresh] done in 235ms @ http://localhost:3001/_next/static/chunks/node_modules_next_dist_1e8vcs8._.js:776
[  398571ms] [LOG] [Fast Refresh] done in 235ms @ http://localhost:3001/_next/static/chunks/node_modules_next_dist_1e8vcs8._.js:776
[  398634ms] [LOG] [Fast Refresh] done in 235ms @ http://localhost:3001/_next/static/chunks/node_modules_next_dist_1e8vcs8._.js:776
[  398696ms] [LOG] [Fast Refresh] done in 235ms @ http://localhost:3001/_next/static/chunks/node_modules_next_dist_1e8vcs8._.js:776
[  398759ms] [LOG] [Fast Refresh] done in 235ms @ http://localhost:3001/_next/static/chunks/node_modules_next_dist_1e8vcs8._.js:776
[  398821ms] [LOG] [Fast Refresh] done in 235ms @ http://localhost:3001/_next/static/chunks/node_modules_next_dist_1e8vcs8._.js:776
[  398883ms] [LOG] [Fast Refresh] done in 235ms @ http://localhost:3001/_next/static/chunks/node_modules_next_dist_1e8vcs8._.js:776
[  398947ms] [LOG] [Fast Refresh] done in 235ms @ http://localhost:3001/_next/static/chunks/node_modules_next_dist_1e8vcs8._.js:776
[  399011ms] [LOG] [Fast Refresh] done in 235ms @ http://localhost:3001/_next/static/chunks/node_modules_next_dist_1e8vcs8._.js:776
[  399076ms] [LOG] [Fast Refresh] done in 235ms @ http://localhost:3001/_next/static/chunks/node_modules_next_dist_1e8vcs8._.js:776
[  399136ms] [LOG] [Fast Refresh] done in 235ms @ http://localhost:3001/_next/static/chunks/node_modules_next_dist_1e8vcs8._.js:776
[  399198ms] [LOG] [Fast Refresh] done in 235ms @ http://localhost:3001/_next/static/chunks/node_modules_next_dist_1e8vcs8._.js:776
[  399260ms] [LOG] [Fast Refresh] done in 235ms @ http://localhost:3001/_next/static/chunks/node_modules_next_dist_1e8vcs8._.js:776
[  399323ms] [LOG] [Fast Refresh] done in 235ms @ http://localhost:3001/_next/static/chunks/node_modules_next_dist_1e8vcs8._.js:776
[  399386ms] [LOG] [Fast Refresh] done in 235ms @ http://localhost:3001/_next/static/chunks/node_modules_next_dist_1e8vcs8._.js:776
[  399450ms] [LOG] [Fast Refresh] done in 235ms @ http://localhost:3001/_next/static/chunks/node_modules_next_dist_1e8vcs8._.js:776
[  399512ms] [LOG] [Fast Refresh] done in 235ms @ http://localhost:3001/_next/static/chunks/node_modules_next_dist_1e8vcs8._.js:776
[  399575ms] [LOG] [Fast Refresh] done in 235ms @ http://localhost:3001/_next/static/chunks/node_modules_next_dist_1e8vcs8._.js:776
[  399638ms] [LOG] [Fast Refresh] done in 235ms @ http://localhost:3001/_next/static/chunks/node_modules_next_dist_1e8vcs8._.js:776
[  399701ms] [LOG] [Fast Refresh] done in 235ms @ http://localhost:3001/_next/static/chunks/node_modules_next_dist_1e8vcs8._.js:776
[  399764ms] [LOG] [Fast Refresh] done in 235ms @ http://localhost:3001/_next/static/chunks/node_modules_next_dist_1e8vcs8._.js:776
[  399828ms] [LOG] [Fast Refresh] done in 235ms @ http://localhost:3001/_next/static/chunks/node_modules_next_dist_1e8vcs8._.js:776
[  399889ms] [LOG] [Fast Refresh] done in 235ms @ http://localhost:3001/_next/static/chunks/node_modules_next_dist_1e8vcs8._.js:776
[  399951ms] [LOG] [Fast Refresh] done in 235ms @ http://localhost:3001/_next/static/chunks/node_modules_next_dist_1e8vcs8._.js:776
[  400015ms] [LOG] [Fast Refresh] done in 235ms @ http://localhost:3001/_next/static/chunks/node_modules_next_dist_1e8vcs8._.js:776
[  400078ms] [LOG] [Fast Refresh] done in 235ms @ http://localhost:3001/_next/static/chunks/node_modules_next_dist_1e8vcs8._.js:776
[  400141ms] [LOG] [Fast Refresh] done in 235ms @ http://localhost:3001/_next/static/chunks/node_modules_next_dist_1e8vcs8._.js:776
[  400205ms] [LOG] [Fast Refresh] done in 235ms @ http://localhost:3001/_next/static/chunks/node_modules_next_dist_1e8vcs8._.js:776
[  400268ms] [LOG] [Fast Refresh] done in 235ms @ http://localhost:3001/_next/static/chunks/node_modules_next_dist_1e8vcs8._.js:776
[  400329ms] [LOG] [Fast Refresh] done in 235ms @ http://localhost:3001/_next/static/chunks/node_modules_next_dist_1e8vcs8._.js:776
[  400392ms] [LOG] [Fast Refresh] done in 235ms @ http://localhost:3001/_next/static/chunks/node_modules_next_dist_1e8vcs8._.js:776
[  400455ms] [LOG] [Fast Refresh] done in 235ms @ http://localhost:3001/_next/static/chunks/node_modules_next_dist_1e8vcs8._.js:776
[  400517ms] [LOG] [Fast Refresh] done in 235ms @ http://localhost:3001/_next/static/chunks/node_modules_next_dist_1e8vcs8._.js:776
[  400579ms] [LOG] [Fast Refresh] done in 235ms @ http://localhost:3001/_next/static/chunks/node_modules_next_dist_1e8vcs8._.js:776
[  400642ms] [LOG] [Fast Refresh] done in 235ms @ http://localhost:3001/_next/static/chunks/node_modules_next_dist_1e8vcs8._.js:776
[  400706ms] [LOG] [Fast Refresh] done in 235ms @ http://localhost:3001/_next/static/chunks/node_modules_next_dist_1e8vcs8._.js:776
[  400766ms] [LOG] [Fast Refresh] done in 235ms @ http://localhost:3001/_next/static/chunks/node_modules_next_dist_1e8vcs8._.js:776
[  400830ms] [LOG] [Fast Refresh] done in 235ms @ http://localhost:3001/_next/static/chunks/node_modules_next_dist_1e8vcs8._.js:776
[  400892ms] [LOG] [Fast Refresh] done in 235ms @ http://localhost:3001/_next/static/chunks/node_modules_next_dist_1e8vcs8._.js:776
[  400981ms] [LOG] [Fast Refresh] done in 235ms @ http://localhost:3001/_next/static/chunks/node_modules_next_dist_1e8vcs8._.js:776
[  401043ms] [LOG] [Fast Refresh] done in 235ms @ http://localhost:3001/_next/static/chunks/node_modules_next_dist_1e8vcs8._.js:776
[  401106ms] [LOG] [Fast Refresh] done in 235ms @ http://localhost:3001/_next/static/chunks/node_modules_next_dist_1e8vcs8._.js:776
[  401167ms] [LOG] [Fast Refresh] done in 235ms @ http://localhost:3001/_next/static/chunks/node_modules_next_dist_1e8vcs8._.js:776
[  401230ms] [LOG] [Fast Refresh] done in 235ms @ http://localhost:3001/_next/static/chunks/node_modules_next_dist_1e8vcs8._.js:776
[  401293ms] [LOG] [Fast Refresh] done in 235ms @ http://localhost:3001/_next/static/chunks/node_modules_next_dist_1e8vcs8._.js:776
[  401356ms] [LOG] [Fast Refresh] done in 235ms @ http://localhost:3001/_next/static/chunks/node_modules_next_dist_1e8vcs8._.js:776
[  401420ms] [LOG] [Fast Refresh] done in 235ms @ http://localhost:3001/_next/static/chunks/node_modules_next_dist_1e8vcs8._.js:776
[  401481ms] [LOG] [Fast Refresh] done in 235ms @ http://localhost:3001/_next/static/chunks/node_modules_next_dist_1e8vcs8._.js:776
[  401544ms] [LOG] [Fast Refresh] done in 235ms @ http://localhost:3001/_next/static/chunks/node_modules_next_dist_1e8vcs8._.js:776
[  401606ms] [LOG] [Fast Refresh] done in 235ms @ http://localhost:3001/_next/static/chunks/node_modules_next_dist_1e8vcs8._.js:776
[  401668ms] [LOG] [Fast Refresh] done in 235ms @ http://localhost:3001/_next/static/chunks/node_modules_next_dist_1e8vcs8._.js:776
[  401732ms] [LOG] [Fast Refresh] done in 235ms @ http://localhost:3001/_next/static/chunks/node_modules_next_dist_1e8vcs8._.js:776
[  401794ms] [LOG] [Fast Refresh] done in 235ms @ http://localhost:3001/_next/static/chunks/node_modules_next_dist_1e8vcs8._.js:776
[  401858ms] [LOG] [Fast Refresh] done in 235ms @ http://localhost:3001/_next/static/chunks/node_modules_next_dist_1e8vcs8._.js:776
[  401922ms] [LOG] [Fast Refresh] done in 235ms @ http://localhost:3001/_next/static/chunks/node_modules_next_dist_1e8vcs8._.js:776
[  401983ms] [LOG] [Fast Refresh] done in 235ms @ http://localhost:3001/_next/static/chunks/node_modules_next_dist_1e8vcs8._.js:776
[  402046ms] [LOG] [Fast Refresh] done in 235ms @ http://localhost:3001/_next/static/chunks/node_modules_next_dist_1e8vcs8._.js:776
[  402110ms] [LOG] [Fast Refresh] done in 235ms @ http://localhost:3001/_next/static/chunks/node_modules_next_dist_1e8vcs8._.js:776
[  402173ms] [LOG] [Fast Refresh] done in 235ms @ http://localhost:3001/_next/static/chunks/node_modules_next_dist_1e8vcs8._.js:776
[  402237ms] [LOG] [Fast Refresh] done in 235ms @ http://localhost:3001/_next/static/chunks/node_modules_next_dist_1e8vcs8._.js:776
[  402301ms] [LOG] [Fast Refresh] done in 235ms @ http://localhost:3001/_next/static/chunks/node_modules_next_dist_1e8vcs8._.js:776
[  402363ms] [LOG] [Fast Refresh] done in 235ms @ http://localhost:3001/_next/static/chunks/node_modules_next_dist_1e8vcs8._.js:776
[  402425ms] [LOG] [Fast Refresh] done in 235ms @ http://localhost:3001/_next/static/chunks/node_modules_next_dist_1e8vcs8._.js:776
[  402488ms] [LOG] [Fast Refresh] done in 235ms @ http://localhost:3001/_next/static/chunks/node_modules_next_dist_1e8vcs8._.js:776
[  402551ms] [LOG] [Fast Refresh] done in 235ms @ http://localhost:3001/_next/static/chunks/node_modules_next_dist_1e8vcs8._.js:776
[  402613ms] [LOG] [Fast Refresh] done in 235ms @ http://localhost:3001/_next/static/chunks/node_modules_next_dist_1e8vcs8._.js:776
[  402677ms] [LOG] [Fast Refresh] done in 235ms @ http://localhost:3001/_next/static/chunks/node_modules_next_dist_1e8vcs8._.js:776
[  402740ms] [LOG] [Fast Refresh] done in 235ms @ http://localhost:3001/_next/static/chunks/node_modules_next_dist_1e8vcs8._.js:776
[  402803ms] [LOG] [Fast Refresh] done in 235ms @ http://localhost:3001/_next/static/chunks/node_modules_next_dist_1e8vcs8._.js:776
[  402865ms] [LOG] [Fast Refresh] done in 235ms @ http://localhost:3001/_next/static/chunks/node_modules_next_dist_1e8vcs8._.js:776
[  402929ms] [LOG] [Fast Refresh] done in 235ms @ http://localhost:3001/_next/static/chunks/node_modules_next_dist_1e8vcs8._.js:776
[  402992ms] [LOG] [Fast Refresh] done in 235ms @ http://localhost:3001/_next/static/chunks/node_modules_next_dist_1e8vcs8._.js:776
[  403054ms] [LOG] [Fast Refresh] done in 235ms @ http://localhost:3001/_next/static/chunks/node_modules_next_dist_1e8vcs8._.js:776
[  403117ms] [LOG] [Fast Refresh] done in 235ms @ http://localhost:3001/_next/static/chunks/node_modules_next_dist_1e8vcs8._.js:776
[  403181ms] [LOG] [Fast Refresh] done in 235ms @ http://localhost:3001/_next/static/chunks/node_modules_next_dist_1e8vcs8._.js:776
[  403245ms] [LOG] [Fast Refresh] done in 235ms @ http://localhost:3001/_next/static/chunks/node_modules_next_dist_1e8vcs8._.js:776
[  403412ms] [LOG] [Fast Refresh] done in 235ms @ http://localhost:3001/_next/static/chunks/node_modules_next_dist_1e8vcs8._.js:776
[  403489ms] [LOG] [Fast Refresh] done in 235ms @ http://localhost:3001/_next/static/chunks/node_modules_next_dist_1e8vcs8._.js:776
[  403553ms] [LOG] [Fast Refresh] done in 235ms @ http://localhost:3001/_next/static/chunks/node_modules_next_dist_1e8vcs8._.js:776
[  403615ms] [LOG] [Fast Refresh] done in 235ms @ http://localhost:3001/_next/static/chunks/node_modules_next_dist_1e8vcs8._.js:776
[  403679ms] [LOG] [Fast Refresh] done in 235ms @ http://localhost:3001/_next/static/chunks/node_modules_next_dist_1e8vcs8._.js:776
[  403742ms] [LOG] [Fast Refresh] done in 235ms @ http://localhost:3001/_next/static/chunks/node_modules_next_dist_1e8vcs8._.js:776
[  403806ms] [LOG] [Fast Refresh] done in 235ms @ http://localhost:3001/_next/static/chunks/node_modules_next_dist_1e8vcs8._.js:776
[  403868ms] [LOG] [Fast Refresh] done in 235ms @ http://localhost:3001/_next/static/chunks/node_modules_next_dist_1e8vcs8._.js:776
[  403933ms] [LOG] [Fast Refresh] done in 235ms @ http://localhost:3001/_next/static/chunks/node_modules_next_dist_1e8vcs8._.js:776
[  403996ms] [LOG] [Fast Refresh] done in 235ms @ http://localhost:3001/_next/static/chunks/node_modules_next_dist_1e8vcs8._.js:776
[  404058ms] [LOG] [Fast Refresh] done in 235ms @ http://localhost:3001/_next/static/chunks/node_modules_next_dist_1e8vcs8._.js:776
[  404121ms] [LOG] [Fast Refresh] done in 235ms @ http://localhost:3001/_next/static/chunks/node_modules_next_dist_1e8vcs8._.js:776
[  404183ms] [LOG] [Fast Refresh] done in 235ms @ http://localhost:3001/_next/static/chunks/node_modules_next_dist_1e8vcs8._.js:776
[  404246ms] [LOG] [Fast Refresh] done in 235ms @ http://localhost:3001/_next/static/chunks/node_modules_next_dist_1e8vcs8._.js:776
[  404309ms] [LOG] [Fast Refresh] done in 235ms @ http://localhost:3001/_next/static/chunks/node_modules_next_dist_1e8vcs8._.js:776
[  404370ms] [LOG] [Fast Refresh] done in 235ms @ http://localhost:3001/_next/static/chunks/node_modules_next_dist_1e8vcs8._.js:776
[  404432ms] [LOG] [Fast Refresh] done in 235ms @ http://localhost:3001/_next/static/chunks/node_modules_next_dist_1e8vcs8._.js:776
[  404493ms] [LOG] [Fast Refresh] done in 235ms @ http://localhost:3001/_next/static/chunks/node_modules_next_dist_1e8vcs8._.js:776
[  404555ms] [LOG] [Fast Refresh] done in 235ms @ http://localhost:3001/_next/static/chunks/node_modules_next_dist_1e8vcs8._.js:776
[  404646ms] [LOG] [Fast Refresh] done in 235ms @ http://localhost:3001/_next/static/chunks/node_modules_next_dist_1e8vcs8._.js:776
[  404766ms] [LOG] [Fast Refresh] done in 235ms @ http://localhost:3001/_next/static/chunks/node_modules_next_dist_1e8vcs8._.js:776
[  404883ms] [LOG] [Fast Refresh] done in 235ms @ http://localhost:3001/_next/static/chunks/node_modules_next_dist_1e8vcs8._.js:776
[  404948ms] [LOG] [Fast Refresh] done in 235ms @ http://localhost:3001/_next/static/chunks/node_modules_next_dist_1e8vcs8._.js:776
[  405009ms] [LOG] [Fast Refresh] done in 235ms @ http://localhost:3001/_next/static/chunks/node_modules_next_dist_1e8vcs8._.js:776
[  405071ms] [LOG] [Fast Refresh] done in 235ms @ http://localhost:3001/_next/static/chunks/node_modules_next_dist_1e8vcs8._.js:776
[  405134ms] [LOG] [Fast Refresh] done in 235ms @ http://localhost:3001/_next/static/chunks/node_modules_next_dist_1e8vcs8._.js:776
[  405198ms] [LOG] [Fast Refresh] done in 235ms @ http://localhost:3001/_next/static/chunks/node_modules_next_dist_1e8vcs8._.js:776
[  405261ms] [LOG] [Fast Refresh] done in 235ms @ http://localhost:3001/_next/static/chunks/node_modules_next_dist_1e8vcs8._.js:776
[  405325ms] [LOG] [Fast Refresh] done in 235ms @ http://localhost:3001/_next/static/chunks/node_modules_next_dist_1e8vcs8._.js:776
[  405388ms] [LOG] [Fast Refresh] done in 235ms @ http://localhost:3001/_next/static/chunks/node_modules_next_dist_1e8vcs8._.js:776
[  405449ms] [LOG] [Fast Refresh] done in 235ms @ http://localhost:3001/_next/static/chunks/node_modules_next_dist_1e8vcs8._.js:776
[  405512ms] [LOG] [Fast Refresh] done in 235ms @ http://localhost:3001/_next/static/chunks/node_modules_next_dist_1e8vcs8._.js:776
[  405574ms] [LOG] [Fast Refresh] done in 235ms @ http://localhost:3001/_next/static/chunks/node_modules_next_dist_1e8vcs8._.js:776
[  405638ms] [LOG] [Fast Refresh] done in 235ms @ http://localhost:3001/_next/static/chunks/node_modules_next_dist_1e8vcs8._.js:776
[  405701ms] [LOG] [Fast Refresh] done in 235ms @ http://localhost:3001/_next/static/chunks/node_modules_next_dist_1e8vcs8._.js:776
[  405764ms] [LOG] [Fast Refresh] done in 235ms @ http://localhost:3001/_next/static/chunks/node_modules_next_dist_1e8vcs8._.js:776
[  405826ms] [LOG] [Fast Refresh] done in 235ms @ http://localhost:3001/_next/static/chunks/node_modules_next_dist_1e8vcs8._.js:776
[  405889ms] [LOG] [Fast Refresh] done in 235ms @ http://localhost:3001/_next/static/chunks/node_modules_next_dist_1e8vcs8._.js:776
[  405953ms] [LOG] [Fast Refresh] done in 235ms @ http://localhost:3001/_next/static/chunks/node_modules_next_dist_1e8vcs8._.js:776
[  406016ms] [LOG] [Fast Refresh] done in 235ms @ http://localhost:3001/_next/static/chunks/node_modules_next_dist_1e8vcs8._.js:776
[  406079ms] [LOG] [Fast Refresh] done in 235ms @ http://localhost:3001/_next/static/chunks/node_modules_next_dist_1e8vcs8._.js:776
[  406142ms] [LOG] [Fast Refresh] done in 235ms @ http://localhost:3001/_next/static/chunks/node_modules_next_dist_1e8vcs8._.js:776
[  406205ms] [LOG] [Fast Refresh] done in 235ms @ http://localhost:3001/_next/static/chunks/node_modules_next_dist_1e8vcs8._.js:776
[  406269ms] [LOG] [Fast Refresh] done in 235ms @ http://localhost:3001/_next/static/chunks/node_modules_next_dist_1e8vcs8._.js:776
[  406332ms] [LOG] [Fast Refresh] done in 235ms @ http://localhost:3001/_next/static/chunks/node_modules_next_dist_1e8vcs8._.js:776
[  406393ms] [LOG] [Fast Refresh] done in 235ms @ http://localhost:3001/_next/static/chunks/node_modules_next_dist_1e8vcs8._.js:776
[  406455ms] [LOG] [Fast Refresh] done in 235ms @ http://localhost:3001/_next/static/chunks/node_modules_next_dist_1e8vcs8._.js:776
[  406518ms] [LOG] [Fast Refresh] done in 235ms @ http://localhost:3001/_next/static/chunks/node_modules_next_dist_1e8vcs8._.js:776
[  406580ms] [LOG] [Fast Refresh] done in 235ms @ http://localhost:3001/_next/static/chunks/node_modules_next_dist_1e8vcs8._.js:776
[  406642ms] [LOG] [Fast Refresh] done in 235ms @ http://localhost:3001/_next/static/chunks/node_modules_next_dist_1e8vcs8._.js:776
[  406706ms] [LOG] [Fast Refresh] done in 235ms @ http://localhost:3001/_next/static/chunks/node_modules_next_dist_1e8vcs8._.js:776
[  406769ms] [LOG] [Fast Refresh] done in 235ms @ http://localhost:3001/_next/static/chunks/node_modules_next_dist_1e8vcs8._.js:776
[  406832ms] [LOG] [Fast Refresh] done in 235ms @ http://localhost:3001/_next/static/chunks/node_modules_next_dist_1e8vcs8._.js:776
[  406895ms] [LOG] [Fast Refresh] done in 235ms @ http://localhost:3001/_next/static/chunks/node_modules_next_dist_1e8vcs8._.js:776
[  406956ms] [LOG] [Fast Refresh] done in 235ms @ http://localhost:3001/_next/static/chunks/node_modules_next_dist_1e8vcs8._.js:776
[  407021ms] [LOG] [Fast Refresh] done in 235ms @ http://localhost:3001/_next/static/chunks/node_modules_next_dist_1e8vcs8._.js:776
[  407083ms] [LOG] [Fast Refresh] done in 235ms @ http://localhost:3001/_next/static/chunks/node_modules_next_dist_1e8vcs8._.js:776
[  407146ms] [LOG] [Fast Refresh] done in 235ms @ http://localhost:3001/_next/static/chunks/node_modules_next_dist_1e8vcs8._.js:776
[  407209ms] [LOG] [Fast Refresh] done in 235ms @ http://localhost:3001/_next/static/chunks/node_modules_next_dist_1e8vcs8._.js:776
[  407272ms] [LOG] [Fast Refresh] done in 235ms @ http://localhost:3001/_next/static/chunks/node_modules_next_dist_1e8vcs8._.js:776
[  407334ms] [LOG] [Fast Refresh] done in 235ms @ http://localhost:3001/_next/static/chunks/node_modules_next_dist_1e8vcs8._.js:776
[  407398ms] [LOG] [Fast Refresh] done in 235ms @ http://localhost:3001/_next/static/chunks/node_modules_next_dist_1e8vcs8._.js:776
[  407461ms] [LOG] [Fast Refresh] done in 235ms @ http://localhost:3001/_next/static/chunks/node_modules_next_dist_1e8vcs8._.js:776
[  407524ms] [LOG] [Fast Refresh] done in 235ms @ http://localhost:3001/_next/static/chunks/node_modules_next_dist_1e8vcs8._.js:776
[  407585ms] [LOG] [Fast Refresh] done in 235ms @ http://localhost:3001/_next/static/chunks/node_modules_next_dist_1e8vcs8._.js:776
[  407648ms] [LOG] [Fast Refresh] done in 235ms @ http://localhost:3001/_next/static/chunks/node_modules_next_dist_1e8vcs8._.js:776
[  407708ms] [LOG] [Fast Refresh] done in 235ms @ http://localhost:3001/_next/static/chunks/node_modules_next_dist_1e8vcs8._.js:776
[  407771ms] [LOG] [Fast Refresh] done in 235ms @ http://localhost:3001/_next/static/chunks/node_modules_next_dist_1e8vcs8._.js:776
[  407833ms] [LOG] [Fast Refresh] done in 235ms @ http://localhost:3001/_next/static/chunks/node_modules_next_dist_1e8vcs8._.js:776
[  407898ms] [LOG] [Fast Refresh] done in 235ms @ http://localhost:3001/_next/static/chunks/node_modules_next_dist_1e8vcs8._.js:776
[  407961ms] [LOG] [Fast Refresh] done in 235ms @ http://localhost:3001/_next/static/chunks/node_modules_next_dist_1e8vcs8._.js:776
[  408023ms] [LOG] [Fast Refresh] done in 235ms @ http://localhost:3001/_next/static/chunks/node_modules_next_dist_1e8vcs8._.js:776
[  408085ms] [LOG] [Fast Refresh] done in 235ms @ http://localhost:3001/_next/static/chunks/node_modules_next_dist_1e8vcs8._.js:776
[  408147ms] [LOG] [Fast Refresh] done in 235ms @ http://localhost:3001/_next/static/chunks/node_modules_next_dist_1e8vcs8._.js:776
[  408210ms] [LOG] [Fast Refresh] done in 235ms @ http://localhost:3001/_next/static/chunks/node_modules_next_dist_1e8vcs8._.js:776
[  408273ms] [LOG] [Fast Refresh] done in 235ms @ http://localhost:3001/_next/static/chunks/node_modules_next_dist_1e8vcs8._.js:776
[  408466ms] [LOG] [Fast Refresh] done in 235ms @ http://localhost:3001/_next/static/chunks/node_modules_next_dist_1e8vcs8._.js:776
[  408564ms] [LOG] [Fast Refresh] done in 235ms @ http://localhost:3001/_next/static/chunks/node_modules_next_dist_1e8vcs8._.js:776
[  408622ms] [LOG] [Fast Refresh] done in 235ms @ http://localhost:3001/_next/static/chunks/node_modules_next_dist_1e8vcs8._.js:776
[  408683ms] [LOG] [Fast Refresh] done in 235ms @ http://localhost:3001/_next/static/chunks/node_modules_next_dist_1e8vcs8._.js:776
[  408744ms] [LOG] [Fast Refresh] done in 235ms @ http://localhost:3001/_next/static/chunks/node_modules_next_dist_1e8vcs8._.js:776
[  408807ms] [LOG] [Fast Refresh] done in 235ms @ http://localhost:3001/_next/static/chunks/node_modules_next_dist_1e8vcs8._.js:776
[  408867ms] [LOG] [Fast Refresh] done in 235ms @ http://localhost:3001/_next/static/chunks/node_modules_next_dist_1e8vcs8._.js:776
[  408929ms] [LOG] [Fast Refresh] done in 235ms @ http://localhost:3001/_next/static/chunks/node_modules_next_dist_1e8vcs8._.js:776
[  408991ms] [LOG] [Fast Refresh] done in 235ms @ http://localhost:3001/_next/static/chunks/node_modules_next_dist_1e8vcs8._.js:776
[  409056ms] [LOG] [Fast Refresh] done in 235ms @ http://localhost:3001/_next/static/chunks/node_modules_next_dist_1e8vcs8._.js:776
[  409121ms] [LOG] [Fast Refresh] done in 235ms @ http://localhost:3001/_next/static/chunks/node_modules_next_dist_1e8vcs8._.js:776
[  409180ms] [LOG] [Fast Refresh] done in 235ms @ http://localhost:3001/_next/static/chunks/node_modules_next_dist_1e8vcs8._.js:776
[  409250ms] [LOG] [Fast Refresh] done in 235ms @ http://localhost:3001/_next/static/chunks/node_modules_next_dist_1e8vcs8._.js:776
[  409325ms] [LOG] [Fast Refresh] done in 235ms @ http://localhost:3001/_next/static/chunks/node_modules_next_dist_1e8vcs8._.js:776
[  409385ms] [LOG] [Fast Refresh] done in 235ms @ http://localhost:3001/_next/static/chunks/node_modules_next_dist_1e8vcs8._.js:776
[  409447ms] [LOG] [Fast Refresh] done in 235ms @ http://localhost:3001/_next/static/chunks/node_modules_next_dist_1e8vcs8._.js:776
[  409508ms] [LOG] [Fast Refresh] done in 235ms @ http://localhost:3001/_next/static/chunks/node_modules_next_dist_1e8vcs8._.js:776
[  409571ms] [LOG] [Fast Refresh] done in 235ms @ http://localhost:3001/_next/static/chunks/node_modules_next_dist_1e8vcs8._.js:776
[  409633ms] [LOG] [Fast Refresh] done in 235ms @ http://localhost:3001/_next/static/chunks/node_modules_next_dist_1e8vcs8._.js:776
[  409695ms] [LOG] [Fast Refresh] done in 235ms @ http://localhost:3001/_next/static/chunks/node_modules_next_dist_1e8vcs8._.js:776
[  409757ms] [LOG] [Fast Refresh] done in 235ms @ http://localhost:3001/_next/static/chunks/node_modules_next_dist_1e8vcs8._.js:776
[  409820ms] [LOG] [Fast Refresh] done in 235ms @ http://localhost:3001/_next/static/chunks/node_modules_next_dist_1e8vcs8._.js:776
[  409882ms] [LOG] [Fast Refresh] done in 235ms @ http://localhost:3001/_next/static/chunks/node_modules_next_dist_1e8vcs8._.js:776
[  409947ms] [LOG] [Fast Refresh] done in 235ms @ http://localhost:3001/_next/static/chunks/node_modules_next_dist_1e8vcs8._.js:776
[  410011ms] [LOG] [Fast Refresh] done in 235ms @ http://localhost:3001/_next/static/chunks/node_modules_next_dist_1e8vcs8._.js:776
[  410077ms] [LOG] [Fast Refresh] done in 235ms @ http://localhost:3001/_next/static/chunks/node_modules_next_dist_1e8vcs8._.js:776
[  410178ms] [LOG] [Fast Refresh] done in 235ms @ http://localhost:3001/_next/static/chunks/node_modules_next_dist_1e8vcs8._.js:776
[  410245ms] [LOG] [Fast Refresh] done in 235ms @ http://localhost:3001/_next/static/chunks/node_modules_next_dist_1e8vcs8._.js:776
[  410309ms] [LOG] [Fast Refresh] done in 235ms @ http://localhost:3001/_next/static/chunks/node_modules_next_dist_1e8vcs8._.js:776
[  410371ms] [LOG] [Fast Refresh] done in 235ms @ http://localhost:3001/_next/static/chunks/node_modules_next_dist_1e8vcs8._.js:776
[  410562ms] [LOG] [Fast Refresh] done in 235ms @ http://localhost:3001/_next/static/chunks/node_modules_next_dist_1e8vcs8._.js:776
[  410640ms] [LOG] [Fast Refresh] done in 235ms @ http://localhost:3001/_next/static/chunks/node_modules_next_dist_1e8vcs8._.js:776
[  410695ms] [LOG] [Fast Refresh] done in 235ms @ http://localhost:3001/_next/static/chunks/node_modules_next_dist_1e8vcs8._.js:776
[  410757ms] [LOG] [Fast Refresh] done in 235ms @ http://localhost:3001/_next/static/chunks/node_modules_next_dist_1e8vcs8._.js:776
[  410820ms] [LOG] [Fast Refresh] done in 235ms @ http://localhost:3001/_next/static/chunks/node_modules_next_dist_1e8vcs8._.js:776
[  410883ms] [LOG] [Fast Refresh] done in 235ms @ http://localhost:3001/_next/static/chunks/node_modules_next_dist_1e8vcs8._.js:776
[  410943ms] [LOG] [Fast Refresh] done in 235ms @ http://localhost:3001/_next/static/chunks/node_modules_next_dist_1e8vcs8._.js:776
[  411005ms] [LOG] [Fast Refresh] done in 235ms @ http://localhost:3001/_next/static/chunks/node_modules_next_dist_1e8vcs8._.js:776
[  520293ms] [LOG] [Fast Refresh] rebuilding @ http://localhost:3001/_next/static/chunks/node_modules_next_dist_1e8vcs8._.js:776
[  520487ms] [LOG] [Fast Refresh] done in 109ms @ http://localhost:3001/_next/static/chunks/node_modules_next_dist_1e8vcs8._.js:776
[  520787ms] [LOG] [Fast Refresh] rebuilding @ http://localhost:3001/_next/static/chunks/node_modules_next_dist_1e8vcs8._.js:776
[  520820ms] [LOG] [Fast Refresh] done in 135ms @ http://localhost:3001/_next/static/chunks/node_modules_next_dist_1e8vcs8._.js:776
[  521054ms] ReferenceError: dustSpecks is not defined
    at TruthTrailRail (http://localhost:3001/_next/static/chunks/src_1g9g5af._.js?id=%255Bproject%255D/src/components/v2/TruthTrailRail.tsx+%255Bapp-client%255D+(ecmascript):281:25)
    at Object.react_stack_bottom_frame (http://localhost:3001/_next/static/chunks/node_modules_next_dist_compiled_react-dom_096_9a-._.js:14894:24)
    at renderWithHooks (http://localhost:3001/_next/static/chunks/node_modules_next_dist_compiled_react-dom_096_9a-._.js:4425:24)
    at updateFunctionComponent (http://localhost:3001/_next/static/chunks/node_modules_next_dist_compiled_react-dom_096_9a-._.js:5892:21)
    at beginWork (http://localhost:3001/_next/static/chunks/node_modules_next_dist_compiled_react-dom_096_9a-._.js:6518:24)
    at runWithFiberInDEV (http://localhost:3001/_next/static/chunks/node_modules_next_dist_compiled_react-dom_096_9a-._.js:761:74)
    at performUnitOfWork (http://localhost:3001/_next/static/chunks/node_modules_next_dist_compiled_react-dom_096_9a-._.js:9385:97)
    at workLoopSync (http://localhost:3001/_next/static/chunks/node_modules_next_dist_compiled_react-dom_096_9a-._.js:9279:40)
    at renderRootSync (http://localhost:3001/_next/static/chunks/node_modules_next_dist_compiled_react-dom_096_9a-._.js:9263:13)
    at performWorkOnRoot (http://localhost:3001/_next/static/chunks/node_modules_next_dist_compiled_react-dom_096_9a-._.js:8928:47)
    at performSyncWorkOnRoot (http://localhost:3001/_next/static/chunks/node_modules_next_dist_compiled_react-dom_096_9a-._.js:10093:9)
    at flushSyncWorkAcrossRoots_impl (http://localhost:3001/_next/static/chunks/node_modules_next_dist_compiled_react-dom_096_9a-._.js:10009:316)
    at processRootScheduleInMicrotask (http://localhost:3001/_next/static/chunks/node_modules_next_dist_compiled_react-dom_096_9a-._.js:10030:106)
    at http://localhost:3001/_next/static/chunks/node_modules_next_dist_compiled_react-dom_096_9a-._.js:10104:158
[  523031ms] [LOG] [Fast Refresh] rebuilding @ http://localhost:3001/_next/static/chunks/node_modules_next_dist_1e8vcs8._.js:776
[  523038ms] [WARNING] [Fast Refresh] performing full reload because your application had an unrecoverable error @ http://localhost:3001/_next/static/chunks/node_modules_next_dist_1e8vcs8._.js:776
[  523436ms] [LOG] [Fast Refresh] done in 68ms @ http://localhost:3001/_next/static/chunks/node_modules_next_dist_1e8vcs8._.js:776
[  523583ms] [LOG] [Fast Refresh] done in 68ms @ http://localhost:3001/_next/static/chunks/node_modules_next_dist_1e8vcs8._.js:776
[  524015ms] [ERROR] Failed to load resource: the server responded with a status of 404 (Not Found) @ http://localhost:3001/fonts/BantayogSans-ExtraBold.woff2:0
[  524168ms] [ERROR] Failed to load resource: the server responded with a status of 404 (Not Found) @ http://localhost:3001/fonts/GoodDogPlain.woff2:0
[  524267ms] [INFO] %cDownload the React DevTools for a better development experience: https://react.dev/link/react-devtools font-weight:bold @ http://localhost:3001/_next/static/chunks/node_modules_next_dist_1e8vcs8._.js:776
[  524392ms] [LOG] [HMR] connected @ http://localhost:3001/_next/static/chunks/node_modules_next_dist_1e8vcs8._.js:776
[  542667ms] [LOG] [Fast Refresh] rebuilding @ http://localhost:3001/_next/static/chunks/node_modules_next_dist_1e8vcs8._.js:776
[  543116ms] [LOG] [Fast Refresh] done in 227ms @ http://localhost:3001/_next/static/chunks/node_modules_next_dist_1e8vcs8._.js:776
[  543258ms] [ERROR] Failed to load resource: the server responded with a status of 404 (Not Found) @ http://localhost:3001/fonts/BantayogSans-ExtraBold.woff2:0
[  543437ms] [LOG] [Fast Refresh] done in 227ms @ http://localhost:3001/_next/static/chunks/node_modules_next_dist_1e8vcs8._.js:776
[  543438ms] [LOG] [Fast Refresh] done in 227ms @ http://localhost:3001/_next/static/chunks/node_modules_next_dist_1e8vcs8._.js:776
[  543473ms] [ERROR] Failed to load resource: the server responded with a status of 404 (Not Found) @ http://localhost:3001/fonts/GoodDogPlain.woff2:0
[  551607ms] [LOG] [Fast Refresh] rebuilding @ http://localhost:3001/_next/static/chunks/node_modules_next_dist_1e8vcs8._.js:776
[  551737ms] [LOG] [Fast Refresh] done in 44ms @ http://localhost:3001/_next/static/chunks/node_modules_next_dist_1e8vcs8._.js:776
[  564225ms] [ERROR] Failed to load resource: the server responded with a status of 404 (Not Found) @ http://localhost:3001/fonts/BantayogSans-ExtraBold.woff2:0
[  564418ms] [ERROR] Failed to load resource: the server responded with a status of 404 (Not Found) @ http://localhost:3001/fonts/GoodDogPlain.woff2:0
[  564455ms] [INFO] %cDownload the React DevTools for a better development experience: https://react.dev/link/react-devtools font-weight:bold @ http://localhost:3001/_next/static/chunks/node_modules_next_dist_1e8vcs8._.js:776
[  564490ms] [LOG] [HMR] connected @ http://localhost:3001/_next/static/chunks/node_modules_next_dist_1e8vcs8._.js:776
[  583587ms] [LOG] [Fast Refresh] rebuilding @ http://localhost:3001/_next/static/chunks/node_modules_next_dist_1e8vcs8._.js:776
[  583799ms] [LOG] [Fast Refresh] done in 111ms @ http://localhost:3001/_next/static/chunks/node_modules_next_dist_1e8vcs8._.js:776
[  584167ms] [LOG] [Fast Refresh] rebuilding @ http://localhost:3001/_next/static/chunks/node_modules_next_dist_1e8vcs8._.js:776
[  584221ms] [LOG] [Fast Refresh] done in 156ms @ http://localhost:3001/_next/static/chunks/node_modules_next_dist_1e8vcs8._.js:776
[  584228ms] [ERROR] Failed to load resource: the server responded with a status of 404 (Not Found) @ http://localhost:3001/fonts/BantayogSans-ExtraBold.woff2:0
[  584245ms] [ERROR] Failed to load resource: the server responded with a status of 404 (Not Found) @ http://localhost:3001/fonts/GoodDogPlain.woff2:0
[  592049ms] [LOG] [Fast Refresh] rebuilding @ http://localhost:3001/_next/static/chunks/node_modules_next_dist_1e8vcs8._.js:776
[  592169ms] [LOG] [Fast Refresh] done in 26ms @ http://localhost:3001/_next/static/chunks/node_modules_next_dist_1e8vcs8._.js:776
[  594721ms] [LOG] [Fast Refresh] rebuilding @ http://localhost:3001/_next/static/chunks/node_modules_next_dist_1e8vcs8._.js:776
[  594828ms] [LOG] [Fast Refresh] done in 83ms @ http://localhost:3001/_next/static/chunks/node_modules_next_dist_1e8vcs8._.js:776
[  595059ms] [LOG] [Fast Refresh] rebuilding @ http://localhost:3001/_next/static/chunks/node_modules_next_dist_1e8vcs8._.js:776
[  595090ms] [LOG] [Fast Refresh] done in 131ms @ http://localhost:3001/_next/static/chunks/node_modules_next_dist_1e8vcs8._.js:776
[  595175ms] [ERROR] Failed to load resource: the server responded with a status of 404 (Not Found) @ http://localhost:3001/fonts/BantayogSans-ExtraBold.woff2:0
[  595175ms] [ERROR] Failed to load resource: the server responded with a status of 404 (Not Found) @ http://localhost:3001/fonts/GoodDogPlain.woff2:0
[ 2797560ms] [ERROR] Failed to load resource: the server responded with a status of 404 (Not Found) @ http://localhost:3001/fonts/BantayogSans-ExtraBold.woff2:0
[ 2797657ms] [ERROR] Failed to load resource: the server responded with a status of 404 (Not Found) @ http://localhost:3001/fonts/GoodDogPlain.woff2:0
[ 2797804ms] [INFO] %cDownload the React DevTools for a better development experience: https://react.dev/link/react-devtools font-weight:bold @ http://localhost:3001/_next/static/chunks/node_modules_next_dist_1e8vcs8._.js:776
[ 2797847ms] [LOG] [HMR] connected @ http://localhost:3001/_next/static/chunks/node_modules_next_dist_1e8vcs8._.js:776
[ 3118360ms] [LOG] [Fast Refresh] rebuilding @ http://localhost:3001/_next/static/chunks/node_modules_next_dist_1e8vcs8._.js:776
[ 3118648ms] [LOG] [Fast Refresh] done in 113ms @ http://localhost:3001/_next/static/chunks/node_modules_next_dist_1e8vcs8._.js:776
[ 3118731ms] [LOG] [Fast Refresh] done in 113ms @ http://localhost:3001/_next/static/chunks/node_modules_next_dist_1e8vcs8._.js:776
[ 3118813ms] [LOG] [Fast Refresh] done in 113ms @ http://localhost:3001/_next/static/chunks/node_modules_next_dist_1e8vcs8._.js:776
[ 3118893ms] [LOG] [Fast Refresh] done in 113ms @ http://localhost:3001/_next/static/chunks/node_modules_next_dist_1e8vcs8._.js:776
[ 3118955ms] [LOG] [Fast Refresh] done in 113ms @ http://localhost:3001/_next/static/chunks/node_modules_next_dist_1e8vcs8._.js:776
[ 3119018ms] [LOG] [Fast Refresh] done in 113ms @ http://localhost:3001/_next/static/chunks/node_modules_next_dist_1e8vcs8._.js:776
[ 3119088ms] [LOG] [Fast Refresh] done in 113ms @ http://localhost:3001/_next/static/chunks/node_modules_next_dist_1e8vcs8._.js:776
[ 3119191ms] [LOG] [Fast Refresh] done in 113ms @ http://localhost:3001/_next/static/chunks/node_modules_next_dist_1e8vcs8._.js:776
[ 3119254ms] [LOG] [Fast Refresh] done in 113ms @ http://localhost:3001/_next/static/chunks/node_modules_next_dist_1e8vcs8._.js:776
[ 3119317ms] [LOG] [Fast Refresh] done in 113ms @ http://localhost:3001/_next/static/chunks/node_modules_next_dist_1e8vcs8._.js:776
[ 3119379ms] [LOG] [Fast Refresh] done in 113ms @ http://localhost:3001/_next/static/chunks/node_modules_next_dist_1e8vcs8._.js:776
[ 3119441ms] [LOG] [Fast Refresh] done in 113ms @ http://localhost:3001/_next/static/chunks/node_modules_next_dist_1e8vcs8._.js:776
[ 3119503ms] [LOG] [Fast Refresh] done in 113ms @ http://localhost:3001/_next/static/chunks/node_modules_next_dist_1e8vcs8._.js:776
[ 3119566ms] [LOG] [Fast Refresh] done in 113ms @ http://localhost:3001/_next/static/chunks/node_modules_next_dist_1e8vcs8._.js:776
[ 3119629ms] [LOG] [Fast Refresh] done in 113ms @ http://localhost:3001/_next/static/chunks/node_modules_next_dist_1e8vcs8._.js:776
[ 3119692ms] [LOG] [Fast Refresh] done in 113ms @ http://localhost:3001/_next/static/chunks/node_modules_next_dist_1e8vcs8._.js:776
[ 3119755ms] [LOG] [Fast Refresh] done in 113ms @ http://localhost:3001/_next/static/chunks/node_modules_next_dist_1e8vcs8._.js:776
[ 3119816ms] [LOG] [Fast Refresh] done in 113ms @ http://localhost:3001/_next/static/chunks/node_modules_next_dist_1e8vcs8._.js:776
[ 3119879ms] [LOG] [Fast Refresh] done in 113ms @ http://localhost:3001/_next/static/chunks/node_modules_next_dist_1e8vcs8._.js:776
[ 3119941ms] [LOG] [Fast Refresh] done in 113ms @ http://localhost:3001/_next/static/chunks/node_modules_next_dist_1e8vcs8._.js:776
[ 3120001ms] [LOG] [Fast Refresh] done in 113ms @ http://localhost:3001/_next/static/chunks/node_modules_next_dist_1e8vcs8._.js:776
[ 3120063ms] [LOG] [Fast Refresh] done in 113ms @ http://localhost:3001/_next/static/chunks/node_modules_next_dist_1e8vcs8._.js:776
[ 3120127ms] [LOG] [Fast Refresh] done in 113ms @ http://localhost:3001/_next/static/chunks/node_modules_next_dist_1e8vcs8._.js:776
[ 3120190ms] [LOG] [Fast Refresh] done in 113ms @ http://localhost:3001/_next/static/chunks/node_modules_next_dist_1e8vcs8._.js:776
[ 3120254ms] [LOG] [Fast Refresh] done in 113ms @ http://localhost:3001/_next/static/chunks/node_modules_next_dist_1e8vcs8._.js:776
[ 3120317ms] [LOG] [Fast Refresh] done in 113ms @ http://localhost:3001/_next/static/chunks/node_modules_next_dist_1e8vcs8._.js:776
[ 3120381ms] [LOG] [Fast Refresh] done in 113ms @ http://localhost:3001/_next/static/chunks/node_modules_next_dist_1e8vcs8._.js:776
[ 3120442ms] [LOG] [Fast Refresh] done in 113ms @ http://localhost:3001/_next/static/chunks/node_modules_next_dist_1e8vcs8._.js:776
[ 3120503ms] [LOG] [Fast Refresh] done in 113ms @ http://localhost:3001/_next/static/chunks/node_modules_next_dist_1e8vcs8._.js:776
[ 3120567ms] [LOG] [Fast Refresh] done in 113ms @ http://localhost:3001/_next/static/chunks/node_modules_next_dist_1e8vcs8._.js:776
[ 3120629ms] [LOG] [Fast Refresh] done in 113ms @ http://localhost:3001/_next/static/chunks/node_modules_next_dist_1e8vcs8._.js:776
[ 3120691ms] [LOG] [Fast Refresh] done in 113ms @ http://localhost:3001/_next/static/chunks/node_modules_next_dist_1e8vcs8._.js:776
[ 3120828ms] [LOG] [Fast Refresh] rebuilding @ http://localhost:3001/_next/static/chunks/node_modules_next_dist_1e8vcs8._.js:776
[ 3120940ms] [LOG] [Fast Refresh] done in 28ms @ http://localhost:3001/_next/static/chunks/node_modules_next_dist_1e8vcs8._.js:776
[ 3136566ms] [LOG] [Fast Refresh] rebuilding @ http://localhost:3001/_next/static/chunks/node_modules_next_dist_1e8vcs8._.js:776
[ 3136690ms] [LOG] [Fast Refresh] done in 81ms @ http://localhost:3001/_next/static/chunks/node_modules_next_dist_1e8vcs8._.js:776
[ 3136961ms] [LOG] [Fast Refresh] rebuilding @ http://localhost:3001/_next/static/chunks/node_modules_next_dist_1e8vcs8._.js:776
[ 3137077ms] [LOG] [Fast Refresh] done in 216ms @ http://localhost:3001/_next/static/chunks/node_modules_next_dist_1e8vcs8._.js:776
[ 3137809ms] [LOG] [Fast Refresh] rebuilding @ http://localhost:3001/_next/static/chunks/node_modules_next_dist_1e8vcs8._.js:776
[ 3138100ms] [LOG] [Fast Refresh] done in 66ms @ http://localhost:3001/_next/static/chunks/node_modules_next_dist_1e8vcs8._.js:776
[ 3145137ms] [LOG] [Fast Refresh] rebuilding @ http://localhost:3001/_next/static/chunks/node_modules_next_dist_1e8vcs8._.js:776
[ 3145369ms] [LOG] [Fast Refresh] done in 42ms @ http://localhost:3001/_next/static/chunks/node_modules_next_dist_1e8vcs8._.js:776
[ 3148034ms] [LOG] [Fast Refresh] rebuilding @ http://localhost:3001/_next/static/chunks/node_modules_next_dist_1e8vcs8._.js:776
[ 3148319ms] [LOG] [Fast Refresh] done in 31ms @ http://localhost:3001/_next/static/chunks/node_modules_next_dist_1e8vcs8._.js:776
[ 3149637ms] [LOG] [Fast Refresh] rebuilding @ http://localhost:3001/_next/static/chunks/node_modules_next_dist_1e8vcs8._.js:776
[ 3149831ms] [LOG] [Fast Refresh] done in 34ms @ http://localhost:3001/_next/static/chunks/node_modules_next_dist_1e8vcs8._.js:776
[ 3149835ms] [LOG] [Fast Refresh] done in 34ms @ http://localhost:3001/_next/static/chunks/node_modules_next_dist_1e8vcs8._.js:776
[ 3149978ms] [LOG] [Fast Refresh] done in 34ms @ http://localhost:3001/_next/static/chunks/node_modules_next_dist_1e8vcs8._.js:776
[ 3150037ms] [LOG] [Fast Refresh] done in 34ms @ http://localhost:3001/_next/static/chunks/node_modules_next_dist_1e8vcs8._.js:776
[ 3150100ms] [LOG] [Fast Refresh] done in 34ms @ http://localhost:3001/_next/static/chunks/node_modules_next_dist_1e8vcs8._.js:776
[ 3150162ms] [LOG] [Fast Refresh] done in 34ms @ http://localhost:3001/_next/static/chunks/node_modules_next_dist_1e8vcs8._.js:776
[ 3150224ms] [LOG] [Fast Refresh] done in 34ms @ http://localhost:3001/_next/static/chunks/node_modules_next_dist_1e8vcs8._.js:776
[ 3150285ms] [LOG] [Fast Refresh] done in 34ms @ http://localhost:3001/_next/static/chunks/node_modules_next_dist_1e8vcs8._.js:776
[ 3150350ms] [LOG] [Fast Refresh] done in 34ms @ http://localhost:3001/_next/static/chunks/node_modules_next_dist_1e8vcs8._.js:776
[ 3150412ms] [LOG] [Fast Refresh] done in 34ms @ http://localhost:3001/_next/static/chunks/node_modules_next_dist_1e8vcs8._.js:776
[ 3150474ms] [LOG] [Fast Refresh] done in 34ms @ http://localhost:3001/_next/static/chunks/node_modules_next_dist_1e8vcs8._.js:776
[ 3150538ms] [LOG] [Fast Refresh] done in 34ms @ http://localhost:3001/_next/static/chunks/node_modules_next_dist_1e8vcs8._.js:776
[ 3150602ms] [LOG] [Fast Refresh] done in 34ms @ http://localhost:3001/_next/static/chunks/node_modules_next_dist_1e8vcs8._.js:776
[ 3150711ms] [LOG] [Fast Refresh] done in 34ms @ http://localhost:3001/_next/static/chunks/node_modules_next_dist_1e8vcs8._.js:776
[ 3150773ms] [LOG] [Fast Refresh] done in 34ms @ http://localhost:3001/_next/static/chunks/node_modules_next_dist_1e8vcs8._.js:776
[ 3150836ms] [LOG] [Fast Refresh] done in 34ms @ http://localhost:3001/_next/static/chunks/node_modules_next_dist_1e8vcs8._.js:776
[ 3150898ms] [LOG] [Fast Refresh] done in 34ms @ http://localhost:3001/_next/static/chunks/node_modules_next_dist_1e8vcs8._.js:776
[ 3150961ms] [LOG] [Fast Refresh] done in 34ms @ http://localhost:3001/_next/static/chunks/node_modules_next_dist_1e8vcs8._.js:776
[ 3151022ms] [LOG] [Fast Refresh] done in 34ms @ http://localhost:3001/_next/static/chunks/node_modules_next_dist_1e8vcs8._.js:776
[ 3151084ms] [LOG] [Fast Refresh] done in 34ms @ http://localhost:3001/_next/static/chunks/node_modules_next_dist_1e8vcs8._.js:776
[ 3151146ms] [LOG] [Fast Refresh] done in 34ms @ http://localhost:3001/_next/static/chunks/node_modules_next_dist_1e8vcs8._.js:776
[ 3151208ms] [LOG] [Fast Refresh] done in 34ms @ http://localhost:3001/_next/static/chunks/node_modules_next_dist_1e8vcs8._.js:776
[ 3151269ms] [LOG] [Fast Refresh] done in 34ms @ http://localhost:3001/_next/static/chunks/node_modules_next_dist_1e8vcs8._.js:776
[ 3151330ms] [LOG] [Fast Refresh] done in 34ms @ http://localhost:3001/_next/static/chunks/node_modules_next_dist_1e8vcs8._.js:776
[ 3151392ms] [LOG] [Fast Refresh] done in 34ms @ http://localhost:3001/_next/static/chunks/node_modules_next_dist_1e8vcs8._.js:776
[ 3151455ms] [LOG] [Fast Refresh] done in 34ms @ http://localhost:3001/_next/static/chunks/node_modules_next_dist_1e8vcs8._.js:776
[ 3151518ms] [LOG] [Fast Refresh] done in 34ms @ http://localhost:3001/_next/static/chunks/node_modules_next_dist_1e8vcs8._.js:776
[ 3151581ms] [LOG] [Fast Refresh] done in 34ms @ http://localhost:3001/_next/static/chunks/node_modules_next_dist_1e8vcs8._.js:776
[ 3151643ms] [LOG] [Fast Refresh] done in 34ms @ http://localhost:3001/_next/static/chunks/node_modules_next_dist_1e8vcs8._.js:776
[ 3151706ms] [LOG] [Fast Refresh] done in 34ms @ http://localhost:3001/_next/static/chunks/node_modules_next_dist_1e8vcs8._.js:776
[ 3151769ms] [LOG] [Fast Refresh] done in 34ms @ http://localhost:3001/_next/static/chunks/node_modules_next_dist_1e8vcs8._.js:776
[ 3151833ms] [LOG] [Fast Refresh] done in 34ms @ http://localhost:3001/_next/static/chunks/node_modules_next_dist_1e8vcs8._.js:776
[ 3151894ms] [LOG] [Fast Refresh] done in 34ms @ http://localhost:3001/_next/static/chunks/node_modules_next_dist_1e8vcs8._.js:776
[ 3151958ms] [LOG] [Fast Refresh] done in 34ms @ http://localhost:3001/_next/static/chunks/node_modules_next_dist_1e8vcs8._.js:776
[ 3152021ms] [LOG] [Fast Refresh] done in 34ms @ http://localhost:3001/_next/static/chunks/node_modules_next_dist_1e8vcs8._.js:776
[ 3152083ms] [LOG] [Fast Refresh] done in 34ms @ http://localhost:3001/_next/static/chunks/node_modules_next_dist_1e8vcs8._.js:776
[ 3152146ms] [LOG] [Fast Refresh] done in 34ms @ http://localhost:3001/_next/static/chunks/node_modules_next_dist_1e8vcs8._.js:776
[ 3152209ms] [LOG] [Fast Refresh] done in 34ms @ http://localhost:3001/_next/static/chunks/node_modules_next_dist_1e8vcs8._.js:776
[ 3152270ms] [LOG] [Fast Refresh] done in 34ms @ http://localhost:3001/_next/static/chunks/node_modules_next_dist_1e8vcs8._.js:776
[ 3152333ms] [LOG] [Fast Refresh] done in 34ms @ http://localhost:3001/_next/static/chunks/node_modules_next_dist_1e8vcs8._.js:776
[ 3152395ms] [LOG] [Fast Refresh] done in 34ms @ http://localhost:3001/_next/static/chunks/node_modules_next_dist_1e8vcs8._.js:776
[ 3152458ms] [LOG] [Fast Refresh] done in 34ms @ http://localhost:3001/_next/static/chunks/node_modules_next_dist_1e8vcs8._.js:776
[ 3152522ms] [LOG] [Fast Refresh] done in 34ms @ http://localhost:3001/_next/static/chunks/node_modules_next_dist_1e8vcs8._.js:776
[ 3152583ms] [LOG] [Fast Refresh] done in 34ms @ http://localhost:3001/_next/static/chunks/node_modules_next_dist_1e8vcs8._.js:776
[ 3152645ms] [LOG] [Fast Refresh] done in 34ms @ http://localhost:3001/_next/static/chunks/node_modules_next_dist_1e8vcs8._.js:776
[ 3152708ms] [LOG] [Fast Refresh] done in 34ms @ http://localhost:3001/_next/static/chunks/node_modules_next_dist_1e8vcs8._.js:776
[ 3152772ms] [LOG] [Fast Refresh] done in 34ms @ http://localhost:3001/_next/static/chunks/node_modules_next_dist_1e8vcs8._.js:776
[ 3152833ms] [LOG] [Fast Refresh] done in 34ms @ http://localhost:3001/_next/static/chunks/node_modules_next_dist_1e8vcs8._.js:776
[ 3152896ms] [LOG] [Fast Refresh] done in 34ms @ http://localhost:3001/_next/static/chunks/node_modules_next_dist_1e8vcs8._.js:776
[ 3152957ms] [LOG] [Fast Refresh] done in 34ms @ http://localhost:3001/_next/static/chunks/node_modules_next_dist_1e8vcs8._.js:776
[ 3153020ms] [LOG] [Fast Refresh] done in 34ms @ http://localhost:3001/_next/static/chunks/node_modules_next_dist_1e8vcs8._.js:776
[ 3153082ms] [LOG] [Fast Refresh] done in 34ms @ http://localhost:3001/_next/static/chunks/node_modules_next_dist_1e8vcs8._.js:776
[ 3153145ms] [LOG] [Fast Refresh] done in 34ms @ http://localhost:3001/_next/static/chunks/node_modules_next_dist_1e8vcs8._.js:776
[ 3153208ms] [LOG] [Fast Refresh] done in 34ms @ http://localhost:3001/_next/static/chunks/node_modules_next_dist_1e8vcs8._.js:776
[ 3153269ms] [LOG] [Fast Refresh] done in 34ms @ http://localhost:3001/_next/static/chunks/node_modules_next_dist_1e8vcs8._.js:776
[ 3153331ms] [LOG] [Fast Refresh] done in 34ms @ http://localhost:3001/_next/static/chunks/node_modules_next_dist_1e8vcs8._.js:776
[ 3153394ms] [LOG] [Fast Refresh] done in 34ms @ http://localhost:3001/_next/static/chunks/node_modules_next_dist_1e8vcs8._.js:776
[ 3153456ms] [LOG] [Fast Refresh] done in 34ms @ http://localhost:3001/_next/static/chunks/node_modules_next_dist_1e8vcs8._.js:776
[ 3153519ms] [LOG] [Fast Refresh] done in 34ms @ http://localhost:3001/_next/static/chunks/node_modules_next_dist_1e8vcs8._.js:776
[ 3153582ms] [LOG] [Fast Refresh] done in 34ms @ http://localhost:3001/_next/static/chunks/node_modules_next_dist_1e8vcs8._.js:776
[ 3153644ms] [LOG] [Fast Refresh] done in 34ms @ http://localhost:3001/_next/static/chunks/node_modules_next_dist_1e8vcs8._.js:776
[ 3153706ms] [LOG] [Fast Refresh] done in 34ms @ http://localhost:3001/_next/static/chunks/node_modules_next_dist_1e8vcs8._.js:776
[ 3153769ms] [LOG] [Fast Refresh] done in 34ms @ http://localhost:3001/_next/static/chunks/node_modules_next_dist_1e8vcs8._.js:776
[ 3153830ms] [LOG] [Fast Refresh] done in 34ms @ http://localhost:3001/_next/static/chunks/node_modules_next_dist_1e8vcs8._.js:776
[ 3153893ms] [LOG] [Fast Refresh] done in 34ms @ http://localhost:3001/_next/static/chunks/node_modules_next_dist_1e8vcs8._.js:776
[ 3153957ms] [LOG] [Fast Refresh] done in 34ms @ http://localhost:3001/_next/static/chunks/node_modules_next_dist_1e8vcs8._.js:776
[ 3154018ms] [LOG] [Fast Refresh] done in 34ms @ http://localhost:3001/_next/static/chunks/node_modules_next_dist_1e8vcs8._.js:776
[ 3154081ms] [LOG] [Fast Refresh] done in 34ms @ http://localhost:3001/_next/static/chunks/node_modules_next_dist_1e8vcs8._.js:776
[ 3154144ms] [LOG] [Fast Refresh] done in 34ms @ http://localhost:3001/_next/static/chunks/node_modules_next_dist_1e8vcs8._.js:776
[ 3154207ms] [LOG] [Fast Refresh] done in 34ms @ http://localhost:3001/_next/static/chunks/node_modules_next_dist_1e8vcs8._.js:776
[ 3154268ms] [LOG] [Fast Refresh] done in 34ms @ http://localhost:3001/_next/static/chunks/node_modules_next_dist_1e8vcs8._.js:776
[ 3154331ms] [LOG] [Fast Refresh] done in 34ms @ http://localhost:3001/_next/static/chunks/node_modules_next_dist_1e8vcs8._.js:776
[ 3154394ms] [LOG] [Fast Refresh] done in 34ms @ http://localhost:3001/_next/static/chunks/node_modules_next_dist_1e8vcs8._.js:776
[ 3154455ms] [LOG] [Fast Refresh] done in 34ms @ http://localhost:3001/_next/static/chunks/node_modules_next_dist_1e8vcs8._.js:776
[ 3154517ms] [LOG] [Fast Refresh] done in 34ms @ http://localhost:3001/_next/static/chunks/node_modules_next_dist_1e8vcs8._.js:776
[ 3154579ms] [LOG] [Fast Refresh] done in 34ms @ http://localhost:3001/_next/static/chunks/node_modules_next_dist_1e8vcs8._.js:776
[ 3154641ms] [LOG] [Fast Refresh] done in 34ms @ http://localhost:3001/_next/static/chunks/node_modules_next_dist_1e8vcs8._.js:776
[ 3154704ms] [LOG] [Fast Refresh] done in 34ms @ http://localhost:3001/_next/static/chunks/node_modules_next_dist_1e8vcs8._.js:776
[ 3154768ms] [LOG] [Fast Refresh] done in 34ms @ http://localhost:3001/_next/static/chunks/node_modules_next_dist_1e8vcs8._.js:776
[ 3154829ms] [LOG] [Fast Refresh] done in 34ms @ http://localhost:3001/_next/static/chunks/node_modules_next_dist_1e8vcs8._.js:776
[ 3154893ms] [LOG] [Fast Refresh] done in 34ms @ http://localhost:3001/_next/static/chunks/node_modules_next_dist_1e8vcs8._.js:776
[ 3154955ms] [LOG] [Fast Refresh] done in 34ms @ http://localhost:3001/_next/static/chunks/node_modules_next_dist_1e8vcs8._.js:776
[ 3155018ms] [LOG] [Fast Refresh] done in 34ms @ http://localhost:3001/_next/static/chunks/node_modules_next_dist_1e8vcs8._.js:776
[ 3155080ms] [LOG] [Fast Refresh] done in 34ms @ http://localhost:3001/_next/static/chunks/node_modules_next_dist_1e8vcs8._.js:776
[ 3155142ms] [LOG] [Fast Refresh] done in 34ms @ http://localhost:3001/_next/static/chunks/node_modules_next_dist_1e8vcs8._.js:776
[ 3155204ms] [LOG] [Fast Refresh] done in 34ms @ http://localhost:3001/_next/static/chunks/node_modules_next_dist_1e8vcs8._.js:776
[ 3155266ms] [LOG] [Fast Refresh] done in 34ms @ http://localhost:3001/_next/static/chunks/node_modules_next_dist_1e8vcs8._.js:776
[ 3155328ms] [LOG] [Fast Refresh] done in 34ms @ http://localhost:3001/_next/static/chunks/node_modules_next_dist_1e8vcs8._.js:776
[ 3155392ms] [LOG] [Fast Refresh] done in 34ms @ http://localhost:3001/_next/static/chunks/node_modules_next_dist_1e8vcs8._.js:776
[ 3155454ms] [LOG] [Fast Refresh] done in 34ms @ http://localhost:3001/_next/static/chunks/node_modules_next_dist_1e8vcs8._.js:776
[ 3155516ms] [LOG] [Fast Refresh] done in 34ms @ http://localhost:3001/_next/static/chunks/node_modules_next_dist_1e8vcs8._.js:776
[ 3155578ms] [LOG] [Fast Refresh] done in 34ms @ http://localhost:3001/_next/static/chunks/node_modules_next_dist_1e8vcs8._.js:776
[ 3155639ms] [LOG] [Fast Refresh] done in 34ms @ http://localhost:3001/_next/static/chunks/node_modules_next_dist_1e8vcs8._.js:776
[ 3155702ms] [LOG] [Fast Refresh] done in 34ms @ http://localhost:3001/_next/static/chunks/node_modules_next_dist_1e8vcs8._.js:776
[ 3155766ms] [LOG] [Fast Refresh] done in 34ms @ http://localhost:3001/_next/static/chunks/node_modules_next_dist_1e8vcs8._.js:776
[ 3155829ms] [LOG] [Fast Refresh] done in 34ms @ http://localhost:3001/_next/static/chunks/node_modules_next_dist_1e8vcs8._.js:776
[ 3155890ms] [LOG] [Fast Refresh] done in 34ms @ http://localhost:3001/_next/static/chunks/node_modules_next_dist_1e8vcs8._.js:776
[ 3155953ms] [LOG] [Fast Refresh] done in 34ms @ http://localhost:3001/_next/static/chunks/node_modules_next_dist_1e8vcs8._.js:776
[ 3156017ms] [LOG] [Fast Refresh] done in 34ms @ http://localhost:3001/_next/static/chunks/node_modules_next_dist_1e8vcs8._.js:776
[ 3156077ms] [LOG] [Fast Refresh] done in 34ms @ http://localhost:3001/_next/static/chunks/node_modules_next_dist_1e8vcs8._.js:776
[ 3156139ms] [LOG] [Fast Refresh] done in 34ms @ http://localhost:3001/_next/static/chunks/node_modules_next_dist_1e8vcs8._.js:776
[ 3156200ms] [LOG] [Fast Refresh] done in 34ms @ http://localhost:3001/_next/static/chunks/node_modules_next_dist_1e8vcs8._.js:776
[ 3156261ms] [LOG] [Fast Refresh] done in 34ms @ http://localhost:3001/_next/static/chunks/node_modules_next_dist_1e8vcs8._.js:776
[ 3156324ms] [LOG] [Fast Refresh] done in 34ms @ http://localhost:3001/_next/static/chunks/node_modules_next_dist_1e8vcs8._.js:776
[ 3156385ms] [LOG] [Fast Refresh] done in 34ms @ http://localhost:3001/_next/static/chunks/node_modules_next_dist_1e8vcs8._.js:776
[ 3156450ms] [LOG] [Fast Refresh] done in 34ms @ http://localhost:3001/_next/static/chunks/node_modules_next_dist_1e8vcs8._.js:776
[ 3156513ms] [LOG] [Fast Refresh] done in 34ms @ http://localhost:3001/_next/static/chunks/node_modules_next_dist_1e8vcs8._.js:776
[ 3156574ms] [LOG] [Fast Refresh] done in 34ms @ http://localhost:3001/_next/static/chunks/node_modules_next_dist_1e8vcs8._.js:776
[ 3156636ms] [LOG] [Fast Refresh] done in 34ms @ http://localhost:3001/_next/static/chunks/node_modules_next_dist_1e8vcs8._.js:776
[ 3156700ms] [LOG] [Fast Refresh] done in 34ms @ http://localhost:3001/_next/static/chunks/node_modules_next_dist_1e8vcs8._.js:776
[ 3156762ms] [LOG] [Fast Refresh] done in 34ms @ http://localhost:3001/_next/static/chunks/node_modules_next_dist_1e8vcs8._.js:776
[ 3156824ms] [LOG] [Fast Refresh] done in 34ms @ http://localhost:3001/_next/static/chunks/node_modules_next_dist_1e8vcs8._.js:776
[ 3156886ms] [LOG] [Fast Refresh] done in 34ms @ http://localhost:3001/_next/static/chunks/node_modules_next_dist_1e8vcs8._.js:776
[ 3156948ms] [LOG] [Fast Refresh] done in 34ms @ http://localhost:3001/_next/static/chunks/node_modules_next_dist_1e8vcs8._.js:776
[ 3157011ms] [LOG] [Fast Refresh] done in 34ms @ http://localhost:3001/_next/static/chunks/node_modules_next_dist_1e8vcs8._.js:776
[ 3157073ms] [LOG] [Fast Refresh] done in 34ms @ http://localhost:3001/_next/static/chunks/node_modules_next_dist_1e8vcs8._.js:776
[ 3157135ms] [LOG] [Fast Refresh] done in 34ms @ http://localhost:3001/_next/static/chunks/node_modules_next_dist_1e8vcs8._.js:776
[ 3157198ms] [LOG] [Fast Refresh] done in 34ms @ http://localhost:3001/_next/static/chunks/node_modules_next_dist_1e8vcs8._.js:776
[ 3157260ms] [LOG] [Fast Refresh] done in 34ms @ http://localhost:3001/_next/static/chunks/node_modules_next_dist_1e8vcs8._.js:776
[ 3157319ms] [LOG] [Fast Refresh] done in 34ms @ http://localhost:3001/_next/static/chunks/node_modules_next_dist_1e8vcs8._.js:776
[ 3157381ms] [LOG] [Fast Refresh] done in 34ms @ http://localhost:3001/_next/static/chunks/node_modules_next_dist_1e8vcs8._.js:776
[ 3157442ms] [LOG] [Fast Refresh] done in 34ms @ http://localhost:3001/_next/static/chunks/node_modules_next_dist_1e8vcs8._.js:776
[ 3157503ms] [LOG] [Fast Refresh] done in 34ms @ http://localhost:3001/_next/static/chunks/node_modules_next_dist_1e8vcs8._.js:776
[ 3157564ms] [LOG] [Fast Refresh] done in 34ms @ http://localhost:3001/_next/static/chunks/node_modules_next_dist_1e8vcs8._.js:776
[ 3157625ms] [LOG] [Fast Refresh] done in 34ms @ http://localhost:3001/_next/static/chunks/node_modules_next_dist_1e8vcs8._.js:776
[ 3157686ms] [LOG] [Fast Refresh] done in 34ms @ http://localhost:3001/_next/static/chunks/node_modules_next_dist_1e8vcs8._.js:776
[ 3157749ms] [LOG] [Fast Refresh] done in 34ms @ http://localhost:3001/_next/static/chunks/node_modules_next_dist_1e8vcs8._.js:776
[ 3157811ms] [LOG] [Fast Refresh] done in 34ms @ http://localhost:3001/_next/static/chunks/node_modules_next_dist_1e8vcs8._.js:776
[ 3157874ms] [LOG] [Fast Refresh] done in 34ms @ http://localhost:3001/_next/static/chunks/node_modules_next_dist_1e8vcs8._.js:776
[ 3157935ms] [LOG] [Fast Refresh] done in 34ms @ http://localhost:3001/_next/static/chunks/node_modules_next_dist_1e8vcs8._.js:776
[ 3158000ms] [LOG] [Fast Refresh] done in 34ms @ http://localhost:3001/_next/static/chunks/node_modules_next_dist_1e8vcs8._.js:776
[ 3158063ms] [LOG] [Fast Refresh] done in 34ms @ http://localhost:3001/_next/static/chunks/node_modules_next_dist_1e8vcs8._.js:776
[ 3158126ms] [LOG] [Fast Refresh] done in 34ms @ http://localhost:3001/_next/static/chunks/node_modules_next_dist_1e8vcs8._.js:776
[ 3158189ms] [LOG] [Fast Refresh] done in 34ms @ http://localhost:3001/_next/static/chunks/node_modules_next_dist_1e8vcs8._.js:776
[ 3158252ms] [LOG] [Fast Refresh] done in 34ms @ http://localhost:3001/_next/static/chunks/node_modules_next_dist_1e8vcs8._.js:776
[ 3158314ms] [LOG] [Fast Refresh] done in 34ms @ http://localhost:3001/_next/static/chunks/node_modules_next_dist_1e8vcs8._.js:776
[ 3158526ms] [LOG] [Fast Refresh] rebuilding @ http://localhost:3001/_next/static/chunks/node_modules_next_dist_1e8vcs8._.js:776
[ 3158631ms] [LOG] [Fast Refresh] done in 58ms @ http://localhost:3001/_next/static/chunks/node_modules_next_dist_1e8vcs8._.js:776
[ 3170649ms] [ERROR] Failed to load resource: the server responded with a status of 404 (Not Found) @ http://localhost:3001/fonts/BantayogSans-ExtraBold.woff2:0
[ 3170722ms] [ERROR] Failed to load resource: the server responded with a status of 404 (Not Found) @ http://localhost:3001/fonts/GoodDogPlain.woff2:0
[ 3170812ms] [INFO] %cDownload the React DevTools for a better development experience: https://react.dev/link/react-devtools font-weight:bold @ http://localhost:3001/_next/static/chunks/node_modules_next_dist_1e8vcs8._.js:776
[ 3170903ms] [LOG] [HMR] connected @ http://localhost:3001/_next/static/chunks/node_modules_next_dist_1e8vcs8._.js:776
[ 3409036ms] [LOG] [Fast Refresh] rebuilding @ http://localhost:3001/_next/static/chunks/node_modules_next_dist_1e8vcs8._.js:776
[ 3409176ms] [LOG] [Fast Refresh] done in 71ms @ http://localhost:3001/_next/static/chunks/node_modules_next_dist_1e8vcs8._.js:776
[ 3420784ms] [ERROR] Failed to load resource: the server responded with a status of 404 (Not Found) @ http://localhost:3001/fonts/BantayogSans-ExtraBold.woff2:0
[ 3420837ms] [ERROR] Failed to load resource: the server responded with a status of 404 (Not Found) @ http://localhost:3001/fonts/GoodDogPlain.woff2:0
[ 3420881ms] [INFO] %cDownload the React DevTools for a better development experience: https://react.dev/link/react-devtools font-weight:bold @ http://localhost:3001/_next/static/chunks/node_modules_next_dist_1e8vcs8._.js:776
[ 3420915ms] [LOG] [HMR] connected @ http://localhost:3001/_next/static/chunks/node_modules_next_dist_1e8vcs8._.js:776
[ 4501734ms] [ERROR] Failed to load resource: the server responded with a status of 404 (Not Found) @ http://localhost:3001/fonts/BantayogSans-ExtraBold.woff2:0
[ 4501848ms] [ERROR] Failed to load resource: the server responded with a status of 404 (Not Found) @ http://localhost:3001/fonts/GoodDogPlain.woff2:0
[ 4501936ms] [INFO] %cDownload the React DevTools for a better development experience: https://react.dev/link/react-devtools font-weight:bold @ http://localhost:3001/_next/static/chunks/node_modules_next_dist_1e8vcs8._.js:776
[ 4501972ms] [LOG] [HMR] connected @ http://localhost:3001/_next/static/chunks/node_modules_next_dist_1e8vcs8._.js:776
[ 4523538ms] [LOG] [Fast Refresh] rebuilding @ http://localhost:3001/_next/static/chunks/node_modules_next_dist_1e8vcs8._.js:776
[ 4523692ms] [LOG] [Fast Refresh] done in 51ms @ http://localhost:3001/_next/static/chunks/node_modules_next_dist_1e8vcs8._.js:776
[ 4523798ms] [LOG] [Fast Refresh] done in 51ms @ http://localhost:3001/_next/static/chunks/node_modules_next_dist_1e8vcs8._.js:776
[ 4523890ms] [LOG] [Fast Refresh] done in 51ms @ http://localhost:3001/_next/static/chunks/node_modules_next_dist_1e8vcs8._.js:776
[ 4523946ms] [LOG] [Fast Refresh] done in 51ms @ http://localhost:3001/_next/static/chunks/node_modules_next_dist_1e8vcs8._.js:776
[ 4524007ms] [LOG] [Fast Refresh] done in 51ms @ http://localhost:3001/_next/static/chunks/node_modules_next_dist_1e8vcs8._.js:776
[ 4524070ms] [LOG] [Fast Refresh] done in 51ms @ http://localhost:3001/_next/static/chunks/node_modules_next_dist_1e8vcs8._.js:776
[ 4524130ms] [LOG] [Fast Refresh] done in 51ms @ http://localhost:3001/_next/static/chunks/node_modules_next_dist_1e8vcs8._.js:776
[ 4524192ms] [LOG] [Fast Refresh] done in 51ms @ http://localhost:3001/_next/static/chunks/node_modules_next_dist_1e8vcs8._.js:776
[ 4524254ms] [LOG] [Fast Refresh] done in 51ms @ http://localhost:3001/_next/static/chunks/node_modules_next_dist_1e8vcs8._.js:776
[ 4524318ms] [LOG] [Fast Refresh] done in 51ms @ http://localhost:3001/_next/static/chunks/node_modules_next_dist_1e8vcs8._.js:776
[ 4524380ms] [LOG] [Fast Refresh] done in 51ms @ http://localhost:3001/_next/static/chunks/node_modules_next_dist_1e8vcs8._.js:776
[ 4524443ms] [LOG] [Fast Refresh] done in 51ms @ http://localhost:3001/_next/static/chunks/node_modules_next_dist_1e8vcs8._.js:776
[ 4524505ms] [LOG] [Fast Refresh] done in 51ms @ http://localhost:3001/_next/static/chunks/node_modules_next_dist_1e8vcs8._.js:776
[ 4524567ms] [LOG] [Fast Refresh] done in 51ms @ http://localhost:3001/_next/static/chunks/node_modules_next_dist_1e8vcs8._.js:776
[ 4524629ms] [LOG] [Fast Refresh] done in 51ms @ http://localhost:3001/_next/static/chunks/node_modules_next_dist_1e8vcs8._.js:776
[ 4524690ms] [LOG] [Fast Refresh] done in 51ms @ http://localhost:3001/_next/static/chunks/node_modules_next_dist_1e8vcs8._.js:776
[ 4524752ms] [LOG] [Fast Refresh] done in 51ms @ http://localhost:3001/_next/static/chunks/node_modules_next_dist_1e8vcs8._.js:776
[ 4524814ms] [LOG] [Fast Refresh] done in 51ms @ http://localhost:3001/_next/static/chunks/node_modules_next_dist_1e8vcs8._.js:776
[ 4524877ms] [LOG] [Fast Refresh] done in 51ms @ http://localhost:3001/_next/static/chunks/node_modules_next_dist_1e8vcs8._.js:776
[ 4524938ms] [LOG] [Fast Refresh] done in 51ms @ http://localhost:3001/_next/static/chunks/node_modules_next_dist_1e8vcs8._.js:776
[ 4525001ms] [LOG] [Fast Refresh] done in 51ms @ http://localhost:3001/_next/static/chunks/node_modules_next_dist_1e8vcs8._.js:776
[ 4525062ms] [LOG] [Fast Refresh] done in 51ms @ http://localhost:3001/_next/static/chunks/node_modules_next_dist_1e8vcs8._.js:776
[ 4525126ms] [LOG] [Fast Refresh] done in 51ms @ http://localhost:3001/_next/static/chunks/node_modules_next_dist_1e8vcs8._.js:776
[ 4525202ms] [LOG] [Fast Refresh] done in 51ms @ http://localhost:3001/_next/static/chunks/node_modules_next_dist_1e8vcs8._.js:776
[ 4525265ms] [LOG] [Fast Refresh] done in 51ms @ http://localhost:3001/_next/static/chunks/node_modules_next_dist_1e8vcs8._.js:776
[ 4525328ms] [LOG] [Fast Refresh] done in 51ms @ http://localhost:3001/_next/static/chunks/node_modules_next_dist_1e8vcs8._.js:776
[ 4525391ms] [LOG] [Fast Refresh] done in 51ms @ http://localhost:3001/_next/static/chunks/node_modules_next_dist_1e8vcs8._.js:776
[ 4525451ms] [LOG] [Fast Refresh] done in 51ms @ http://localhost:3001/_next/static/chunks/node_modules_next_dist_1e8vcs8._.js:776
[ 4525514ms] [LOG] [Fast Refresh] done in 51ms @ http://localhost:3001/_next/static/chunks/node_modules_next_dist_1e8vcs8._.js:776
[ 4525576ms] [LOG] [Fast Refresh] done in 51ms @ http://localhost:3001/_next/static/chunks/node_modules_next_dist_1e8vcs8._.js:776
[ 4525638ms] [LOG] [Fast Refresh] done in 51ms @ http://localhost:3001/_next/static/chunks/node_modules_next_dist_1e8vcs8._.js:776
[ 4525702ms] [LOG] [Fast Refresh] done in 51ms @ http://localhost:3001/_next/static/chunks/node_modules_next_dist_1e8vcs8._.js:776
[ 4525762ms] [LOG] [Fast Refresh] done in 51ms @ http://localhost:3001/_next/static/chunks/node_modules_next_dist_1e8vcs8._.js:776
[ 4525824ms] [LOG] [Fast Refresh] done in 51ms @ http://localhost:3001/_next/static/chunks/node_modules_next_dist_1e8vcs8._.js:776
[ 4525887ms] [LOG] [Fast Refresh] done in 51ms @ http://localhost:3001/_next/static/chunks/node_modules_next_dist_1e8vcs8._.js:776
[ 4525948ms] [LOG] [Fast Refresh] done in 51ms @ http://localhost:3001/_next/static/chunks/node_modules_next_dist_1e8vcs8._.js:776
[ 4526010ms] [LOG] [Fast Refresh] done in 51ms @ http://localhost:3001/_next/static/chunks/node_modules_next_dist_1e8vcs8._.js:776
[ 4526104ms] [LOG] [Fast Refresh] done in 51ms @ http://localhost:3001/_next/static/chunks/node_modules_next_dist_1e8vcs8._.js:776
[ 4526167ms] [LOG] [Fast Refresh] done in 51ms @ http://localhost:3001/_next/static/chunks/node_modules_next_dist_1e8vcs8._.js:776
[ 4526229ms] [LOG] [Fast Refresh] done in 51ms @ http://localhost:3001/_next/static/chunks/node_modules_next_dist_1e8vcs8._.js:776
[ 4526307ms] [LOG] [Fast Refresh] done in 51ms @ http://localhost:3001/_next/static/chunks/node_modules_next_dist_1e8vcs8._.js:776
[ 4526370ms] [LOG] [Fast Refresh] done in 51ms @ http://localhost:3001/_next/static/chunks/node_modules_next_dist_1e8vcs8._.js:776
[ 4526432ms] [LOG] [Fast Refresh] done in 51ms @ http://localhost:3001/_next/static/chunks/node_modules_next_dist_1e8vcs8._.js:776
[ 4526494ms] [LOG] [Fast Refresh] done in 51ms @ http://localhost:3001/_next/static/chunks/node_modules_next_dist_1e8vcs8._.js:776
[ 4526556ms] [LOG] [Fast Refresh] done in 51ms @ http://localhost:3001/_next/static/chunks/node_modules_next_dist_1e8vcs8._.js:776
[ 4526618ms] [LOG] [Fast Refresh] done in 51ms @ http://localhost:3001/_next/static/chunks/node_modules_next_dist_1e8vcs8._.js:776
[ 4526680ms] [LOG] [Fast Refresh] done in 51ms @ http://localhost:3001/_next/static/chunks/node_modules_next_dist_1e8vcs8._.js:776
[ 4526743ms] [LOG] [Fast Refresh] done in 51ms @ http://localhost:3001/_next/static/chunks/node_modules_next_dist_1e8vcs8._.js:776
[ 4526805ms] [LOG] [Fast Refresh] done in 51ms @ http://localhost:3001/_next/static/chunks/node_modules_next_dist_1e8vcs8._.js:776
[ 4526866ms] [LOG] [Fast Refresh] done in 51ms @ http://localhost:3001/_next/static/chunks/node_modules_next_dist_1e8vcs8._.js:776
[ 4526929ms] [LOG] [Fast Refresh] done in 51ms @ http://localhost:3001/_next/static/chunks/node_modules_next_dist_1e8vcs8._.js:776
[ 4526993ms] [LOG] [Fast Refresh] done in 51ms @ http://localhost:3001/_next/static/chunks/node_modules_next_dist_1e8vcs8._.js:776
[ 4527056ms] [LOG] [Fast Refresh] done in 51ms @ http://localhost:3001/_next/static/chunks/node_modules_next_dist_1e8vcs8._.js:776
[ 4527119ms] [LOG] [Fast Refresh] done in 51ms @ http://localhost:3001/_next/static/chunks/node_modules_next_dist_1e8vcs8._.js:776
[ 4527181ms] [LOG] [Fast Refresh] done in 51ms @ http://localhost:3001/_next/static/chunks/node_modules_next_dist_1e8vcs8._.js:776
[ 4527243ms] [LOG] [Fast Refresh] done in 51ms @ http://localhost:3001/_next/static/chunks/node_modules_next_dist_1e8vcs8._.js:776
[ 4527304ms] [LOG] [Fast Refresh] done in 51ms @ http://localhost:3001/_next/static/chunks/node_modules_next_dist_1e8vcs8._.js:776
[ 4527368ms] [LOG] [Fast Refresh] done in 51ms @ http://localhost:3001/_next/static/chunks/node_modules_next_dist_1e8vcs8._.js:776
[ 4527431ms] [LOG] [Fast Refresh] done in 51ms @ http://localhost:3001/_next/static/chunks/node_modules_next_dist_1e8vcs8._.js:776
[ 4527492ms] [LOG] [Fast Refresh] done in 51ms @ http://localhost:3001/_next/static/chunks/node_modules_next_dist_1e8vcs8._.js:776
[ 4527554ms] [LOG] [Fast Refresh] done in 51ms @ http://localhost:3001/_next/static/chunks/node_modules_next_dist_1e8vcs8._.js:776
[ 4527616ms] [LOG] [Fast Refresh] done in 51ms @ http://localhost:3001/_next/static/chunks/node_modules_next_dist_1e8vcs8._.js:776
[ 4527677ms] [LOG] [Fast Refresh] done in 51ms @ http://localhost:3001/_next/static/chunks/node_modules_next_dist_1e8vcs8._.js:776
[ 4527738ms] [LOG] [Fast Refresh] done in 51ms @ http://localhost:3001/_next/static/chunks/node_modules_next_dist_1e8vcs8._.js:776
[ 4527800ms] [LOG] [Fast Refresh] done in 51ms @ http://localhost:3001/_next/static/chunks/node_modules_next_dist_1e8vcs8._.js:776
[ 4527861ms] [LOG] [Fast Refresh] done in 51ms @ http://localhost:3001/_next/static/chunks/node_modules_next_dist_1e8vcs8._.js:776
[ 4527922ms] [LOG] [Fast Refresh] done in 51ms @ http://localhost:3001/_next/static/chunks/node_modules_next_dist_1e8vcs8._.js:776
[ 4527984ms] [LOG] [Fast Refresh] done in 51ms @ http://localhost:3001/_next/static/chunks/node_modules_next_dist_1e8vcs8._.js:776
[ 4528045ms] [LOG] [Fast Refresh] done in 51ms @ http://localhost:3001/_next/static/chunks/node_modules_next_dist_1e8vcs8._.js:776
[ 4528108ms] [LOG] [Fast Refresh] done in 51ms @ http://localhost:3001/_next/static/chunks/node_modules_next_dist_1e8vcs8._.js:776
[ 4528172ms] [LOG] [Fast Refresh] done in 51ms @ http://localhost:3001/_next/static/chunks/node_modules_next_dist_1e8vcs8._.js:776
[ 4528236ms] [LOG] [Fast Refresh] done in 51ms @ http://localhost:3001/_next/static/chunks/node_modules_next_dist_1e8vcs8._.js:776
[ 4528299ms] [LOG] [Fast Refresh] done in 51ms @ http://localhost:3001/_next/static/chunks/node_modules_next_dist_1e8vcs8._.js:776
[ 4528361ms] [LOG] [Fast Refresh] done in 51ms @ http://localhost:3001/_next/static/chunks/node_modules_next_dist_1e8vcs8._.js:776
[ 4528425ms] [LOG] [Fast Refresh] done in 51ms @ http://localhost:3001/_next/static/chunks/node_modules_next_dist_1e8vcs8._.js:776
[ 4528489ms] [LOG] [Fast Refresh] done in 51ms @ http://localhost:3001/_next/static/chunks/node_modules_next_dist_1e8vcs8._.js:776
[ 4528552ms] [LOG] [Fast Refresh] done in 51ms @ http://localhost:3001/_next/static/chunks/node_modules_next_dist_1e8vcs8._.js:776
[ 4528614ms] [LOG] [Fast Refresh] done in 51ms @ http://localhost:3001/_next/static/chunks/node_modules_next_dist_1e8vcs8._.js:776
[ 4528676ms] [LOG] [Fast Refresh] done in 51ms @ http://localhost:3001/_next/static/chunks/node_modules_next_dist_1e8vcs8._.js:776
[ 4528738ms] [LOG] [Fast Refresh] done in 51ms @ http://localhost:3001/_next/static/chunks/node_modules_next_dist_1e8vcs8._.js:776
[ 4528799ms] [LOG] [Fast Refresh] done in 51ms @ http://localhost:3001/_next/static/chunks/node_modules_next_dist_1e8vcs8._.js:776
[ 4528862ms] [LOG] [Fast Refresh] done in 51ms @ http://localhost:3001/_next/static/chunks/node_modules_next_dist_1e8vcs8._.js:776
[ 4528924ms] [LOG] [Fast Refresh] done in 51ms @ http://localhost:3001/_next/static/chunks/node_modules_next_dist_1e8vcs8._.js:776
[ 4528985ms] [LOG] [Fast Refresh] done in 51ms @ http://localhost:3001/_next/static/chunks/node_modules_next_dist_1e8vcs8._.js:776
[ 4529048ms] [LOG] [Fast Refresh] done in 51ms @ http://localhost:3001/_next/static/chunks/node_modules_next_dist_1e8vcs8._.js:776
[ 4529111ms] [LOG] [Fast Refresh] done in 51ms @ http://localhost:3001/_next/static/chunks/node_modules_next_dist_1e8vcs8._.js:776
[ 4529173ms] [LOG] [Fast Refresh] done in 51ms @ http://localhost:3001/_next/static/chunks/node_modules_next_dist_1e8vcs8._.js:776
[ 4529236ms] [LOG] [Fast Refresh] done in 51ms @ http://localhost:3001/_next/static/chunks/node_modules_next_dist_1e8vcs8._.js:776
[ 4529299ms] [LOG] [Fast Refresh] done in 51ms @ http://localhost:3001/_next/static/chunks/node_modules_next_dist_1e8vcs8._.js:776
[ 4529361ms] [LOG] [Fast Refresh] done in 51ms @ http://localhost:3001/_next/static/chunks/node_modules_next_dist_1e8vcs8._.js:776
[ 4529423ms] [LOG] [Fast Refresh] done in 51ms @ http://localhost:3001/_next/static/chunks/node_modules_next_dist_1e8vcs8._.js:776
[ 4529485ms] [LOG] [Fast Refresh] done in 51ms @ http://localhost:3001/_next/static/chunks/node_modules_next_dist_1e8vcs8._.js:776
[ 4529547ms] [LOG] [Fast Refresh] done in 51ms @ http://localhost:3001/_next/static/chunks/node_modules_next_dist_1e8vcs8._.js:776
[ 4529611ms] [LOG] [Fast Refresh] done in 51ms @ http://localhost:3001/_next/static/chunks/node_modules_next_dist_1e8vcs8._.js:776
[ 4529672ms] [LOG] [Fast Refresh] done in 51ms @ http://localhost:3001/_next/static/chunks/node_modules_next_dist_1e8vcs8._.js:776
[ 4529734ms] [LOG] [Fast Refresh] done in 51ms @ http://localhost:3001/_next/static/chunks/node_modules_next_dist_1e8vcs8._.js:776
[ 4529795ms] [LOG] [Fast Refresh] done in 51ms @ http://localhost:3001/_next/static/chunks/node_modules_next_dist_1e8vcs8._.js:776
[ 4529858ms] [LOG] [Fast Refresh] done in 51ms @ http://localhost:3001/_next/static/chunks/node_modules_next_dist_1e8vcs8._.js:776
[ 4532361ms] [ERROR] Failed to load resource: the server responded with a status of 404 (Not Found) @ http://localhost:3001/fonts/BantayogSans-ExtraBold.woff2:0
[ 4532487ms] [ERROR] Failed to load resource: the server responded with a status of 404 (Not Found) @ http://localhost:3001/fonts/GoodDogPlain.woff2:0
[ 4532543ms] [INFO] %cDownload the React DevTools for a better development experience: https://react.dev/link/react-devtools font-weight:bold @ http://localhost:3001/_next/static/chunks/node_modules_next_dist_1e8vcs8._.js:776
[ 4532580ms] [LOG] [HMR] connected @ http://localhost:3001/_next/static/chunks/node_modules_next_dist_1e8vcs8._.js:776
[ 6998629ms] [LOG] [Fast Refresh] rebuilding @ http://localhost:3001/_next/static/chunks/node_modules_next_dist_1e8vcs8._.js:776
[ 6998889ms] [LOG] [Fast Refresh] done in 203ms @ http://localhost:3001/_next/static/chunks/node_modules_next_dist_1e8vcs8._.js:776
[ 6998980ms] [LOG] [Fast Refresh] done in 203ms @ http://localhost:3001/_next/static/chunks/node_modules_next_dist_1e8vcs8._.js:776
[ 6999057ms] [LOG] [Fast Refresh] done in 203ms @ http://localhost:3001/_next/static/chunks/node_modules_next_dist_1e8vcs8._.js:776
[ 6999124ms] [LOG] [Fast Refresh] done in 203ms @ http://localhost:3001/_next/static/chunks/node_modules_next_dist_1e8vcs8._.js:776
[ 6999182ms] [LOG] [Fast Refresh] done in 203ms @ http://localhost:3001/_next/static/chunks/node_modules_next_dist_1e8vcs8._.js:776
[ 6999242ms] [LOG] [Fast Refresh] done in 203ms @ http://localhost:3001/_next/static/chunks/node_modules_next_dist_1e8vcs8._.js:776
[ 6999303ms] [LOG] [Fast Refresh] done in 203ms @ http://localhost:3001/_next/static/chunks/node_modules_next_dist_1e8vcs8._.js:776
[ 6999367ms] [LOG] [Fast Refresh] done in 203ms @ http://localhost:3001/_next/static/chunks/node_modules_next_dist_1e8vcs8._.js:776
[ 6999428ms] [LOG] [Fast Refresh] done in 203ms @ http://localhost:3001/_next/static/chunks/node_modules_next_dist_1e8vcs8._.js:776
[ 6999491ms] [LOG] [Fast Refresh] done in 203ms @ http://localhost:3001/_next/static/chunks/node_modules_next_dist_1e8vcs8._.js:776
[ 6999553ms] [LOG] [Fast Refresh] done in 203ms @ http://localhost:3001/_next/static/chunks/node_modules_next_dist_1e8vcs8._.js:776
[ 6999617ms] [LOG] [Fast Refresh] done in 203ms @ http://localhost:3001/_next/static/chunks/node_modules_next_dist_1e8vcs8._.js:776
[ 6999677ms] [LOG] [Fast Refresh] done in 203ms @ http://localhost:3001/_next/static/chunks/node_modules_next_dist_1e8vcs8._.js:776
[ 6999739ms] [LOG] [Fast Refresh] done in 203ms @ http://localhost:3001/_next/static/chunks/node_modules_next_dist_1e8vcs8._.js:776
[ 6999801ms] [LOG] [Fast Refresh] done in 203ms @ http://localhost:3001/_next/static/chunks/node_modules_next_dist_1e8vcs8._.js:776
[ 6999864ms] [LOG] [Fast Refresh] done in 203ms @ http://localhost:3001/_next/static/chunks/node_modules_next_dist_1e8vcs8._.js:776
[ 6999923ms] [LOG] [Fast Refresh] done in 203ms @ http://localhost:3001/_next/static/chunks/node_modules_next_dist_1e8vcs8._.js:776
[ 6999984ms] [LOG] [Fast Refresh] done in 203ms @ http://localhost:3001/_next/static/chunks/node_modules_next_dist_1e8vcs8._.js:776
[ 7000045ms] [LOG] [Fast Refresh] done in 203ms @ http://localhost:3001/_next/static/chunks/node_modules_next_dist_1e8vcs8._.js:776
[ 7000106ms] [LOG] [Fast Refresh] done in 203ms @ http://localhost:3001/_next/static/chunks/node_modules_next_dist_1e8vcs8._.js:776
[ 7000169ms] [LOG] [Fast Refresh] done in 203ms @ http://localhost:3001/_next/static/chunks/node_modules_next_dist_1e8vcs8._.js:776
[ 7000231ms] [LOG] [Fast Refresh] done in 203ms @ http://localhost:3001/_next/static/chunks/node_modules_next_dist_1e8vcs8._.js:776
[ 7000292ms] [LOG] [Fast Refresh] done in 203ms @ http://localhost:3001/_next/static/chunks/node_modules_next_dist_1e8vcs8._.js:776
[ 7000353ms] [LOG] [Fast Refresh] done in 203ms @ http://localhost:3001/_next/static/chunks/node_modules_next_dist_1e8vcs8._.js:776
[ 7000415ms] [LOG] [Fast Refresh] done in 203ms @ http://localhost:3001/_next/static/chunks/node_modules_next_dist_1e8vcs8._.js:776
[ 7000478ms] [LOG] [Fast Refresh] done in 203ms @ http://localhost:3001/_next/static/chunks/node_modules_next_dist_1e8vcs8._.js:776
[ 7000541ms] [LOG] [Fast Refresh] done in 203ms @ http://localhost:3001/_next/static/chunks/node_modules_next_dist_1e8vcs8._.js:776
[ 7000604ms] [LOG] [Fast Refresh] done in 203ms @ http://localhost:3001/_next/static/chunks/node_modules_next_dist_1e8vcs8._.js:776
[ 7000666ms] [LOG] [Fast Refresh] done in 203ms @ http://localhost:3001/_next/static/chunks/node_modules_next_dist_1e8vcs8._.js:776
[ 7000726ms] [LOG] [Fast Refresh] done in 203ms @ http://localhost:3001/_next/static/chunks/node_modules_next_dist_1e8vcs8._.js:776
[ 7000787ms] [LOG] [Fast Refresh] done in 203ms @ http://localhost:3001/_next/static/chunks/node_modules_next_dist_1e8vcs8._.js:776
[ 7000850ms] [LOG] [Fast Refresh] done in 203ms @ http://localhost:3001/_next/static/chunks/node_modules_next_dist_1e8vcs8._.js:776
[ 7000944ms] [LOG] [Fast Refresh] done in 203ms @ http://localhost:3001/_next/static/chunks/node_modules_next_dist_1e8vcs8._.js:776
[ 7001007ms] [LOG] [Fast Refresh] done in 203ms @ http://localhost:3001/_next/static/chunks/node_modules_next_dist_1e8vcs8._.js:776
[ 7001070ms] [LOG] [Fast Refresh] done in 203ms @ http://localhost:3001/_next/static/chunks/node_modules_next_dist_1e8vcs8._.js:776
[ 7001132ms] [LOG] [Fast Refresh] done in 203ms @ http://localhost:3001/_next/static/chunks/node_modules_next_dist_1e8vcs8._.js:776
[ 7001193ms] [LOG] [Fast Refresh] done in 203ms @ http://localhost:3001/_next/static/chunks/node_modules_next_dist_1e8vcs8._.js:776
[ 7001253ms] [LOG] [Fast Refresh] done in 203ms @ http://localhost:3001/_next/static/chunks/node_modules_next_dist_1e8vcs8._.js:776
[ 7001317ms] [LOG] [Fast Refresh] done in 203ms @ http://localhost:3001/_next/static/chunks/node_modules_next_dist_1e8vcs8._.js:776
[ 7001378ms] [LOG] [Fast Refresh] done in 203ms @ http://localhost:3001/_next/static/chunks/node_modules_next_dist_1e8vcs8._.js:776
[ 7001440ms] [LOG] [Fast Refresh] done in 203ms @ http://localhost:3001/_next/static/chunks/node_modules_next_dist_1e8vcs8._.js:776
[ 7001504ms] [LOG] [Fast Refresh] done in 203ms @ http://localhost:3001/_next/static/chunks/node_modules_next_dist_1e8vcs8._.js:776
[ 7001566ms] [LOG] [Fast Refresh] done in 203ms @ http://localhost:3001/_next/static/chunks/node_modules_next_dist_1e8vcs8._.js:776
[ 7001628ms] [LOG] [Fast Refresh] done in 203ms @ http://localhost:3001/_next/static/chunks/node_modules_next_dist_1e8vcs8._.js:776
[ 7001690ms] [LOG] [Fast Refresh] done in 203ms @ http://localhost:3001/_next/static/chunks/node_modules_next_dist_1e8vcs8._.js:776
[ 7001753ms] [LOG] [Fast Refresh] done in 203ms @ http://localhost:3001/_next/static/chunks/node_modules_next_dist_1e8vcs8._.js:776
[ 7001815ms] [LOG] [Fast Refresh] done in 203ms @ http://localhost:3001/_next/static/chunks/node_modules_next_dist_1e8vcs8._.js:776
[ 7001878ms] [LOG] [Fast Refresh] done in 203ms @ http://localhost:3001/_next/static/chunks/node_modules_next_dist_1e8vcs8._.js:776
[ 7001940ms] [LOG] [Fast Refresh] done in 203ms @ http://localhost:3001/_next/static/chunks/node_modules_next_dist_1e8vcs8._.js:776
[ 7002003ms] [LOG] [Fast Refresh] done in 203ms @ http://localhost:3001/_next/static/chunks/node_modules_next_dist_1e8vcs8._.js:776
[ 7002065ms] [LOG] [Fast Refresh] done in 203ms @ http://localhost:3001/_next/static/chunks/node_modules_next_dist_1e8vcs8._.js:776
[ 7002128ms] [LOG] [Fast Refresh] done in 203ms @ http://localhost:3001/_next/static/chunks/node_modules_next_dist_1e8vcs8._.js:776
[ 7002189ms] [LOG] [Fast Refresh] done in 203ms @ http://localhost:3001/_next/static/chunks/node_modules_next_dist_1e8vcs8._.js:776
[ 7002252ms] [LOG] [Fast Refresh] done in 203ms @ http://localhost:3001/_next/static/chunks/node_modules_next_dist_1e8vcs8._.js:776
[ 7002314ms] [LOG] [Fast Refresh] done in 203ms @ http://localhost:3001/_next/static/chunks/node_modules_next_dist_1e8vcs8._.js:776
[ 7002376ms] [LOG] [Fast Refresh] done in 203ms @ http://localhost:3001/_next/static/chunks/node_modules_next_dist_1e8vcs8._.js:776
[ 7002439ms] [LOG] [Fast Refresh] done in 203ms @ http://localhost:3001/_next/static/chunks/node_modules_next_dist_1e8vcs8._.js:776
[ 7002502ms] [LOG] [Fast Refresh] done in 203ms @ http://localhost:3001/_next/static/chunks/node_modules_next_dist_1e8vcs8._.js:776
[ 7002564ms] [LOG] [Fast Refresh] done in 203ms @ http://localhost:3001/_next/static/chunks/node_modules_next_dist_1e8vcs8._.js:776
[ 7002626ms] [LOG] [Fast Refresh] done in 203ms @ http://localhost:3001/_next/static/chunks/node_modules_next_dist_1e8vcs8._.js:776
[ 7002687ms] [LOG] [Fast Refresh] done in 203ms @ http://localhost:3001/_next/static/chunks/node_modules_next_dist_1e8vcs8._.js:776
[ 7002749ms] [LOG] [Fast Refresh] done in 203ms @ http://localhost:3001/_next/static/chunks/node_modules_next_dist_1e8vcs8._.js:776
[ 7002813ms] [LOG] [Fast Refresh] done in 203ms @ http://localhost:3001/_next/static/chunks/node_modules_next_dist_1e8vcs8._.js:776
[ 7002875ms] [LOG] [Fast Refresh] done in 203ms @ http://localhost:3001/_next/static/chunks/node_modules_next_dist_1e8vcs8._.js:776
[ 7002937ms] [LOG] [Fast Refresh] done in 203ms @ http://localhost:3001/_next/static/chunks/node_modules_next_dist_1e8vcs8._.js:776
[ 7002999ms] [LOG] [Fast Refresh] done in 203ms @ http://localhost:3001/_next/static/chunks/node_modules_next_dist_1e8vcs8._.js:776
[ 7003062ms] [LOG] [Fast Refresh] done in 203ms @ http://localhost:3001/_next/static/chunks/node_modules_next_dist_1e8vcs8._.js:776
[ 7003123ms] [LOG] [Fast Refresh] done in 203ms @ http://localhost:3001/_next/static/chunks/node_modules_next_dist_1e8vcs8._.js:776
[ 7003186ms] [LOG] [Fast Refresh] done in 203ms @ http://localhost:3001/_next/static/chunks/node_modules_next_dist_1e8vcs8._.js:776
[ 7003248ms] [LOG] [Fast Refresh] done in 203ms @ http://localhost:3001/_next/static/chunks/node_modules_next_dist_1e8vcs8._.js:776
[ 7003311ms] [LOG] [Fast Refresh] done in 203ms @ http://localhost:3001/_next/static/chunks/node_modules_next_dist_1e8vcs8._.js:776
[ 7003373ms] [LOG] [Fast Refresh] done in 203ms @ http://localhost:3001/_next/static/chunks/node_modules_next_dist_1e8vcs8._.js:776
[ 7003436ms] [LOG] [Fast Refresh] done in 203ms @ http://localhost:3001/_next/static/chunks/node_modules_next_dist_1e8vcs8._.js:776
[ 7003498ms] [LOG] [Fast Refresh] done in 203ms @ http://localhost:3001/_next/static/chunks/node_modules_next_dist_1e8vcs8._.js:776
[ 7003559ms] [LOG] [Fast Refresh] done in 203ms @ http://localhost:3001/_next/static/chunks/node_modules_next_dist_1e8vcs8._.js:776
[ 7003623ms] [LOG] [Fast Refresh] done in 203ms @ http://localhost:3001/_next/static/chunks/node_modules_next_dist_1e8vcs8._.js:776
[ 7003687ms] [LOG] [Fast Refresh] done in 203ms @ http://localhost:3001/_next/static/chunks/node_modules_next_dist_1e8vcs8._.js:776
[ 7003750ms] [LOG] [Fast Refresh] done in 203ms @ http://localhost:3001/_next/static/chunks/node_modules_next_dist_1e8vcs8._.js:776
[ 7003813ms] [LOG] [Fast Refresh] done in 203ms @ http://localhost:3001/_next/static/chunks/node_modules_next_dist_1e8vcs8._.js:776
[ 7003877ms] [LOG] [Fast Refresh] done in 203ms @ http://localhost:3001/_next/static/chunks/node_modules_next_dist_1e8vcs8._.js:776
[ 7003941ms] [LOG] [Fast Refresh] done in 203ms @ http://localhost:3001/_next/static/chunks/node_modules_next_dist_1e8vcs8._.js:776
[ 7004074ms] [LOG] [Fast Refresh] rebuilding @ http://localhost:3001/_next/static/chunks/node_modules_next_dist_1e8vcs8._.js:776
[ 7004185ms] [LOG] [Fast Refresh] done in 25ms @ http://localhost:3001/_next/static/chunks/node_modules_next_dist_1e8vcs8._.js:776
[ 7012404ms] [LOG] [Fast Refresh] rebuilding @ http://localhost:3001/_next/static/chunks/node_modules_next_dist_1e8vcs8._.js:776
[ 7012534ms] [LOG] [Fast Refresh] done in 229ms @ http://localhost:3001/_next/static/chunks/node_modules_next_dist_1e8vcs8._.js:776
[ 7019304ms] [LOG] [Fast Refresh] rebuilding @ http://localhost:3001/_next/static/chunks/node_modules_next_dist_1e8vcs8._.js:776
[ 7019538ms] [LOG] [Fast Refresh] done in 11ms @ http://localhost:3001/_next/static/chunks/node_modules_next_dist_1e8vcs8._.js:776
[ 7019597ms] [LOG] [Fast Refresh] done in 11ms @ http://localhost:3001/_next/static/chunks/node_modules_next_dist_1e8vcs8._.js:776
[ 7019656ms] [LOG] [Fast Refresh] done in 11ms @ http://localhost:3001/_next/static/chunks/node_modules_next_dist_1e8vcs8._.js:776
[ 7019720ms] [LOG] [Fast Refresh] done in 11ms @ http://localhost:3001/_next/static/chunks/node_modules_next_dist_1e8vcs8._.js:776
[ 7019783ms] [LOG] [Fast Refresh] done in 11ms @ http://localhost:3001/_next/static/chunks/node_modules_next_dist_1e8vcs8._.js:776
[ 7019846ms] [LOG] [Fast Refresh] done in 11ms @ http://localhost:3001/_next/static/chunks/node_modules_next_dist_1e8vcs8._.js:776
[ 7019910ms] [LOG] [Fast Refresh] done in 11ms @ http://localhost:3001/_next/static/chunks/node_modules_next_dist_1e8vcs8._.js:776
[ 7019973ms] [LOG] [Fast Refresh] done in 11ms @ http://localhost:3001/_next/static/chunks/node_modules_next_dist_1e8vcs8._.js:776
[ 7020036ms] [LOG] [Fast Refresh] done in 11ms @ http://localhost:3001/_next/static/chunks/node_modules_next_dist_1e8vcs8._.js:776
[ 7020100ms] [LOG] [Fast Refresh] done in 11ms @ http://localhost:3001/_next/static/chunks/node_modules_next_dist_1e8vcs8._.js:776
[ 7020164ms] [LOG] [Fast Refresh] done in 11ms @ http://localhost:3001/_next/static/chunks/node_modules_next_dist_1e8vcs8._.js:776
[ 7020227ms] [LOG] [Fast Refresh] done in 11ms @ http://localhost:3001/_next/static/chunks/node_modules_next_dist_1e8vcs8._.js:776
[ 7020289ms] [LOG] [Fast Refresh] done in 11ms @ http://localhost:3001/_next/static/chunks/node_modules_next_dist_1e8vcs8._.js:776
[ 7020350ms] [LOG] [Fast Refresh] done in 11ms @ http://localhost:3001/_next/static/chunks/node_modules_next_dist_1e8vcs8._.js:776
[ 7020414ms] [LOG] [Fast Refresh] done in 11ms @ http://localhost:3001/_next/static/chunks/node_modules_next_dist_1e8vcs8._.js:776
[ 7020477ms] [LOG] [Fast Refresh] done in 11ms @ http://localhost:3001/_next/static/chunks/node_modules_next_dist_1e8vcs8._.js:776
[ 7020541ms] [LOG] [Fast Refresh] done in 11ms @ http://localhost:3001/_next/static/chunks/node_modules_next_dist_1e8vcs8._.js:776
[ 7020604ms] [LOG] [Fast Refresh] done in 11ms @ http://localhost:3001/_next/static/chunks/node_modules_next_dist_1e8vcs8._.js:776
[ 7020667ms] [LOG] [Fast Refresh] done in 11ms @ http://localhost:3001/_next/static/chunks/node_modules_next_dist_1e8vcs8._.js:776
[ 7020730ms] [LOG] [Fast Refresh] done in 11ms @ http://localhost:3001/_next/static/chunks/node_modules_next_dist_1e8vcs8._.js:776
[ 7020794ms] [LOG] [Fast Refresh] done in 11ms @ http://localhost:3001/_next/static/chunks/node_modules_next_dist_1e8vcs8._.js:776
[ 7020855ms] [LOG] [Fast Refresh] done in 11ms @ http://localhost:3001/_next/static/chunks/node_modules_next_dist_1e8vcs8._.js:776
[ 7020918ms] [LOG] [Fast Refresh] done in 11ms @ http://localhost:3001/_next/static/chunks/node_modules_next_dist_1e8vcs8._.js:776
[ 7020980ms] [LOG] [Fast Refresh] done in 11ms @ http://localhost:3001/_next/static/chunks/node_modules_next_dist_1e8vcs8._.js:776
[ 7021041ms] [LOG] [Fast Refresh] done in 11ms @ http://localhost:3001/_next/static/chunks/node_modules_next_dist_1e8vcs8._.js:776
[ 7021104ms] [LOG] [Fast Refresh] done in 11ms @ http://localhost:3001/_next/static/chunks/node_modules_next_dist_1e8vcs8._.js:776
[ 7021167ms] [LOG] [Fast Refresh] done in 11ms @ http://localhost:3001/_next/static/chunks/node_modules_next_dist_1e8vcs8._.js:776
[ 7021228ms] [LOG] [Fast Refresh] done in 11ms @ http://localhost:3001/_next/static/chunks/node_modules_next_dist_1e8vcs8._.js:776
[ 7021291ms] [LOG] [Fast Refresh] done in 11ms @ http://localhost:3001/_next/static/chunks/node_modules_next_dist_1e8vcs8._.js:776
[ 7021353ms] [LOG] [Fast Refresh] done in 11ms @ http://localhost:3001/_next/static/chunks/node_modules_next_dist_1e8vcs8._.js:776
[ 7021415ms] [LOG] [Fast Refresh] done in 11ms @ http://localhost:3001/_next/static/chunks/node_modules_next_dist_1e8vcs8._.js:776
[ 7021478ms] [LOG] [Fast Refresh] done in 11ms @ http://localhost:3001/_next/static/chunks/node_modules_next_dist_1e8vcs8._.js:776
[ 7021540ms] [LOG] [Fast Refresh] done in 11ms @ http://localhost:3001/_next/static/chunks/node_modules_next_dist_1e8vcs8._.js:776
[ 7021602ms] [LOG] [Fast Refresh] done in 11ms @ http://localhost:3001/_next/static/chunks/node_modules_next_dist_1e8vcs8._.js:776
[ 7021663ms] [LOG] [Fast Refresh] done in 11ms @ http://localhost:3001/_next/static/chunks/node_modules_next_dist_1e8vcs8._.js:776
[ 7021726ms] [LOG] [Fast Refresh] done in 11ms @ http://localhost:3001/_next/static/chunks/node_modules_next_dist_1e8vcs8._.js:776
[ 7021789ms] [LOG] [Fast Refresh] done in 11ms @ http://localhost:3001/_next/static/chunks/node_modules_next_dist_1e8vcs8._.js:776
[ 7021852ms] [LOG] [Fast Refresh] done in 11ms @ http://localhost:3001/_next/static/chunks/node_modules_next_dist_1e8vcs8._.js:776
[ 7021914ms] [LOG] [Fast Refresh] done in 11ms @ http://localhost:3001/_next/static/chunks/node_modules_next_dist_1e8vcs8._.js:776
[ 7021977ms] [LOG] [Fast Refresh] done in 11ms @ http://localhost:3001/_next/static/chunks/node_modules_next_dist_1e8vcs8._.js:776
[ 7022040ms] [LOG] [Fast Refresh] done in 11ms @ http://localhost:3001/_next/static/chunks/node_modules_next_dist_1e8vcs8._.js:776
[ 7022102ms] [LOG] [Fast Refresh] done in 11ms @ http://localhost:3001/_next/static/chunks/node_modules_next_dist_1e8vcs8._.js:776
[ 7022165ms] [LOG] [Fast Refresh] done in 11ms @ http://localhost:3001/_next/static/chunks/node_modules_next_dist_1e8vcs8._.js:776
[ 7022227ms] [LOG] [Fast Refresh] done in 11ms @ http://localhost:3001/_next/static/chunks/node_modules_next_dist_1e8vcs8._.js:776
[ 7022291ms] [LOG] [Fast Refresh] done in 11ms @ http://localhost:3001/_next/static/chunks/node_modules_next_dist_1e8vcs8._.js:776
[ 7022352ms] [LOG] [Fast Refresh] done in 11ms @ http://localhost:3001/_next/static/chunks/node_modules_next_dist_1e8vcs8._.js:776
[ 7022416ms] [LOG] [Fast Refresh] done in 11ms @ http://localhost:3001/_next/static/chunks/node_modules_next_dist_1e8vcs8._.js:776
[ 7022478ms] [LOG] [Fast Refresh] done in 11ms @ http://localhost:3001/_next/static/chunks/node_modules_next_dist_1e8vcs8._.js:776
[ 7022539ms] [LOG] [Fast Refresh] done in 11ms @ http://localhost:3001/_next/static/chunks/node_modules_next_dist_1e8vcs8._.js:776
[ 7022602ms] [LOG] [Fast Refresh] done in 11ms @ http://localhost:3001/_next/static/chunks/node_modules_next_dist_1e8vcs8._.js:776
[ 7022664ms] [LOG] [Fast Refresh] done in 11ms @ http://localhost:3001/_next/static/chunks/node_modules_next_dist_1e8vcs8._.js:776
[ 7022727ms] [LOG] [Fast Refresh] done in 11ms @ http://localhost:3001/_next/static/chunks/node_modules_next_dist_1e8vcs8._.js:776
[ 7022791ms] [LOG] [Fast Refresh] done in 11ms @ http://localhost:3001/_next/static/chunks/node_modules_next_dist_1e8vcs8._.js:776
[ 7022854ms] [LOG] [Fast Refresh] done in 11ms @ http://localhost:3001/_next/static/chunks/node_modules_next_dist_1e8vcs8._.js:776
[ 7022917ms] [LOG] [Fast Refresh] done in 11ms @ http://localhost:3001/_next/static/chunks/node_modules_next_dist_1e8vcs8._.js:776
[ 7022978ms] [LOG] [Fast Refresh] done in 11ms @ http://localhost:3001/_next/static/chunks/node_modules_next_dist_1e8vcs8._.js:776
[ 7023041ms] [LOG] [Fast Refresh] done in 11ms @ http://localhost:3001/_next/static/chunks/node_modules_next_dist_1e8vcs8._.js:776
[ 7023187ms] [LOG] [Fast Refresh] done in 11ms @ http://localhost:3001/_next/static/chunks/node_modules_next_dist_1e8vcs8._.js:776
[ 7023259ms] [LOG] [Fast Refresh] done in 11ms @ http://localhost:3001/_next/static/chunks/node_modules_next_dist_1e8vcs8._.js:776
[ 7023323ms] [LOG] [Fast Refresh] done in 11ms @ http://localhost:3001/_next/static/chunks/node_modules_next_dist_1e8vcs8._.js:776
[ 7023385ms] [LOG] [Fast Refresh] done in 11ms @ http://localhost:3001/_next/static/chunks/node_modules_next_dist_1e8vcs8._.js:776
[ 7023448ms] [LOG] [Fast Refresh] done in 11ms @ http://localhost:3001/_next/static/chunks/node_modules_next_dist_1e8vcs8._.js:776
[ 7023512ms] [LOG] [Fast Refresh] done in 11ms @ http://localhost:3001/_next/static/chunks/node_modules_next_dist_1e8vcs8._.js:776
[ 7023576ms] [LOG] [Fast Refresh] done in 11ms @ http://localhost:3001/_next/static/chunks/node_modules_next_dist_1e8vcs8._.js:776
[ 7023639ms] [LOG] [Fast Refresh] done in 11ms @ http://localhost:3001/_next/static/chunks/node_modules_next_dist_1e8vcs8._.js:776
[ 7023701ms] [LOG] [Fast Refresh] done in 11ms @ http://localhost:3001/_next/static/chunks/node_modules_next_dist_1e8vcs8._.js:776
[ 7023764ms] [LOG] [Fast Refresh] done in 11ms @ http://localhost:3001/_next/static/chunks/node_modules_next_dist_1e8vcs8._.js:776
[ 7023828ms] [LOG] [Fast Refresh] done in 11ms @ http://localhost:3001/_next/static/chunks/node_modules_next_dist_1e8vcs8._.js:776
[ 7023890ms] [LOG] [Fast Refresh] done in 11ms @ http://localhost:3001/_next/static/chunks/node_modules_next_dist_1e8vcs8._.js:776
[ 7023953ms] [LOG] [Fast Refresh] done in 11ms @ http://localhost:3001/_next/static/chunks/node_modules_next_dist_1e8vcs8._.js:776
[ 7024015ms] [LOG] [Fast Refresh] done in 11ms @ http://localhost:3001/_next/static/chunks/node_modules_next_dist_1e8vcs8._.js:776
[ 7024078ms] [LOG] [Fast Refresh] done in 11ms @ http://localhost:3001/_next/static/chunks/node_modules_next_dist_1e8vcs8._.js:776
[ 7024141ms] [LOG] [Fast Refresh] done in 11ms @ http://localhost:3001/_next/static/chunks/node_modules_next_dist_1e8vcs8._.js:776
[ 7024203ms] [LOG] [Fast Refresh] done in 11ms @ http://localhost:3001/_next/static/chunks/node_modules_next_dist_1e8vcs8._.js:776
[ 7024266ms] [LOG] [Fast Refresh] done in 11ms @ http://localhost:3001/_next/static/chunks/node_modules_next_dist_1e8vcs8._.js:776
[ 7024328ms] [LOG] [Fast Refresh] done in 11ms @ http://localhost:3001/_next/static/chunks/node_modules_next_dist_1e8vcs8._.js:776
[ 7024391ms] [LOG] [Fast Refresh] done in 11ms @ http://localhost:3001/_next/static/chunks/node_modules_next_dist_1e8vcs8._.js:776
[ 7024452ms] [LOG] [Fast Refresh] done in 11ms @ http://localhost:3001/_next/static/chunks/node_modules_next_dist_1e8vcs8._.js:776
[ 7024516ms] [LOG] [Fast Refresh] done in 11ms @ http://localhost:3001/_next/static/chunks/node_modules_next_dist_1e8vcs8._.js:776
[ 7024578ms] [LOG] [Fast Refresh] done in 11ms @ http://localhost:3001/_next/static/chunks/node_modules_next_dist_1e8vcs8._.js:776
[ 7024640ms] [LOG] [Fast Refresh] done in 11ms @ http://localhost:3001/_next/static/chunks/node_modules_next_dist_1e8vcs8._.js:776
[ 7024704ms] [LOG] [Fast Refresh] done in 11ms @ http://localhost:3001/_next/static/chunks/node_modules_next_dist_1e8vcs8._.js:776
[ 7024764ms] [LOG] [Fast Refresh] done in 11ms @ http://localhost:3001/_next/static/chunks/node_modules_next_dist_1e8vcs8._.js:776
[ 7024827ms] [LOG] [Fast Refresh] done in 11ms @ http://localhost:3001/_next/static/chunks/node_modules_next_dist_1e8vcs8._.js:776
[ 7024888ms] [LOG] [Fast Refresh] done in 11ms @ http://localhost:3001/_next/static/chunks/node_modules_next_dist_1e8vcs8._.js:776
[ 7024952ms] [LOG] [Fast Refresh] done in 11ms @ http://localhost:3001/_next/static/chunks/node_modules_next_dist_1e8vcs8._.js:776
[ 7025013ms] [LOG] [Fast Refresh] done in 11ms @ http://localhost:3001/_next/static/chunks/node_modules_next_dist_1e8vcs8._.js:776
[ 7025076ms] [LOG] [Fast Refresh] done in 11ms @ http://localhost:3001/_next/static/chunks/node_modules_next_dist_1e8vcs8._.js:776
[ 7025138ms] [LOG] [Fast Refresh] done in 11ms @ http://localhost:3001/_next/static/chunks/node_modules_next_dist_1e8vcs8._.js:776
[ 7025200ms] [LOG] [Fast Refresh] done in 11ms @ http://localhost:3001/_next/static/chunks/node_modules_next_dist_1e8vcs8._.js:776
[ 7025263ms] [LOG] [Fast Refresh] done in 11ms @ http://localhost:3001/_next/static/chunks/node_modules_next_dist_1e8vcs8._.js:776
[ 7025327ms] [LOG] [Fast Refresh] done in 11ms @ http://localhost:3001/_next/static/chunks/node_modules_next_dist_1e8vcs8._.js:776
[ 7025388ms] [LOG] [Fast Refresh] done in 11ms @ http://localhost:3001/_next/static/chunks/node_modules_next_dist_1e8vcs8._.js:776
[ 7025452ms] [LOG] [Fast Refresh] done in 11ms @ http://localhost:3001/_next/static/chunks/node_modules_next_dist_1e8vcs8._.js:776
[ 7025513ms] [LOG] [Fast Refresh] done in 11ms @ http://localhost:3001/_next/static/chunks/node_modules_next_dist_1e8vcs8._.js:776
[ 7025576ms] [LOG] [Fast Refresh] done in 11ms @ http://localhost:3001/_next/static/chunks/node_modules_next_dist_1e8vcs8._.js:776
[ 7025640ms] [LOG] [Fast Refresh] done in 11ms @ http://localhost:3001/_next/static/chunks/node_modules_next_dist_1e8vcs8._.js:776
[ 7025702ms] [LOG] [Fast Refresh] done in 11ms @ http://localhost:3001/_next/static/chunks/node_modules_next_dist_1e8vcs8._.js:776
[ 7025764ms] [LOG] [Fast Refresh] done in 11ms @ http://localhost:3001/_next/static/chunks/node_modules_next_dist_1e8vcs8._.js:776
[ 7025827ms] [LOG] [Fast Refresh] done in 11ms @ http://localhost:3001/_next/static/chunks/node_modules_next_dist_1e8vcs8._.js:776
[ 7025890ms] [LOG] [Fast Refresh] done in 11ms @ http://localhost:3001/_next/static/chunks/node_modules_next_dist_1e8vcs8._.js:776
[ 7025952ms] [LOG] [Fast Refresh] done in 11ms @ http://localhost:3001/_next/static/chunks/node_modules_next_dist_1e8vcs8._.js:776
[ 7026014ms] [LOG] [Fast Refresh] done in 11ms @ http://localhost:3001/_next/static/chunks/node_modules_next_dist_1e8vcs8._.js:776
[ 7026078ms] [LOG] [Fast Refresh] done in 11ms @ http://localhost:3001/_next/static/chunks/node_modules_next_dist_1e8vcs8._.js:776
[ 7026138ms] [LOG] [Fast Refresh] done in 11ms @ http://localhost:3001/_next/static/chunks/node_modules_next_dist_1e8vcs8._.js:776
[ 7026202ms] [LOG] [Fast Refresh] done in 11ms @ http://localhost:3001/_next/static/chunks/node_modules_next_dist_1e8vcs8._.js:776
[ 7026265ms] [LOG] [Fast Refresh] done in 11ms @ http://localhost:3001/_next/static/chunks/node_modules_next_dist_1e8vcs8._.js:776
[ 7026327ms] [LOG] [Fast Refresh] done in 11ms @ http://localhost:3001/_next/static/chunks/node_modules_next_dist_1e8vcs8._.js:776
[ 7026391ms] [LOG] [Fast Refresh] done in 11ms @ http://localhost:3001/_next/static/chunks/node_modules_next_dist_1e8vcs8._.js:776
[ 7026453ms] [LOG] [Fast Refresh] done in 11ms @ http://localhost:3001/_next/static/chunks/node_modules_next_dist_1e8vcs8._.js:776
[ 7026517ms] [LOG] [Fast Refresh] done in 11ms @ http://localhost:3001/_next/static/chunks/node_modules_next_dist_1e8vcs8._.js:776
[ 7026581ms] [LOG] [Fast Refresh] done in 11ms @ http://localhost:3001/_next/static/chunks/node_modules_next_dist_1e8vcs8._.js:776
[ 7026643ms] [LOG] [Fast Refresh] done in 11ms @ http://localhost:3001/_next/static/chunks/node_modules_next_dist_1e8vcs8._.js:776
[ 7026707ms] [LOG] [Fast Refresh] done in 11ms @ http://localhost:3001/_next/static/chunks/node_modules_next_dist_1e8vcs8._.js:776
[ 7026771ms] [LOG] [Fast Refresh] done in 11ms @ http://localhost:3001/_next/static/chunks/node_modules_next_dist_1e8vcs8._.js:776
[ 7026834ms] [LOG] [Fast Refresh] done in 11ms @ http://localhost:3001/_next/static/chunks/node_modules_next_dist_1e8vcs8._.js:776
[ 7026896ms] [LOG] [Fast Refresh] done in 11ms @ http://localhost:3001/_next/static/chunks/node_modules_next_dist_1e8vcs8._.js:776
[ 7026957ms] [LOG] [Fast Refresh] done in 11ms @ http://localhost:3001/_next/static/chunks/node_modules_next_dist_1e8vcs8._.js:776
[ 7027022ms] [LOG] [Fast Refresh] done in 11ms @ http://localhost:3001/_next/static/chunks/node_modules_next_dist_1e8vcs8._.js:776
[ 7027084ms] [LOG] [Fast Refresh] done in 11ms @ http://localhost:3001/_next/static/chunks/node_modules_next_dist_1e8vcs8._.js:776
[ 7027147ms] [LOG] [Fast Refresh] done in 11ms @ http://localhost:3001/_next/static/chunks/node_modules_next_dist_1e8vcs8._.js:776
[ 7027211ms] [LOG] [Fast Refresh] done in 11ms @ http://localhost:3001/_next/static/chunks/node_modules_next_dist_1e8vcs8._.js:776
[ 7027274ms] [LOG] [Fast Refresh] done in 11ms @ http://localhost:3001/_next/static/chunks/node_modules_next_dist_1e8vcs8._.js:776
[ 7027337ms] [LOG] [Fast Refresh] done in 11ms @ http://localhost:3001/_next/static/chunks/node_modules_next_dist_1e8vcs8._.js:776
[ 7027400ms] [LOG] [Fast Refresh] done in 11ms @ http://localhost:3001/_next/static/chunks/node_modules_next_dist_1e8vcs8._.js:776
[ 7027463ms] [LOG] [Fast Refresh] done in 11ms @ http://localhost:3001/_next/static/chunks/node_modules_next_dist_1e8vcs8._.js:776
[ 7027525ms] [LOG] [Fast Refresh] done in 11ms @ http://localhost:3001/_next/static/chunks/node_modules_next_dist_1e8vcs8._.js:776
[ 7027589ms] [LOG] [Fast Refresh] done in 11ms @ http://localhost:3001/_next/static/chunks/node_modules_next_dist_1e8vcs8._.js:776
[ 7027652ms] [LOG] [Fast Refresh] done in 11ms @ http://localhost:3001/_next/static/chunks/node_modules_next_dist_1e8vcs8._.js:776
[ 7027715ms] [LOG] [Fast Refresh] done in 11ms @ http://localhost:3001/_next/static/chunks/node_modules_next_dist_1e8vcs8._.js:776
[ 7027783ms] [LOG] [Fast Refresh] done in 11ms @ http://localhost:3001/_next/static/chunks/node_modules_next_dist_1e8vcs8._.js:776
[ 7027842ms] [LOG] [Fast Refresh] done in 11ms @ http://localhost:3001/_next/static/chunks/node_modules_next_dist_1e8vcs8._.js:776
[ 7027904ms] [LOG] [Fast Refresh] done in 11ms @ http://localhost:3001/_next/static/chunks/node_modules_next_dist_1e8vcs8._.js:776
[ 7027966ms] [LOG] [Fast Refresh] done in 11ms @ http://localhost:3001/_next/static/chunks/node_modules_next_dist_1e8vcs8._.js:776
[ 7028027ms] [LOG] [Fast Refresh] done in 11ms @ http://localhost:3001/_next/static/chunks/node_modules_next_dist_1e8vcs8._.js:776
[ 7028088ms] [LOG] [Fast Refresh] done in 11ms @ http://localhost:3001/_next/static/chunks/node_modules_next_dist_1e8vcs8._.js:776
[ 7028150ms] [LOG] [Fast Refresh] done in 11ms @ http://localhost:3001/_next/static/chunks/node_modules_next_dist_1e8vcs8._.js:776
[ 7028214ms] [LOG] [Fast Refresh] done in 11ms @ http://localhost:3001/_next/static/chunks/node_modules_next_dist_1e8vcs8._.js:776
[ 7028277ms] [LOG] [Fast Refresh] done in 11ms @ http://localhost:3001/_next/static/chunks/node_modules_next_dist_1e8vcs8._.js:776
[ 7028340ms] [LOG] [Fast Refresh] done in 11ms @ http://localhost:3001/_next/static/chunks/node_modules_next_dist_1e8vcs8._.js:776
[ 7028403ms] [LOG] [Fast Refresh] done in 11ms @ http://localhost:3001/_next/static/chunks/node_modules_next_dist_1e8vcs8._.js:776
[ 7028465ms] [LOG] [Fast Refresh] done in 11ms @ http://localhost:3001/_next/static/chunks/node_modules_next_dist_1e8vcs8._.js:776
[ 7028529ms] [LOG] [Fast Refresh] done in 11ms @ http://localhost:3001/_next/static/chunks/node_modules_next_dist_1e8vcs8._.js:776
[ 7028593ms] [LOG] [Fast Refresh] done in 11ms @ http://localhost:3001/_next/static/chunks/node_modules_next_dist_1e8vcs8._.js:776
[ 7028656ms] [LOG] [Fast Refresh] done in 11ms @ http://localhost:3001/_next/static/chunks/node_modules_next_dist_1e8vcs8._.js:776
[ 7028719ms] [LOG] [Fast Refresh] done in 11ms @ http://localhost:3001/_next/static/chunks/node_modules_next_dist_1e8vcs8._.js:776
[ 7028781ms] [LOG] [Fast Refresh] done in 11ms @ http://localhost:3001/_next/static/chunks/node_modules_next_dist_1e8vcs8._.js:776
[ 7028843ms] [LOG] [Fast Refresh] done in 11ms @ http://localhost:3001/_next/static/chunks/node_modules_next_dist_1e8vcs8._.js:776
[ 7028905ms] [LOG] [Fast Refresh] done in 11ms @ http://localhost:3001/_next/static/chunks/node_modules_next_dist_1e8vcs8._.js:776
[ 7028967ms] [LOG] [Fast Refresh] done in 11ms @ http://localhost:3001/_next/static/chunks/node_modules_next_dist_1e8vcs8._.js:776
[ 7029030ms] [LOG] [Fast Refresh] done in 11ms @ http://localhost:3001/_next/static/chunks/node_modules_next_dist_1e8vcs8._.js:776
[ 7029092ms] [LOG] [Fast Refresh] done in 11ms @ http://localhost:3001/_next/static/chunks/node_modules_next_dist_1e8vcs8._.js:776
[ 7029155ms] [LOG] [Fast Refresh] done in 11ms @ http://localhost:3001/_next/static/chunks/node_modules_next_dist_1e8vcs8._.js:776
[ 7029219ms] [LOG] [Fast Refresh] done in 11ms @ http://localhost:3001/_next/static/chunks/node_modules_next_dist_1e8vcs8._.js:776
[ 7029282ms] [LOG] [Fast Refresh] done in 11ms @ http://localhost:3001/_next/static/chunks/node_modules_next_dist_1e8vcs8._.js:776
[ 7029345ms] [LOG] [Fast Refresh] done in 11ms @ http://localhost:3001/_next/static/chunks/node_modules_next_dist_1e8vcs8._.js:776
[ 7029409ms] [LOG] [Fast Refresh] done in 11ms @ http://localhost:3001/_next/static/chunks/node_modules_next_dist_1e8vcs8._.js:776
[ 7029470ms] [LOG] [Fast Refresh] done in 11ms @ http://localhost:3001/_next/static/chunks/node_modules_next_dist_1e8vcs8._.js:776
[ 7029533ms] [LOG] [Fast Refresh] done in 11ms @ http://localhost:3001/_next/static/chunks/node_modules_next_dist_1e8vcs8._.js:776
[ 7029595ms] [LOG] [Fast Refresh] done in 11ms @ http://localhost:3001/_next/static/chunks/node_modules_next_dist_1e8vcs8._.js:776
[ 7029657ms] [LOG] [Fast Refresh] done in 11ms @ http://localhost:3001/_next/static/chunks/node_modules_next_dist_1e8vcs8._.js:776
[ 7029720ms] [LOG] [Fast Refresh] done in 11ms @ http://localhost:3001/_next/static/chunks/node_modules_next_dist_1e8vcs8._.js:776
[ 7029784ms] [LOG] [Fast Refresh] done in 11ms @ http://localhost:3001/_next/static/chunks/node_modules_next_dist_1e8vcs8._.js:776
[ 7029847ms] [LOG] [Fast Refresh] done in 11ms @ http://localhost:3001/_next/static/chunks/node_modules_next_dist_1e8vcs8._.js:776
[ 7029910ms] [LOG] [Fast Refresh] done in 11ms @ http://localhost:3001/_next/static/chunks/node_modules_next_dist_1e8vcs8._.js:776
[ 7029972ms] [LOG] [Fast Refresh] done in 11ms @ http://localhost:3001/_next/static/chunks/node_modules_next_dist_1e8vcs8._.js:776
[ 7030035ms] [LOG] [Fast Refresh] done in 11ms @ http://localhost:3001/_next/static/chunks/node_modules_next_dist_1e8vcs8._.js:776
[ 7030098ms] [LOG] [Fast Refresh] done in 11ms @ http://localhost:3001/_next/static/chunks/node_modules_next_dist_1e8vcs8._.js:776
[ 7030161ms] [LOG] [Fast Refresh] done in 11ms @ http://localhost:3001/_next/static/chunks/node_modules_next_dist_1e8vcs8._.js:776
[ 7030223ms] [LOG] [Fast Refresh] done in 11ms @ http://localhost:3001/_next/static/chunks/node_modules_next_dist_1e8vcs8._.js:776
[ 7030285ms] [LOG] [Fast Refresh] done in 11ms @ http://localhost:3001/_next/static/chunks/node_modules_next_dist_1e8vcs8._.js:776
[ 7030348ms] [LOG] [Fast Refresh] done in 11ms @ http://localhost:3001/_next/static/chunks/node_modules_next_dist_1e8vcs8._.js:776
[ 7030410ms] [LOG] [Fast Refresh] done in 11ms @ http://localhost:3001/_next/static/chunks/node_modules_next_dist_1e8vcs8._.js:776
[ 7030475ms] [LOG] [Fast Refresh] done in 11ms @ http://localhost:3001/_next/static/chunks/node_modules_next_dist_1e8vcs8._.js:776
[ 7030538ms] [LOG] [Fast Refresh] done in 11ms @ http://localhost:3001/_next/static/chunks/node_modules_next_dist_1e8vcs8._.js:776
[ 7030601ms] [LOG] [Fast Refresh] done in 11ms @ http://localhost:3001/_next/static/chunks/node_modules_next_dist_1e8vcs8._.js:776
[ 7030662ms] [LOG] [Fast Refresh] done in 11ms @ http://localhost:3001/_next/static/chunks/node_modules_next_dist_1e8vcs8._.js:776
[ 7030723ms] [LOG] [Fast Refresh] done in 11ms @ http://localhost:3001/_next/static/chunks/node_modules_next_dist_1e8vcs8._.js:776
[ 7030786ms] [LOG] [Fast Refresh] done in 11ms @ http://localhost:3001/_next/static/chunks/node_modules_next_dist_1e8vcs8._.js:776
[ 7030849ms] [LOG] [Fast Refresh] done in 11ms @ http://localhost:3001/_next/static/chunks/node_modules_next_dist_1e8vcs8._.js:776
[ 7030913ms] [LOG] [Fast Refresh] done in 11ms @ http://localhost:3001/_next/static/chunks/node_modules_next_dist_1e8vcs8._.js:776
[ 7030975ms] [LOG] [Fast Refresh] done in 11ms @ http://localhost:3001/_next/static/chunks/node_modules_next_dist_1e8vcs8._.js:776
[ 7031038ms] [LOG] [Fast Refresh] done in 11ms @ http://localhost:3001/_next/static/chunks/node_modules_next_dist_1e8vcs8._.js:776
[ 7031101ms] [LOG] [Fast Refresh] done in 11ms @ http://localhost:3001/_next/static/chunks/node_modules_next_dist_1e8vcs8._.js:776
[ 7031164ms] [LOG] [Fast Refresh] done in 11ms @ http://localhost:3001/_next/static/chunks/node_modules_next_dist_1e8vcs8._.js:776
[ 7031242ms] [LOG] [Fast Refresh] done in 11ms @ http://localhost:3001/_next/static/chunks/node_modules_next_dist_1e8vcs8._.js:776
[ 7031305ms] [LOG] [Fast Refresh] done in 11ms @ http://localhost:3001/_next/static/chunks/node_modules_next_dist_1e8vcs8._.js:776
[ 7031367ms] [LOG] [Fast Refresh] done in 11ms @ http://localhost:3001/_next/static/chunks/node_modules_next_dist_1e8vcs8._.js:776
[ 7031428ms] [LOG] [Fast Refresh] done in 11ms @ http://localhost:3001/_next/static/chunks/node_modules_next_dist_1e8vcs8._.js:776
[ 7031490ms] [LOG] [Fast Refresh] done in 11ms @ http://localhost:3001/_next/static/chunks/node_modules_next_dist_1e8vcs8._.js:776
[ 7031553ms] [LOG] [Fast Refresh] done in 11ms @ http://localhost:3001/_next/static/chunks/node_modules_next_dist_1e8vcs8._.js:776
[ 7031617ms] [LOG] [Fast Refresh] done in 11ms @ http://localhost:3001/_next/static/chunks/node_modules_next_dist_1e8vcs8._.js:776
[ 7031679ms] [LOG] [Fast Refresh] done in 11ms @ http://localhost:3001/_next/static/chunks/node_modules_next_dist_1e8vcs8._.js:776
[ 7031742ms] [LOG] [Fast Refresh] done in 11ms @ http://localhost:3001/_next/static/chunks/node_modules_next_dist_1e8vcs8._.js:776
[ 7031804ms] [LOG] [Fast Refresh] done in 11ms @ http://localhost:3001/_next/static/chunks/node_modules_next_dist_1e8vcs8._.js:776
[ 7031867ms] [LOG] [Fast Refresh] done in 11ms @ http://localhost:3001/_next/static/chunks/node_modules_next_dist_1e8vcs8._.js:776
[ 7031928ms] [LOG] [Fast Refresh] done in 11ms @ http://localhost:3001/_next/static/chunks/node_modules_next_dist_1e8vcs8._.js:776
[ 7031992ms] [LOG] [Fast Refresh] done in 11ms @ http://localhost:3001/_next/static/chunks/node_modules_next_dist_1e8vcs8._.js:776
[ 7032054ms] [LOG] [Fast Refresh] done in 11ms @ http://localhost:3001/_next/static/chunks/node_modules_next_dist_1e8vcs8._.js:776
[ 7032116ms] [LOG] [Fast Refresh] done in 11ms @ http://localhost:3001/_next/static/chunks/node_modules_next_dist_1e8vcs8._.js:776
[ 7032178ms] [LOG] [Fast Refresh] done in 11ms @ http://localhost:3001/_next/static/chunks/node_modules_next_dist_1e8vcs8._.js:776
[ 7032240ms] [LOG] [Fast Refresh] done in 11ms @ http://localhost:3001/_next/static/chunks/node_modules_next_dist_1e8vcs8._.js:776
[ 7032302ms] [LOG] [Fast Refresh] done in 11ms @ http://localhost:3001/_next/static/chunks/node_modules_next_dist_1e8vcs8._.js:776
[ 7032365ms] [LOG] [Fast Refresh] done in 11ms @ http://localhost:3001/_next/static/chunks/node_modules_next_dist_1e8vcs8._.js:776
[ 7032459ms] [LOG] [Fast Refresh] done in 11ms @ http://localhost:3001/_next/static/chunks/node_modules_next_dist_1e8vcs8._.js:776
[ 7032521ms] [LOG] [Fast Refresh] done in 11ms @ http://localhost:3001/_next/static/chunks/node_modules_next_dist_1e8vcs8._.js:776
[ 7032585ms] [LOG] [Fast Refresh] done in 11ms @ http://localhost:3001/_next/static/chunks/node_modules_next_dist_1e8vcs8._.js:776
[ 7032648ms] [LOG] [Fast Refresh] done in 11ms @ http://localhost:3001/_next/static/chunks/node_modules_next_dist_1e8vcs8._.js:776
[ 7032711ms] [LOG] [Fast Refresh] done in 11ms @ http://localhost:3001/_next/static/chunks/node_modules_next_dist_1e8vcs8._.js:776
[ 7032774ms] [LOG] [Fast Refresh] done in 11ms @ http://localhost:3001/_next/static/chunks/node_modules_next_dist_1e8vcs8._.js:776
[ 7032834ms] [LOG] [Fast Refresh] done in 11ms @ http://localhost:3001/_next/static/chunks/node_modules_next_dist_1e8vcs8._.js:776
[ 7032896ms] [LOG] [Fast Refresh] done in 11ms @ http://localhost:3001/_next/static/chunks/node_modules_next_dist_1e8vcs8._.js:776
[ 7032959ms] [LOG] [Fast Refresh] done in 11ms @ http://localhost:3001/_next/static/chunks/node_modules_next_dist_1e8vcs8._.js:776
[ 7033020ms] [LOG] [Fast Refresh] done in 11ms @ http://localhost:3001/_next/static/chunks/node_modules_next_dist_1e8vcs8._.js:776
[ 7033083ms] [LOG] [Fast Refresh] done in 11ms @ http://localhost:3001/_next/static/chunks/node_modules_next_dist_1e8vcs8._.js:776
[ 7033146ms] [LOG] [Fast Refresh] done in 11ms @ http://localhost:3001/_next/static/chunks/node_modules_next_dist_1e8vcs8._.js:776
[ 7033210ms] [LOG] [Fast Refresh] done in 11ms @ http://localhost:3001/_next/static/chunks/node_modules_next_dist_1e8vcs8._.js:776
[ 7033272ms] [LOG] [Fast Refresh] done in 11ms @ http://localhost:3001/_next/static/chunks/node_modules_next_dist_1e8vcs8._.js:776
[ 7033334ms] [LOG] [Fast Refresh] done in 11ms @ http://localhost:3001/_next/static/chunks/node_modules_next_dist_1e8vcs8._.js:776
[ 7033398ms] [LOG] [Fast Refresh] done in 11ms @ http://localhost:3001/_next/static/chunks/node_modules_next_dist_1e8vcs8._.js:776
[ 7033460ms] [LOG] [Fast Refresh] done in 11ms @ http://localhost:3001/_next/static/chunks/node_modules_next_dist_1e8vcs8._.js:776
[ 7033524ms] [LOG] [Fast Refresh] done in 11ms @ http://localhost:3001/_next/static/chunks/node_modules_next_dist_1e8vcs8._.js:776
[ 7033587ms] [LOG] [Fast Refresh] done in 11ms @ http://localhost:3001/_next/static/chunks/node_modules_next_dist_1e8vcs8._.js:776
[ 7033651ms] [LOG] [Fast Refresh] done in 11ms @ http://localhost:3001/_next/static/chunks/node_modules_next_dist_1e8vcs8._.js:776
[ 7033713ms] [LOG] [Fast Refresh] done in 11ms @ http://localhost:3001/_next/static/chunks/node_modules_next_dist_1e8vcs8._.js:776
[ 7033775ms] [LOG] [Fast Refresh] done in 11ms @ http://localhost:3001/_next/static/chunks/node_modules_next_dist_1e8vcs8._.js:776
[ 7033838ms] [LOG] [Fast Refresh] done in 11ms @ http://localhost:3001/_next/static/chunks/node_modules_next_dist_1e8vcs8._.js:776
[ 7033899ms] [LOG] [Fast Refresh] done in 11ms @ http://localhost:3001/_next/static/chunks/node_modules_next_dist_1e8vcs8._.js:776
[ 7033962ms] [LOG] [Fast Refresh] done in 11ms @ http://localhost:3001/_next/static/chunks/node_modules_next_dist_1e8vcs8._.js:776
[ 7034027ms] [LOG] [Fast Refresh] done in 11ms @ http://localhost:3001/_next/static/chunks/node_modules_next_dist_1e8vcs8._.js:776
[ 7034089ms] [LOG] [Fast Refresh] done in 11ms @ http://localhost:3001/_next/static/chunks/node_modules_next_dist_1e8vcs8._.js:776
[ 7034154ms] [LOG] [Fast Refresh] done in 11ms @ http://localhost:3001/_next/static/chunks/node_modules_next_dist_1e8vcs8._.js:776
[ 7034215ms] [LOG] [Fast Refresh] done in 11ms @ http://localhost:3001/_next/static/chunks/node_modules_next_dist_1e8vcs8._.js:776
[ 7034277ms] [LOG] [Fast Refresh] done in 11ms @ http://localhost:3001/_next/static/chunks/node_modules_next_dist_1e8vcs8._.js:776
[ 7034339ms] [LOG] [Fast Refresh] done in 11ms @ http://localhost:3001/_next/static/chunks/node_modules_next_dist_1e8vcs8._.js:776
[ 7034401ms] [LOG] [Fast Refresh] done in 11ms @ http://localhost:3001/_next/static/chunks/node_modules_next_dist_1e8vcs8._.js:776
[ 7034464ms] [LOG] [Fast Refresh] done in 11ms @ http://localhost:3001/_next/static/chunks/node_modules_next_dist_1e8vcs8._.js:776
[ 7034526ms] [LOG] [Fast Refresh] done in 11ms @ http://localhost:3001/_next/static/chunks/node_modules_next_dist_1e8vcs8._.js:776
[ 7034589ms] [LOG] [Fast Refresh] done in 11ms @ http://localhost:3001/_next/static/chunks/node_modules_next_dist_1e8vcs8._.js:776
[ 7034650ms] [LOG] [Fast Refresh] done in 11ms @ http://localhost:3001/_next/static/chunks/node_modules_next_dist_1e8vcs8._.js:776
[ 7034713ms] [LOG] [Fast Refresh] done in 11ms @ http://localhost:3001/_next/static/chunks/node_modules_next_dist_1e8vcs8._.js:776
[ 7034776ms] [LOG] [Fast Refresh] done in 11ms @ http://localhost:3001/_next/static/chunks/node_modules_next_dist_1e8vcs8._.js:776
[ 7034838ms] [LOG] [Fast Refresh] done in 11ms @ http://localhost:3001/_next/static/chunks/node_modules_next_dist_1e8vcs8._.js:776
[ 7034901ms] [LOG] [Fast Refresh] done in 11ms @ http://localhost:3001/_next/static/chunks/node_modules_next_dist_1e8vcs8._.js:776
[ 7034968ms] [LOG] [Fast Refresh] done in 11ms @ http://localhost:3001/_next/static/chunks/node_modules_next_dist_1e8vcs8._.js:776
[ 7035027ms] [LOG] [Fast Refresh] done in 11ms @ http://localhost:3001/_next/static/chunks/node_modules_next_dist_1e8vcs8._.js:776
[ 7035090ms] [LOG] [Fast Refresh] done in 11ms @ http://localhost:3001/_next/static/chunks/node_modules_next_dist_1e8vcs8._.js:776
[ 7035151ms] [LOG] [Fast Refresh] done in 11ms @ http://localhost:3001/_next/static/chunks/node_modules_next_dist_1e8vcs8._.js:776
[ 7035214ms] [LOG] [Fast Refresh] done in 11ms @ http://localhost:3001/_next/static/chunks/node_modules_next_dist_1e8vcs8._.js:776
[ 7035277ms] [LOG] [Fast Refresh] done in 11ms @ http://localhost:3001/_next/static/chunks/node_modules_next_dist_1e8vcs8._.js:776
[ 7035340ms] [LOG] [Fast Refresh] done in 11ms @ http://localhost:3001/_next/static/chunks/node_modules_next_dist_1e8vcs8._.js:776
[ 7035402ms] [LOG] [Fast Refresh] done in 11ms @ http://localhost:3001/_next/static/chunks/node_modules_next_dist_1e8vcs8._.js:776
[ 7035464ms] [LOG] [Fast Refresh] done in 11ms @ http://localhost:3001/_next/static/chunks/node_modules_next_dist_1e8vcs8._.js:776
[ 7035526ms] [LOG] [Fast Refresh] done in 11ms @ http://localhost:3001/_next/static/chunks/node_modules_next_dist_1e8vcs8._.js:776
[ 7035589ms] [LOG] [Fast Refresh] done in 11ms @ http://localhost:3001/_next/static/chunks/node_modules_next_dist_1e8vcs8._.js:776
[ 7035649ms] [LOG] [Fast Refresh] done in 11ms @ http://localhost:3001/_next/static/chunks/node_modules_next_dist_1e8vcs8._.js:776
[ 7035821ms] [LOG] [Fast Refresh] rebuilding @ http://localhost:3001/_next/static/chunks/node_modules_next_dist_1e8vcs8._.js:776
[ 7036012ms] [LOG] [Fast Refresh] done in 161ms @ http://localhost:3001/_next/static/chunks/node_modules_next_dist_1e8vcs8._.js:776
[ 7036312ms] [ERROR] Failed to load resource: the server responded with a status of 404 (Not Found) @ http://localhost:3001/fonts/BantayogSans-ExtraBold.woff2:0
[ 7036313ms] [ERROR] Failed to load resource: the server responded with a status of 404 (Not Found) @ http://localhost:3001/fonts/GoodDogPlain.woff2:0
[ 7052135ms] [LOG] [Fast Refresh] rebuilding @ http://localhost:3001/_next/static/chunks/node_modules_next_dist_1e8vcs8._.js:776
[ 7052370ms] [LOG] [Fast Refresh] done in 23ms @ http://localhost:3001/_next/static/chunks/node_modules_next_dist_1e8vcs8._.js:776
[ 7060438ms] [LOG] [Fast Refresh] rebuilding @ http://localhost:3001/_next/static/chunks/node_modules_next_dist_1e8vcs8._.js:776
[ 7060927ms] [LOG] [Fast Refresh] done in 406ms @ http://localhost:3001/_next/static/chunks/node_modules_next_dist_1e8vcs8._.js:776
[ 7061438ms] [LOG] [Fast Refresh] rebuilding @ http://localhost:3001/_next/static/chunks/node_modules_next_dist_1e8vcs8._.js:776
[ 7061485ms] [LOG] [Fast Refresh] done in 149ms @ http://localhost:3001/_next/static/chunks/node_modules_next_dist_1e8vcs8._.js:776
[ 7069158ms] [LOG] [Fast Refresh] rebuilding @ http://localhost:3001/_next/static/chunks/node_modules_next_dist_1e8vcs8._.js:776
[ 7069366ms] [LOG] [Fast Refresh] done in 16ms @ http://localhost:3001/_next/static/chunks/node_modules_next_dist_1e8vcs8._.js:776
[ 7069366ms] [LOG] [Fast Refresh] done in 16ms @ http://localhost:3001/_next/static/chunks/node_modules_next_dist_1e8vcs8._.js:776
[ 7069464ms] [LOG] [Fast Refresh] done in 16ms @ http://localhost:3001/_next/static/chunks/node_modules_next_dist_1e8vcs8._.js:776
[ 7069534ms] [LOG] [Fast Refresh] done in 16ms @ http://localhost:3001/_next/static/chunks/node_modules_next_dist_1e8vcs8._.js:776
[ 7069589ms] [LOG] [Fast Refresh] done in 16ms @ http://localhost:3001/_next/static/chunks/node_modules_next_dist_1e8vcs8._.js:776
[ 7069652ms] [LOG] [Fast Refresh] done in 16ms @ http://localhost:3001/_next/static/chunks/node_modules_next_dist_1e8vcs8._.js:776
[ 7069714ms] [LOG] [Fast Refresh] done in 16ms @ http://localhost:3001/_next/static/chunks/node_modules_next_dist_1e8vcs8._.js:776
[ 7069775ms] [LOG] [Fast Refresh] done in 16ms @ http://localhost:3001/_next/static/chunks/node_modules_next_dist_1e8vcs8._.js:776
[ 7069838ms] [LOG] [Fast Refresh] done in 16ms @ http://localhost:3001/_next/static/chunks/node_modules_next_dist_1e8vcs8._.js:776
[ 7069908ms] [LOG] [Fast Refresh] done in 16ms @ http://localhost:3001/_next/static/chunks/node_modules_next_dist_1e8vcs8._.js:776
[ 7069961ms] [LOG] [Fast Refresh] done in 16ms @ http://localhost:3001/_next/static/chunks/node_modules_next_dist_1e8vcs8._.js:776
[ 7070024ms] [LOG] [Fast Refresh] done in 16ms @ http://localhost:3001/_next/static/chunks/node_modules_next_dist_1e8vcs8._.js:776
[ 7070087ms] [LOG] [Fast Refresh] done in 16ms @ http://localhost:3001/_next/static/chunks/node_modules_next_dist_1e8vcs8._.js:776
[ 7070149ms] [LOG] [Fast Refresh] done in 16ms @ http://localhost:3001/_next/static/chunks/node_modules_next_dist_1e8vcs8._.js:776
[ 7070211ms] [LOG] [Fast Refresh] done in 16ms @ http://localhost:3001/_next/static/chunks/node_modules_next_dist_1e8vcs8._.js:776
[ 7070274ms] [LOG] [Fast Refresh] done in 16ms @ http://localhost:3001/_next/static/chunks/node_modules_next_dist_1e8vcs8._.js:776
[ 7070336ms] [LOG] [Fast Refresh] done in 16ms @ http://localhost:3001/_next/static/chunks/node_modules_next_dist_1e8vcs8._.js:776
[ 7070397ms] [LOG] [Fast Refresh] done in 16ms @ http://localhost:3001/_next/static/chunks/node_modules_next_dist_1e8vcs8._.js:776
[ 7070459ms] [LOG] [Fast Refresh] done in 16ms @ http://localhost:3001/_next/static/chunks/node_modules_next_dist_1e8vcs8._.js:776
[ 7070523ms] [LOG] [Fast Refresh] done in 16ms @ http://localhost:3001/_next/static/chunks/node_modules_next_dist_1e8vcs8._.js:776
[ 7070586ms] [LOG] [Fast Refresh] done in 16ms @ http://localhost:3001/_next/static/chunks/node_modules_next_dist_1e8vcs8._.js:776
[ 7070649ms] [LOG] [Fast Refresh] done in 16ms @ http://localhost:3001/_next/static/chunks/node_modules_next_dist_1e8vcs8._.js:776
[ 7070710ms] [LOG] [Fast Refresh] done in 16ms @ http://localhost:3001/_next/static/chunks/node_modules_next_dist_1e8vcs8._.js:776
[ 7070774ms] [LOG] [Fast Refresh] done in 16ms @ http://localhost:3001/_next/static/chunks/node_modules_next_dist_1e8vcs8._.js:776
[ 7070837ms] [LOG] [Fast Refresh] done in 16ms @ http://localhost:3001/_next/static/chunks/node_modules_next_dist_1e8vcs8._.js:776
[ 7070898ms] [LOG] [Fast Refresh] done in 16ms @ http://localhost:3001/_next/static/chunks/node_modules_next_dist_1e8vcs8._.js:776
[ 7070959ms] [LOG] [Fast Refresh] done in 16ms @ http://localhost:3001/_next/static/chunks/node_modules_next_dist_1e8vcs8._.js:776
[ 7071053ms] [LOG] [Fast Refresh] done in 16ms @ http://localhost:3001/_next/static/chunks/node_modules_next_dist_1e8vcs8._.js:776
[ 7071115ms] [LOG] [Fast Refresh] done in 16ms @ http://localhost:3001/_next/static/chunks/node_modules_next_dist_1e8vcs8._.js:776
[ 7071179ms] [LOG] [Fast Refresh] done in 16ms @ http://localhost:3001/_next/static/chunks/node_modules_next_dist_1e8vcs8._.js:776
[ 7071240ms] [LOG] [Fast Refresh] done in 16ms @ http://localhost:3001/_next/static/chunks/node_modules_next_dist_1e8vcs8._.js:776
[ 7071303ms] [LOG] [Fast Refresh] done in 16ms @ http://localhost:3001/_next/static/chunks/node_modules_next_dist_1e8vcs8._.js:776
[ 7071366ms] [LOG] [Fast Refresh] done in 16ms @ http://localhost:3001/_next/static/chunks/node_modules_next_dist_1e8vcs8._.js:776
[ 7071428ms] [LOG] [Fast Refresh] done in 16ms @ http://localhost:3001/_next/static/chunks/node_modules_next_dist_1e8vcs8._.js:776
[ 7071490ms] [LOG] [Fast Refresh] done in 16ms @ http://localhost:3001/_next/static/chunks/node_modules_next_dist_1e8vcs8._.js:776
[ 7071553ms] [LOG] [Fast Refresh] done in 16ms @ http://localhost:3001/_next/static/chunks/node_modules_next_dist_1e8vcs8._.js:776
[ 7071616ms] [LOG] [Fast Refresh] done in 16ms @ http://localhost:3001/_next/static/chunks/node_modules_next_dist_1e8vcs8._.js:776
[ 7071678ms] [LOG] [Fast Refresh] done in 16ms @ http://localhost:3001/_next/static/chunks/node_modules_next_dist_1e8vcs8._.js:776
[ 7071740ms] [LOG] [Fast Refresh] done in 16ms @ http://localhost:3001/_next/static/chunks/node_modules_next_dist_1e8vcs8._.js:776
[ 7071804ms] [LOG] [Fast Refresh] done in 16ms @ http://localhost:3001/_next/static/chunks/node_modules_next_dist_1e8vcs8._.js:776
[ 7071867ms] [LOG] [Fast Refresh] done in 16ms @ http://localhost:3001/_next/static/chunks/node_modules_next_dist_1e8vcs8._.js:776
[ 7071930ms] [LOG] [Fast Refresh] done in 16ms @ http://localhost:3001/_next/static/chunks/node_modules_next_dist_1e8vcs8._.js:776
[ 7071993ms] [LOG] [Fast Refresh] done in 16ms @ http://localhost:3001/_next/static/chunks/node_modules_next_dist_1e8vcs8._.js:776
[ 7072055ms] [LOG] [Fast Refresh] done in 16ms @ http://localhost:3001/_next/static/chunks/node_modules_next_dist_1e8vcs8._.js:776
[ 7072118ms] [LOG] [Fast Refresh] done in 16ms @ http://localhost:3001/_next/static/chunks/node_modules_next_dist_1e8vcs8._.js:776
[ 7072182ms] [LOG] [Fast Refresh] done in 16ms @ http://localhost:3001/_next/static/chunks/node_modules_next_dist_1e8vcs8._.js:776
[ 7072246ms] [LOG] [Fast Refresh] done in 16ms @ http://localhost:3001/_next/static/chunks/node_modules_next_dist_1e8vcs8._.js:776
[ 7072308ms] [LOG] [Fast Refresh] done in 16ms @ http://localhost:3001/_next/static/chunks/node_modules_next_dist_1e8vcs8._.js:776
[ 7072372ms] [LOG] [Fast Refresh] done in 16ms @ http://localhost:3001/_next/static/chunks/node_modules_next_dist_1e8vcs8._.js:776
[ 7072434ms] [LOG] [Fast Refresh] done in 16ms @ http://localhost:3001/_next/static/chunks/node_modules_next_dist_1e8vcs8._.js:776
[ 7072497ms] [LOG] [Fast Refresh] done in 16ms @ http://localhost:3001/_next/static/chunks/node_modules_next_dist_1e8vcs8._.js:776
[ 7072561ms] [LOG] [Fast Refresh] done in 16ms @ http://localhost:3001/_next/static/chunks/node_modules_next_dist_1e8vcs8._.js:776
[ 7072622ms] [LOG] [Fast Refresh] done in 16ms @ http://localhost:3001/_next/static/chunks/node_modules_next_dist_1e8vcs8._.js:776
[ 7072708ms] [LOG] [Fast Refresh] done in 16ms @ http://localhost:3001/_next/static/chunks/node_modules_next_dist_1e8vcs8._.js:776
[ 7072766ms] [LOG] [Fast Refresh] done in 16ms @ http://localhost:3001/_next/static/chunks/node_modules_next_dist_1e8vcs8._.js:776
[ 7072829ms] [LOG] [Fast Refresh] done in 16ms @ http://localhost:3001/_next/static/chunks/node_modules_next_dist_1e8vcs8._.js:776
[ 7072893ms] [LOG] [Fast Refresh] done in 16ms @ http://localhost:3001/_next/static/chunks/node_modules_next_dist_1e8vcs8._.js:776
[ 7072956ms] [LOG] [Fast Refresh] done in 16ms @ http://localhost:3001/_next/static/chunks/node_modules_next_dist_1e8vcs8._.js:776
[ 7073019ms] [LOG] [Fast Refresh] done in 16ms @ http://localhost:3001/_next/static/chunks/node_modules_next_dist_1e8vcs8._.js:776
[ 7073082ms] [LOG] [Fast Refresh] done in 16ms @ http://localhost:3001/_next/static/chunks/node_modules_next_dist_1e8vcs8._.js:776
[ 7073146ms] [LOG] [Fast Refresh] done in 16ms @ http://localhost:3001/_next/static/chunks/node_modules_next_dist_1e8vcs8._.js:776
[ 7073210ms] [LOG] [Fast Refresh] done in 16ms @ http://localhost:3001/_next/static/chunks/node_modules_next_dist_1e8vcs8._.js:776
[ 7073272ms] [LOG] [Fast Refresh] done in 16ms @ http://localhost:3001/_next/static/chunks/node_modules_next_dist_1e8vcs8._.js:776
[ 7073336ms] [LOG] [Fast Refresh] done in 16ms @ http://localhost:3001/_next/static/chunks/node_modules_next_dist_1e8vcs8._.js:776
[ 7073400ms] [LOG] [Fast Refresh] done in 16ms @ http://localhost:3001/_next/static/chunks/node_modules_next_dist_1e8vcs8._.js:776
[ 7073463ms] [LOG] [Fast Refresh] done in 16ms @ http://localhost:3001/_next/static/chunks/node_modules_next_dist_1e8vcs8._.js:776
[ 7073526ms] [LOG] [Fast Refresh] done in 16ms @ http://localhost:3001/_next/static/chunks/node_modules_next_dist_1e8vcs8._.js:776
[ 7073590ms] [LOG] [Fast Refresh] done in 16ms @ http://localhost:3001/_next/static/chunks/node_modules_next_dist_1e8vcs8._.js:776
[ 7073653ms] [LOG] [Fast Refresh] done in 16ms @ http://localhost:3001/_next/static/chunks/node_modules_next_dist_1e8vcs8._.js:776
[ 7073716ms] [LOG] [Fast Refresh] done in 16ms @ http://localhost:3001/_next/static/chunks/node_modules_next_dist_1e8vcs8._.js:776
[ 7073780ms] [LOG] [Fast Refresh] done in 16ms @ http://localhost:3001/_next/static/chunks/node_modules_next_dist_1e8vcs8._.js:776
[ 7073843ms] [LOG] [Fast Refresh] done in 16ms @ http://localhost:3001/_next/static/chunks/node_modules_next_dist_1e8vcs8._.js:776
[ 7073904ms] [LOG] [Fast Refresh] done in 16ms @ http://localhost:3001/_next/static/chunks/node_modules_next_dist_1e8vcs8._.js:776
[ 7073968ms] [LOG] [Fast Refresh] done in 16ms @ http://localhost:3001/_next/static/chunks/node_modules_next_dist_1e8vcs8._.js:776
[ 7074031ms] [LOG] [Fast Refresh] done in 16ms @ http://localhost:3001/_next/static/chunks/node_modules_next_dist_1e8vcs8._.js:776
[ 7074095ms] [LOG] [Fast Refresh] done in 16ms @ http://localhost:3001/_next/static/chunks/node_modules_next_dist_1e8vcs8._.js:776
[ 7074158ms] [LOG] [Fast Refresh] done in 16ms @ http://localhost:3001/_next/static/chunks/node_modules_next_dist_1e8vcs8._.js:776
[ 7074219ms] [LOG] [Fast Refresh] done in 16ms @ http://localhost:3001/_next/static/chunks/node_modules_next_dist_1e8vcs8._.js:776
[ 7074281ms] [LOG] [Fast Refresh] done in 16ms @ http://localhost:3001/_next/static/chunks/node_modules_next_dist_1e8vcs8._.js:776
[ 7074344ms] [LOG] [Fast Refresh] done in 16ms @ http://localhost:3001/_next/static/chunks/node_modules_next_dist_1e8vcs8._.js:776
[ 7074408ms] [LOG] [Fast Refresh] done in 16ms @ http://localhost:3001/_next/static/chunks/node_modules_next_dist_1e8vcs8._.js:776
[ 7074471ms] [LOG] [Fast Refresh] done in 16ms @ http://localhost:3001/_next/static/chunks/node_modules_next_dist_1e8vcs8._.js:776
[ 7074534ms] [LOG] [Fast Refresh] done in 16ms @ http://localhost:3001/_next/static/chunks/node_modules_next_dist_1e8vcs8._.js:776
[ 7074596ms] [LOG] [Fast Refresh] done in 16ms @ http://localhost:3001/_next/static/chunks/node_modules_next_dist_1e8vcs8._.js:776
[ 7074659ms] [LOG] [Fast Refresh] done in 16ms @ http://localhost:3001/_next/static/chunks/node_modules_next_dist_1e8vcs8._.js:776
[ 7074720ms] [LOG] [Fast Refresh] done in 16ms @ http://localhost:3001/_next/static/chunks/node_modules_next_dist_1e8vcs8._.js:776
[ 7074784ms] [LOG] [Fast Refresh] done in 16ms @ http://localhost:3001/_next/static/chunks/node_modules_next_dist_1e8vcs8._.js:776
[ 7074846ms] [LOG] [Fast Refresh] done in 16ms @ http://localhost:3001/_next/static/chunks/node_modules_next_dist_1e8vcs8._.js:776
[ 7074910ms] [LOG] [Fast Refresh] done in 16ms @ http://localhost:3001/_next/static/chunks/node_modules_next_dist_1e8vcs8._.js:776
[ 7074974ms] [LOG] [Fast Refresh] done in 16ms @ http://localhost:3001/_next/static/chunks/node_modules_next_dist_1e8vcs8._.js:776
[ 7075037ms] [LOG] [Fast Refresh] done in 16ms @ http://localhost:3001/_next/static/chunks/node_modules_next_dist_1e8vcs8._.js:776
[ 7075101ms] [LOG] [Fast Refresh] done in 16ms @ http://localhost:3001/_next/static/chunks/node_modules_next_dist_1e8vcs8._.js:776
[ 7075162ms] [LOG] [Fast Refresh] done in 16ms @ http://localhost:3001/_next/static/chunks/node_modules_next_dist_1e8vcs8._.js:776
[ 7075225ms] [LOG] [Fast Refresh] done in 16ms @ http://localhost:3001/_next/static/chunks/node_modules_next_dist_1e8vcs8._.js:776
[ 7075287ms] [LOG] [Fast Refresh] done in 16ms @ http://localhost:3001/_next/static/chunks/node_modules_next_dist_1e8vcs8._.js:776
[ 7075351ms] [LOG] [Fast Refresh] done in 16ms @ http://localhost:3001/_next/static/chunks/node_modules_next_dist_1e8vcs8._.js:776
[ 7075416ms] [LOG] [Fast Refresh] done in 16ms @ http://localhost:3001/_next/static/chunks/node_modules_next_dist_1e8vcs8._.js:776
[ 7075478ms] [LOG] [Fast Refresh] done in 16ms @ http://localhost:3001/_next/static/chunks/node_modules_next_dist_1e8vcs8._.js:776
[ 7075540ms] [LOG] [Fast Refresh] done in 16ms @ http://localhost:3001/_next/static/chunks/node_modules_next_dist_1e8vcs8._.js:776
[ 7075602ms] [LOG] [Fast Refresh] done in 16ms @ http://localhost:3001/_next/static/chunks/node_modules_next_dist_1e8vcs8._.js:776
[ 7075664ms] [LOG] [Fast Refresh] done in 16ms @ http://localhost:3001/_next/static/chunks/node_modules_next_dist_1e8vcs8._.js:776
[ 7075727ms] [LOG] [Fast Refresh] done in 16ms @ http://localhost:3001/_next/static/chunks/node_modules_next_dist_1e8vcs8._.js:776
[ 7075790ms] [LOG] [Fast Refresh] done in 16ms @ http://localhost:3001/_next/static/chunks/node_modules_next_dist_1e8vcs8._.js:776
[ 7075853ms] [LOG] [Fast Refresh] done in 16ms @ http://localhost:3001/_next/static/chunks/node_modules_next_dist_1e8vcs8._.js:776
[ 7075916ms] [LOG] [Fast Refresh] done in 16ms @ http://localhost:3001/_next/static/chunks/node_modules_next_dist_1e8vcs8._.js:776
[ 7075979ms] [LOG] [Fast Refresh] done in 16ms @ http://localhost:3001/_next/static/chunks/node_modules_next_dist_1e8vcs8._.js:776
[ 7076043ms] [LOG] [Fast Refresh] done in 16ms @ http://localhost:3001/_next/static/chunks/node_modules_next_dist_1e8vcs8._.js:776
[ 7076106ms] [LOG] [Fast Refresh] done in 16ms @ http://localhost:3001/_next/static/chunks/node_modules_next_dist_1e8vcs8._.js:776
[ 7076168ms] [LOG] [Fast Refresh] done in 16ms @ http://localhost:3001/_next/static/chunks/node_modules_next_dist_1e8vcs8._.js:776
[ 7076231ms] [LOG] [Fast Refresh] done in 16ms @ http://localhost:3001/_next/static/chunks/node_modules_next_dist_1e8vcs8._.js:776
[ 7076294ms] [LOG] [Fast Refresh] done in 16ms @ http://localhost:3001/_next/static/chunks/node_modules_next_dist_1e8vcs8._.js:776
[ 7076356ms] [LOG] [Fast Refresh] done in 16ms @ http://localhost:3001/_next/static/chunks/node_modules_next_dist_1e8vcs8._.js:776
[ 7076419ms] [LOG] [Fast Refresh] done in 16ms @ http://localhost:3001/_next/static/chunks/node_modules_next_dist_1e8vcs8._.js:776
[ 7076488ms] [LOG] [Fast Refresh] done in 16ms @ http://localhost:3001/_next/static/chunks/node_modules_next_dist_1e8vcs8._.js:776
[ 7076547ms] [LOG] [Fast Refresh] done in 16ms @ http://localhost:3001/_next/static/chunks/node_modules_next_dist_1e8vcs8._.js:776
[ 7076610ms] [LOG] [Fast Refresh] done in 16ms @ http://localhost:3001/_next/static/chunks/node_modules_next_dist_1e8vcs8._.js:776
[ 7076673ms] [LOG] [Fast Refresh] done in 16ms @ http://localhost:3001/_next/static/chunks/node_modules_next_dist_1e8vcs8._.js:776
[ 7076736ms] [LOG] [Fast Refresh] done in 16ms @ http://localhost:3001/_next/static/chunks/node_modules_next_dist_1e8vcs8._.js:776
[ 7076800ms] [LOG] [Fast Refresh] done in 16ms @ http://localhost:3001/_next/static/chunks/node_modules_next_dist_1e8vcs8._.js:776
[ 7076864ms] [LOG] [Fast Refresh] done in 16ms @ http://localhost:3001/_next/static/chunks/node_modules_next_dist_1e8vcs8._.js:776
[ 7076927ms] [LOG] [Fast Refresh] done in 16ms @ http://localhost:3001/_next/static/chunks/node_modules_next_dist_1e8vcs8._.js:776
[ 7076991ms] [LOG] [Fast Refresh] done in 16ms @ http://localhost:3001/_next/static/chunks/node_modules_next_dist_1e8vcs8._.js:776
[ 7077053ms] [LOG] [Fast Refresh] done in 16ms @ http://localhost:3001/_next/static/chunks/node_modules_next_dist_1e8vcs8._.js:776
[ 7077116ms] [LOG] [Fast Refresh] done in 16ms @ http://localhost:3001/_next/static/chunks/node_modules_next_dist_1e8vcs8._.js:776
[ 7077180ms] [LOG] [Fast Refresh] done in 16ms @ http://localhost:3001/_next/static/chunks/node_modules_next_dist_1e8vcs8._.js:776
[ 7077241ms] [LOG] [Fast Refresh] done in 16ms @ http://localhost:3001/_next/static/chunks/node_modules_next_dist_1e8vcs8._.js:776
[ 7077305ms] [LOG] [Fast Refresh] done in 16ms @ http://localhost:3001/_next/static/chunks/node_modules_next_dist_1e8vcs8._.js:776
[ 7077367ms] [LOG] [Fast Refresh] done in 16ms @ http://localhost:3001/_next/static/chunks/node_modules_next_dist_1e8vcs8._.js:776
[ 7077430ms] [LOG] [Fast Refresh] done in 16ms @ http://localhost:3001/_next/static/chunks/node_modules_next_dist_1e8vcs8._.js:776
[ 7077493ms] [LOG] [Fast Refresh] done in 16ms @ http://localhost:3001/_next/static/chunks/node_modules_next_dist_1e8vcs8._.js:776
[ 7077558ms] [LOG] [Fast Refresh] done in 16ms @ http://localhost:3001/_next/static/chunks/node_modules_next_dist_1e8vcs8._.js:776
[ 7077621ms] [LOG] [Fast Refresh] done in 16ms @ http://localhost:3001/_next/static/chunks/node_modules_next_dist_1e8vcs8._.js:776
[ 7077683ms] [LOG] [Fast Refresh] done in 16ms @ http://localhost:3001/_next/static/chunks/node_modules_next_dist_1e8vcs8._.js:776
[ 7077745ms] [LOG] [Fast Refresh] done in 16ms @ http://localhost:3001/_next/static/chunks/node_modules_next_dist_1e8vcs8._.js:776
[ 7077809ms] [LOG] [Fast Refresh] done in 16ms @ http://localhost:3001/_next/static/chunks/node_modules_next_dist_1e8vcs8._.js:776
[ 7077871ms] [LOG] [Fast Refresh] done in 16ms @ http://localhost:3001/_next/static/chunks/node_modules_next_dist_1e8vcs8._.js:776
[ 7077934ms] [LOG] [Fast Refresh] done in 16ms @ http://localhost:3001/_next/static/chunks/node_modules_next_dist_1e8vcs8._.js:776
[ 7077998ms] [LOG] [Fast Refresh] done in 16ms @ http://localhost:3001/_next/static/chunks/node_modules_next_dist_1e8vcs8._.js:776
[ 7078060ms] [LOG] [Fast Refresh] done in 16ms @ http://localhost:3001/_next/static/chunks/node_modules_next_dist_1e8vcs8._.js:776
[ 7078124ms] [LOG] [Fast Refresh] done in 16ms @ http://localhost:3001/_next/static/chunks/node_modules_next_dist_1e8vcs8._.js:776
[ 7078187ms] [LOG] [Fast Refresh] done in 16ms @ http://localhost:3001/_next/static/chunks/node_modules_next_dist_1e8vcs8._.js:776
[ 7078250ms] [LOG] [Fast Refresh] done in 16ms @ http://localhost:3001/_next/static/chunks/node_modules_next_dist_1e8vcs8._.js:776
[ 7078312ms] [LOG] [Fast Refresh] done in 16ms @ http://localhost:3001/_next/static/chunks/node_modules_next_dist_1e8vcs8._.js:776
[ 7078375ms] [LOG] [Fast Refresh] done in 16ms @ http://localhost:3001/_next/static/chunks/node_modules_next_dist_1e8vcs8._.js:776
[ 7078437ms] [LOG] [Fast Refresh] done in 16ms @ http://localhost:3001/_next/static/chunks/node_modules_next_dist_1e8vcs8._.js:776
[ 7078500ms] [LOG] [Fast Refresh] done in 16ms @ http://localhost:3001/_next/static/chunks/node_modules_next_dist_1e8vcs8._.js:776
[ 7078563ms] [LOG] [Fast Refresh] done in 16ms @ http://localhost:3001/_next/static/chunks/node_modules_next_dist_1e8vcs8._.js:776
[ 7078625ms] [LOG] [Fast Refresh] done in 16ms @ http://localhost:3001/_next/static/chunks/node_modules_next_dist_1e8vcs8._.js:776
[ 7078709ms] [LOG] [Fast Refresh] done in 16ms @ http://localhost:3001/_next/static/chunks/node_modules_next_dist_1e8vcs8._.js:776
[ 7078783ms] [LOG] [Fast Refresh] done in 16ms @ http://localhost:3001/_next/static/chunks/node_modules_next_dist_1e8vcs8._.js:776
[ 7078846ms] [LOG] [Fast Refresh] done in 16ms @ http://localhost:3001/_next/static/chunks/node_modules_next_dist_1e8vcs8._.js:776
[ 7078910ms] [LOG] [Fast Refresh] done in 16ms @ http://localhost:3001/_next/static/chunks/node_modules_next_dist_1e8vcs8._.js:776
[ 7078974ms] [LOG] [Fast Refresh] done in 16ms @ http://localhost:3001/_next/static/chunks/node_modules_next_dist_1e8vcs8._.js:776
[ 7079037ms] [LOG] [Fast Refresh] done in 16ms @ http://localhost:3001/_next/static/chunks/node_modules_next_dist_1e8vcs8._.js:776
[ 7079099ms] [LOG] [Fast Refresh] done in 16ms @ http://localhost:3001/_next/static/chunks/node_modules_next_dist_1e8vcs8._.js:776
[ 7079162ms] [LOG] [Fast Refresh] done in 16ms @ http://localhost:3001/_next/static/chunks/node_modules_next_dist_1e8vcs8._.js:776
[ 7079225ms] [LOG] [Fast Refresh] done in 16ms @ http://localhost:3001/_next/static/chunks/node_modules_next_dist_1e8vcs8._.js:776
[ 7079287ms] [LOG] [Fast Refresh] done in 16ms @ http://localhost:3001/_next/static/chunks/node_modules_next_dist_1e8vcs8._.js:776
[ 7079350ms] [LOG] [Fast Refresh] done in 16ms @ http://localhost:3001/_next/static/chunks/node_modules_next_dist_1e8vcs8._.js:776
[ 7079413ms] [LOG] [Fast Refresh] done in 16ms @ http://localhost:3001/_next/static/chunks/node_modules_next_dist_1e8vcs8._.js:776
[ 7079476ms] [LOG] [Fast Refresh] done in 16ms @ http://localhost:3001/_next/static/chunks/node_modules_next_dist_1e8vcs8._.js:776
[ 7079538ms] [LOG] [Fast Refresh] done in 16ms @ http://localhost:3001/_next/static/chunks/node_modules_next_dist_1e8vcs8._.js:776
[ 7079602ms] [LOG] [Fast Refresh] done in 16ms @ http://localhost:3001/_next/static/chunks/node_modules_next_dist_1e8vcs8._.js:776
[ 7079664ms] [LOG] [Fast Refresh] done in 16ms @ http://localhost:3001/_next/static/chunks/node_modules_next_dist_1e8vcs8._.js:776
[ 7079726ms] [LOG] [Fast Refresh] done in 16ms @ http://localhost:3001/_next/static/chunks/node_modules_next_dist_1e8vcs8._.js:776
[ 7079791ms] [LOG] [Fast Refresh] done in 16ms @ http://localhost:3001/_next/static/chunks/node_modules_next_dist_1e8vcs8._.js:776
[ 7079853ms] [LOG] [Fast Refresh] done in 16ms @ http://localhost:3001/_next/static/chunks/node_modules_next_dist_1e8vcs8._.js:776
[ 7079916ms] [LOG] [Fast Refresh] done in 16ms @ http://localhost:3001/_next/static/chunks/node_modules_next_dist_1e8vcs8._.js:776
[ 7079979ms] [LOG] [Fast Refresh] done in 16ms @ http://localhost:3001/_next/static/chunks/node_modules_next_dist_1e8vcs8._.js:776
[ 7080043ms] [LOG] [Fast Refresh] done in 16ms @ http://localhost:3001/_next/static/chunks/node_modules_next_dist_1e8vcs8._.js:776
[ 7080106ms] [LOG] [Fast Refresh] done in 16ms @ http://localhost:3001/_next/static/chunks/node_modules_next_dist_1e8vcs8._.js:776
[ 7080170ms] [LOG] [Fast Refresh] done in 16ms @ http://localhost:3001/_next/static/chunks/node_modules_next_dist_1e8vcs8._.js:776
[ 7080233ms] [LOG] [Fast Refresh] done in 16ms @ http://localhost:3001/_next/static/chunks/node_modules_next_dist_1e8vcs8._.js:776
[ 7080294ms] [LOG] [Fast Refresh] done in 16ms @ http://localhost:3001/_next/static/chunks/node_modules_next_dist_1e8vcs8._.js:776
[ 7080355ms] [LOG] [Fast Refresh] done in 16ms @ http://localhost:3001/_next/static/chunks/node_modules_next_dist_1e8vcs8._.js:776
[ 7080417ms] [LOG] [Fast Refresh] done in 16ms @ http://localhost:3001/_next/static/chunks/node_modules_next_dist_1e8vcs8._.js:776
[ 7080478ms] [LOG] [Fast Refresh] done in 16ms @ http://localhost:3001/_next/static/chunks/node_modules_next_dist_1e8vcs8._.js:776
[ 7080539ms] [LOG] [Fast Refresh] done in 16ms @ http://localhost:3001/_next/static/chunks/node_modules_next_dist_1e8vcs8._.js:776
[ 7080602ms] [LOG] [Fast Refresh] done in 16ms @ http://localhost:3001/_next/static/chunks/node_modules_next_dist_1e8vcs8._.js:776
[ 7080666ms] [LOG] [Fast Refresh] done in 16ms @ http://localhost:3001/_next/static/chunks/node_modules_next_dist_1e8vcs8._.js:776
[ 7080729ms] [LOG] [Fast Refresh] done in 16ms @ http://localhost:3001/_next/static/chunks/node_modules_next_dist_1e8vcs8._.js:776
[ 7080792ms] [LOG] [Fast Refresh] done in 16ms @ http://localhost:3001/_next/static/chunks/node_modules_next_dist_1e8vcs8._.js:776
[ 7080854ms] [LOG] [Fast Refresh] done in 16ms @ http://localhost:3001/_next/static/chunks/node_modules_next_dist_1e8vcs8._.js:776
[ 7080917ms] [LOG] [Fast Refresh] done in 16ms @ http://localhost:3001/_next/static/chunks/node_modules_next_dist_1e8vcs8._.js:776
[ 7080980ms] [LOG] [Fast Refresh] done in 16ms @ http://localhost:3001/_next/static/chunks/node_modules_next_dist_1e8vcs8._.js:776
[ 7081043ms] [LOG] [Fast Refresh] done in 16ms @ http://localhost:3001/_next/static/chunks/node_modules_next_dist_1e8vcs8._.js:776
[ 7081106ms] [LOG] [Fast Refresh] done in 16ms @ http://localhost:3001/_next/static/chunks/node_modules_next_dist_1e8vcs8._.js:776
[ 7081168ms] [LOG] [Fast Refresh] done in 16ms @ http://localhost:3001/_next/static/chunks/node_modules_next_dist_1e8vcs8._.js:776
[ 7081233ms] [LOG] [Fast Refresh] done in 16ms @ http://localhost:3001/_next/static/chunks/node_modules_next_dist_1e8vcs8._.js:776
[ 7081295ms] [LOG] [Fast Refresh] done in 16ms @ http://localhost:3001/_next/static/chunks/node_modules_next_dist_1e8vcs8._.js:776
[ 7081357ms] [LOG] [Fast Refresh] done in 16ms @ http://localhost:3001/_next/static/chunks/node_modules_next_dist_1e8vcs8._.js:776
[ 7081422ms] [LOG] [Fast Refresh] done in 16ms @ http://localhost:3001/_next/static/chunks/node_modules_next_dist_1e8vcs8._.js:776
[ 7081479ms] [LOG] [Fast Refresh] done in 16ms @ http://localhost:3001/_next/static/chunks/node_modules_next_dist_1e8vcs8._.js:776
[ 7081542ms] [LOG] [Fast Refresh] done in 16ms @ http://localhost:3001/_next/static/chunks/node_modules_next_dist_1e8vcs8._.js:776
[ 7081605ms] [LOG] [Fast Refresh] done in 16ms @ http://localhost:3001/_next/static/chunks/node_modules_next_dist_1e8vcs8._.js:776
[ 7081669ms] [LOG] [Fast Refresh] done in 16ms @ http://localhost:3001/_next/static/chunks/node_modules_next_dist_1e8vcs8._.js:776
[ 7081731ms] [LOG] [Fast Refresh] done in 16ms @ http://localhost:3001/_next/static/chunks/node_modules_next_dist_1e8vcs8._.js:776
[ 7081795ms] [LOG] [Fast Refresh] done in 16ms @ http://localhost:3001/_next/static/chunks/node_modules_next_dist_1e8vcs8._.js:776
[ 7081858ms] [LOG] [Fast Refresh] done in 16ms @ http://localhost:3001/_next/static/chunks/node_modules_next_dist_1e8vcs8._.js:776
[ 7081922ms] [LOG] [Fast Refresh] done in 16ms @ http://localhost:3001/_next/static/chunks/node_modules_next_dist_1e8vcs8._.js:776
[ 7081985ms] [LOG] [Fast Refresh] done in 16ms @ http://localhost:3001/_next/static/chunks/node_modules_next_dist_1e8vcs8._.js:776
[ 7082049ms] [LOG] [Fast Refresh] done in 16ms @ http://localhost:3001/_next/static/chunks/node_modules_next_dist_1e8vcs8._.js:776
[ 7082113ms] [LOG] [Fast Refresh] done in 16ms @ http://localhost:3001/_next/static/chunks/node_modules_next_dist_1e8vcs8._.js:776
[ 7082176ms] [LOG] [Fast Refresh] done in 16ms @ http://localhost:3001/_next/static/chunks/node_modules_next_dist_1e8vcs8._.js:776
[ 7082240ms] [LOG] [Fast Refresh] done in 16ms @ http://localhost:3001/_next/static/chunks/node_modules_next_dist_1e8vcs8._.js:776
[ 7082302ms] [LOG] [Fast Refresh] done in 16ms @ http://localhost:3001/_next/static/chunks/node_modules_next_dist_1e8vcs8._.js:776
[ 7082365ms] [LOG] [Fast Refresh] done in 16ms @ http://localhost:3001/_next/static/chunks/node_modules_next_dist_1e8vcs8._.js:776
[ 7082427ms] [LOG] [Fast Refresh] done in 16ms @ http://localhost:3001/_next/static/chunks/node_modules_next_dist_1e8vcs8._.js:776
[ 7082490ms] [LOG] [Fast Refresh] done in 16ms @ http://localhost:3001/_next/static/chunks/node_modules_next_dist_1e8vcs8._.js:776
[ 7082553ms] [LOG] [Fast Refresh] done in 16ms @ http://localhost:3001/_next/static/chunks/node_modules_next_dist_1e8vcs8._.js:776
[ 7082618ms] [LOG] [Fast Refresh] done in 16ms @ http://localhost:3001/_next/static/chunks/node_modules_next_dist_1e8vcs8._.js:776
[ 7082679ms] [LOG] [Fast Refresh] done in 16ms @ http://localhost:3001/_next/static/chunks/node_modules_next_dist_1e8vcs8._.js:776
[ 7082742ms] [LOG] [Fast Refresh] done in 16ms @ http://localhost:3001/_next/static/chunks/node_modules_next_dist_1e8vcs8._.js:776
[ 7082804ms] [LOG] [Fast Refresh] done in 16ms @ http://localhost:3001/_next/static/chunks/node_modules_next_dist_1e8vcs8._.js:776
[ 7082867ms] [LOG] [Fast Refresh] done in 16ms @ http://localhost:3001/_next/static/chunks/node_modules_next_dist_1e8vcs8._.js:776
[ 7082930ms] [LOG] [Fast Refresh] done in 16ms @ http://localhost:3001/_next/static/chunks/node_modules_next_dist_1e8vcs8._.js:776
[ 7082993ms] [LOG] [Fast Refresh] done in 16ms @ http://localhost:3001/_next/static/chunks/node_modules_next_dist_1e8vcs8._.js:776
[ 7083056ms] [LOG] [Fast Refresh] done in 16ms @ http://localhost:3001/_next/static/chunks/node_modules_next_dist_1e8vcs8._.js:776
[ 7083119ms] [LOG] [Fast Refresh] done in 16ms @ http://localhost:3001/_next/static/chunks/node_modules_next_dist_1e8vcs8._.js:776
[ 7083183ms] [LOG] [Fast Refresh] done in 16ms @ http://localhost:3001/_next/static/chunks/node_modules_next_dist_1e8vcs8._.js:776
[ 7083247ms] [LOG] [Fast Refresh] done in 16ms @ http://localhost:3001/_next/static/chunks/node_modules_next_dist_1e8vcs8._.js:776
[ 7083310ms] [LOG] [Fast Refresh] done in 16ms @ http://localhost:3001/_next/static/chunks/node_modules_next_dist_1e8vcs8._.js:776
[ 7083371ms] [LOG] [Fast Refresh] done in 16ms @ http://localhost:3001/_next/static/chunks/node_modules_next_dist_1e8vcs8._.js:776
[ 7083434ms] [LOG] [Fast Refresh] done in 16ms @ http://localhost:3001/_next/static/chunks/node_modules_next_dist_1e8vcs8._.js:776
[ 7083496ms] [LOG] [Fast Refresh] done in 16ms @ http://localhost:3001/_next/static/chunks/node_modules_next_dist_1e8vcs8._.js:776
[ 7083559ms] [LOG] [Fast Refresh] done in 16ms @ http://localhost:3001/_next/static/chunks/node_modules_next_dist_1e8vcs8._.js:776
[ 7083621ms] [LOG] [Fast Refresh] done in 16ms @ http://localhost:3001/_next/static/chunks/node_modules_next_dist_1e8vcs8._.js:776
[ 7083685ms] [LOG] [Fast Refresh] done in 16ms @ http://localhost:3001/_next/static/chunks/node_modules_next_dist_1e8vcs8._.js:776
[ 7083748ms] [LOG] [Fast Refresh] done in 16ms @ http://localhost:3001/_next/static/chunks/node_modules_next_dist_1e8vcs8._.js:776
[ 7083812ms] [LOG] [Fast Refresh] done in 16ms @ http://localhost:3001/_next/static/chunks/node_modules_next_dist_1e8vcs8._.js:776
[ 7083874ms] [LOG] [Fast Refresh] done in 16ms @ http://localhost:3001/_next/static/chunks/node_modules_next_dist_1e8vcs8._.js:776
[ 7083952ms] [LOG] [Fast Refresh] done in 16ms @ http://localhost:3001/_next/static/chunks/node_modules_next_dist_1e8vcs8._.js:776
[ 7084016ms] [LOG] [Fast Refresh] done in 16ms @ http://localhost:3001/_next/static/chunks/node_modules_next_dist_1e8vcs8._.js:776
[ 7084078ms] [LOG] [Fast Refresh] done in 16ms @ http://localhost:3001/_next/static/chunks/node_modules_next_dist_1e8vcs8._.js:776
[ 7084139ms] [LOG] [Fast Refresh] done in 16ms @ http://localhost:3001/_next/static/chunks/node_modules_next_dist_1e8vcs8._.js:776
[ 7084204ms] [LOG] [Fast Refresh] done in 16ms @ http://localhost:3001/_next/static/chunks/node_modules_next_dist_1e8vcs8._.js:776
[ 7084265ms] [LOG] [Fast Refresh] done in 16ms @ http://localhost:3001/_next/static/chunks/node_modules_next_dist_1e8vcs8._.js:776
[ 7084329ms] [LOG] [Fast Refresh] done in 16ms @ http://localhost:3001/_next/static/chunks/node_modules_next_dist_1e8vcs8._.js:776
[ 7084392ms] [LOG] [Fast Refresh] done in 16ms @ http://localhost:3001/_next/static/chunks/node_modules_next_dist_1e8vcs8._.js:776
[ 7084455ms] [LOG] [Fast Refresh] done in 16ms @ http://localhost:3001/_next/static/chunks/node_modules_next_dist_1e8vcs8._.js:776
[ 7084516ms] [LOG] [Fast Refresh] done in 16ms @ http://localhost:3001/_next/static/chunks/node_modules_next_dist_1e8vcs8._.js:776
[ 7084578ms] [LOG] [Fast Refresh] done in 16ms @ http://localhost:3001/_next/static/chunks/node_modules_next_dist_1e8vcs8._.js:776
[ 7084640ms] [LOG] [Fast Refresh] done in 16ms @ http://localhost:3001/_next/static/chunks/node_modules_next_dist_1e8vcs8._.js:776
[ 7084700ms] [LOG] [Fast Refresh] done in 16ms @ http://localhost:3001/_next/static/chunks/node_modules_next_dist_1e8vcs8._.js:776
[ 7084763ms] [LOG] [Fast Refresh] done in 16ms @ http://localhost:3001/_next/static/chunks/node_modules_next_dist_1e8vcs8._.js:776
[ 7084826ms] [LOG] [Fast Refresh] done in 16ms @ http://localhost:3001/_next/static/chunks/node_modules_next_dist_1e8vcs8._.js:776
[ 7084890ms] [LOG] [Fast Refresh] done in 16ms @ http://localhost:3001/_next/static/chunks/node_modules_next_dist_1e8vcs8._.js:776
[ 7084952ms] [LOG] [Fast Refresh] done in 16ms @ http://localhost:3001/_next/static/chunks/node_modules_next_dist_1e8vcs8._.js:776
[ 7085016ms] [LOG] [Fast Refresh] done in 16ms @ http://localhost:3001/_next/static/chunks/node_modules_next_dist_1e8vcs8._.js:776
[ 7085082ms] [LOG] [Fast Refresh] done in 16ms @ http://localhost:3001/_next/static/chunks/node_modules_next_dist_1e8vcs8._.js:776
[ 7085140ms] [LOG] [Fast Refresh] done in 16ms @ http://localhost:3001/_next/static/chunks/node_modules_next_dist_1e8vcs8._.js:776
[ 7085203ms] [LOG] [Fast Refresh] done in 16ms @ http://localhost:3001/_next/static/chunks/node_modules_next_dist_1e8vcs8._.js:776
[ 7085265ms] [LOG] [Fast Refresh] done in 16ms @ http://localhost:3001/_next/static/chunks/node_modules_next_dist_1e8vcs8._.js:776
[ 7085329ms] [LOG] [Fast Refresh] done in 16ms @ http://localhost:3001/_next/static/chunks/node_modules_next_dist_1e8vcs8._.js:776
[ 7085390ms] [LOG] [Fast Refresh] done in 16ms @ http://localhost:3001/_next/static/chunks/node_modules_next_dist_1e8vcs8._.js:776
[ 7085454ms] [LOG] [Fast Refresh] done in 16ms @ http://localhost:3001/_next/static/chunks/node_modules_next_dist_1e8vcs8._.js:776
[ 7085516ms] [LOG] [Fast Refresh] done in 16ms @ http://localhost:3001/_next/static/chunks/node_modules_next_dist_1e8vcs8._.js:776
[ 7085578ms] [LOG] [Fast Refresh] done in 16ms @ http://localhost:3001/_next/static/chunks/node_modules_next_dist_1e8vcs8._.js:776
[ 7085640ms] [LOG] [Fast Refresh] done in 16ms @ http://localhost:3001/_next/static/chunks/node_modules_next_dist_1e8vcs8._.js:776
[ 7085702ms] [LOG] [Fast Refresh] done in 16ms @ http://localhost:3001/_next/static/chunks/node_modules_next_dist_1e8vcs8._.js:776
[ 7085764ms] [LOG] [Fast Refresh] done in 16ms @ http://localhost:3001/_next/static/chunks/node_modules_next_dist_1e8vcs8._.js:776
[ 7085827ms] [LOG] [Fast Refresh] done in 16ms @ http://localhost:3001/_next/static/chunks/node_modules_next_dist_1e8vcs8._.js:776
[ 7085889ms] [LOG] [Fast Refresh] done in 16ms @ http://localhost:3001/_next/static/chunks/node_modules_next_dist_1e8vcs8._.js:776
[ 7085952ms] [LOG] [Fast Refresh] done in 16ms @ http://localhost:3001/_next/static/chunks/node_modules_next_dist_1e8vcs8._.js:776
[ 7086014ms] [LOG] [Fast Refresh] done in 16ms @ http://localhost:3001/_next/static/chunks/node_modules_next_dist_1e8vcs8._.js:776
[ 7086078ms] [LOG] [Fast Refresh] done in 16ms @ http://localhost:3001/_next/static/chunks/node_modules_next_dist_1e8vcs8._.js:776
[ 7086140ms] [LOG] [Fast Refresh] done in 16ms @ http://localhost:3001/_next/static/chunks/node_modules_next_dist_1e8vcs8._.js:776
[ 7086202ms] [LOG] [Fast Refresh] done in 16ms @ http://localhost:3001/_next/static/chunks/node_modules_next_dist_1e8vcs8._.js:776
[ 7086263ms] [LOG] [Fast Refresh] done in 16ms @ http://localhost:3001/_next/static/chunks/node_modules_next_dist_1e8vcs8._.js:776
[ 7086326ms] [LOG] [Fast Refresh] done in 16ms @ http://localhost:3001/_next/static/chunks/node_modules_next_dist_1e8vcs8._.js:776
[ 7086389ms] [LOG] [Fast Refresh] done in 16ms @ http://localhost:3001/_next/static/chunks/node_modules_next_dist_1e8vcs8._.js:776
[ 7086451ms] [LOG] [Fast Refresh] done in 16ms @ http://localhost:3001/_next/static/chunks/node_modules_next_dist_1e8vcs8._.js:776
[ 7086513ms] [LOG] [Fast Refresh] done in 16ms @ http://localhost:3001/_next/static/chunks/node_modules_next_dist_1e8vcs8._.js:776
[ 7086577ms] [LOG] [Fast Refresh] done in 16ms @ http://localhost:3001/_next/static/chunks/node_modules_next_dist_1e8vcs8._.js:776
[ 7086640ms] [LOG] [Fast Refresh] done in 16ms @ http://localhost:3001/_next/static/chunks/node_modules_next_dist_1e8vcs8._.js:776
[ 7086701ms] [LOG] [Fast Refresh] done in 16ms @ http://localhost:3001/_next/static/chunks/node_modules_next_dist_1e8vcs8._.js:776
[ 7086766ms] [LOG] [Fast Refresh] done in 16ms @ http://localhost:3001/_next/static/chunks/node_modules_next_dist_1e8vcs8._.js:776
[ 7086828ms] [LOG] [Fast Refresh] done in 16ms @ http://localhost:3001/_next/static/chunks/node_modules_next_dist_1e8vcs8._.js:776
[ 7086892ms] [LOG] [Fast Refresh] done in 16ms @ http://localhost:3001/_next/static/chunks/node_modules_next_dist_1e8vcs8._.js:776
[ 7086955ms] [LOG] [Fast Refresh] done in 16ms @ http://localhost:3001/_next/static/chunks/node_modules_next_dist_1e8vcs8._.js:776
[ 7087018ms] [LOG] [Fast Refresh] done in 16ms @ http://localhost:3001/_next/static/chunks/node_modules_next_dist_1e8vcs8._.js:776
[ 7087081ms] [LOG] [Fast Refresh] done in 16ms @ http://localhost:3001/_next/static/chunks/node_modules_next_dist_1e8vcs8._.js:776
[ 7087141ms] [LOG] [Fast Refresh] done in 16ms @ http://localhost:3001/_next/static/chunks/node_modules_next_dist_1e8vcs8._.js:776
[ 7087206ms] [LOG] [Fast Refresh] done in 16ms @ http://localhost:3001/_next/static/chunks/node_modules_next_dist_1e8vcs8._.js:776
[ 7087268ms] [LOG] [Fast Refresh] done in 16ms @ http://localhost:3001/_next/static/chunks/node_modules_next_dist_1e8vcs8._.js:776
[ 7087330ms] [LOG] [Fast Refresh] done in 16ms @ http://localhost:3001/_next/static/chunks/node_modules_next_dist_1e8vcs8._.js:776
[ 7087393ms] [LOG] [Fast Refresh] done in 16ms @ http://localhost:3001/_next/static/chunks/node_modules_next_dist_1e8vcs8._.js:776
[ 7087455ms] [LOG] [Fast Refresh] done in 16ms @ http://localhost:3001/_next/static/chunks/node_modules_next_dist_1e8vcs8._.js:776
[ 7087517ms] [LOG] [Fast Refresh] done in 16ms @ http://localhost:3001/_next/static/chunks/node_modules_next_dist_1e8vcs8._.js:776
[ 7087581ms] [LOG] [Fast Refresh] done in 16ms @ http://localhost:3001/_next/static/chunks/node_modules_next_dist_1e8vcs8._.js:776
[ 7087644ms] [LOG] [Fast Refresh] done in 16ms @ http://localhost:3001/_next/static/chunks/node_modules_next_dist_1e8vcs8._.js:776
[ 7087705ms] [LOG] [Fast Refresh] done in 16ms @ http://localhost:3001/_next/static/chunks/node_modules_next_dist_1e8vcs8._.js:776
[ 7087768ms] [LOG] [Fast Refresh] done in 16ms @ http://localhost:3001/_next/static/chunks/node_modules_next_dist_1e8vcs8._.js:776
[ 7087831ms] [LOG] [Fast Refresh] done in 16ms @ http://localhost:3001/_next/static/chunks/node_modules_next_dist_1e8vcs8._.js:776
[ 7087893ms] [LOG] [Fast Refresh] done in 16ms @ http://localhost:3001/_next/static/chunks/node_modules_next_dist_1e8vcs8._.js:776
[ 7087955ms] [LOG] [Fast Refresh] done in 16ms @ http://localhost:3001/_next/static/chunks/node_modules_next_dist_1e8vcs8._.js:776
[ 7088018ms] [LOG] [Fast Refresh] done in 16ms @ http://localhost:3001/_next/static/chunks/node_modules_next_dist_1e8vcs8._.js:776
[ 7088079ms] [LOG] [Fast Refresh] done in 16ms @ http://localhost:3001/_next/static/chunks/node_modules_next_dist_1e8vcs8._.js:776
[ 7088141ms] [LOG] [Fast Refresh] done in 16ms @ http://localhost:3001/_next/static/chunks/node_modules_next_dist_1e8vcs8._.js:776
[ 7088204ms] [LOG] [Fast Refresh] done in 16ms @ http://localhost:3001/_next/static/chunks/node_modules_next_dist_1e8vcs8._.js:776
[ 7088268ms] [LOG] [Fast Refresh] done in 16ms @ http://localhost:3001/_next/static/chunks/node_modules_next_dist_1e8vcs8._.js:776
[ 7088330ms] [LOG] [Fast Refresh] done in 16ms @ http://localhost:3001/_next/static/chunks/node_modules_next_dist_1e8vcs8._.js:776
[ 7088392ms] [LOG] [Fast Refresh] done in 16ms @ http://localhost:3001/_next/static/chunks/node_modules_next_dist_1e8vcs8._.js:776
[ 7088454ms] [LOG] [Fast Refresh] done in 16ms @ http://localhost:3001/_next/static/chunks/node_modules_next_dist_1e8vcs8._.js:776
[ 7088516ms] [LOG] [Fast Refresh] done in 16ms @ http://localhost:3001/_next/static/chunks/node_modules_next_dist_1e8vcs8._.js:776
[ 7088580ms] [LOG] [Fast Refresh] done in 16ms @ http://localhost:3001/_next/static/chunks/node_modules_next_dist_1e8vcs8._.js:776
[ 7088643ms] [LOG] [Fast Refresh] done in 16ms @ http://localhost:3001/_next/static/chunks/node_modules_next_dist_1e8vcs8._.js:776
[ 7088704ms] [LOG] [Fast Refresh] done in 16ms @ http://localhost:3001/_next/static/chunks/node_modules_next_dist_1e8vcs8._.js:776
[ 7088768ms] [LOG] [Fast Refresh] done in 16ms @ http://localhost:3001/_next/static/chunks/node_modules_next_dist_1e8vcs8._.js:776
[ 7088830ms] [LOG] [Fast Refresh] done in 16ms @ http://localhost:3001/_next/static/chunks/node_modules_next_dist_1e8vcs8._.js:776
[ 7088883ms] [LOG] [Fast Refresh] done in 16ms @ http://localhost:3001/_next/static/chunks/node_modules_next_dist_1e8vcs8._.js:776
[ 7088940ms] [LOG] [Fast Refresh] done in 16ms @ http://localhost:3001/_next/static/chunks/node_modules_next_dist_1e8vcs8._.js:776
[ 7089002ms] [LOG] [Fast Refresh] done in 16ms @ http://localhost:3001/_next/static/chunks/node_modules_next_dist_1e8vcs8._.js:776
[ 7089065ms] [LOG] [Fast Refresh] done in 16ms @ http://localhost:3001/_next/static/chunks/node_modules_next_dist_1e8vcs8._.js:776
[ 7089128ms] [LOG] [Fast Refresh] done in 16ms @ http://localhost:3001/_next/static/chunks/node_modules_next_dist_1e8vcs8._.js:776
[ 7089190ms] [LOG] [Fast Refresh] done in 16ms @ http://localhost:3001/_next/static/chunks/node_modules_next_dist_1e8vcs8._.js:776
[ 7089254ms] [LOG] [Fast Refresh] done in 16ms @ http://localhost:3001/_next/static/chunks/node_modules_next_dist_1e8vcs8._.js:776
[ 7089315ms] [LOG] [Fast Refresh] done in 16ms @ http://localhost:3001/_next/static/chunks/node_modules_next_dist_1e8vcs8._.js:776
[ 7089378ms] [LOG] [Fast Refresh] done in 16ms @ http://localhost:3001/_next/static/chunks/node_modules_next_dist_1e8vcs8._.js:776
[ 7089441ms] [LOG] [Fast Refresh] done in 16ms @ http://localhost:3001/_next/static/chunks/node_modules_next_dist_1e8vcs8._.js:776
[ 7089504ms] [LOG] [Fast Refresh] done in 16ms @ http://localhost:3001/_next/static/chunks/node_modules_next_dist_1e8vcs8._.js:776
[ 7089567ms] [LOG] [Fast Refresh] done in 16ms @ http://localhost:3001/_next/static/chunks/node_modules_next_dist_1e8vcs8._.js:776
[ 7089629ms] [LOG] [Fast Refresh] done in 16ms @ http://localhost:3001/_next/static/chunks/node_modules_next_dist_1e8vcs8._.js:776
[ 7089693ms] [LOG] [Fast Refresh] done in 16ms @ http://localhost:3001/_next/static/chunks/node_modules_next_dist_1e8vcs8._.js:776
[ 7089756ms] [LOG] [Fast Refresh] done in 16ms @ http://localhost:3001/_next/static/chunks/node_modules_next_dist_1e8vcs8._.js:776
[ 7089819ms] [LOG] [Fast Refresh] done in 16ms @ http://localhost:3001/_next/static/chunks/node_modules_next_dist_1e8vcs8._.js:776
[ 7089880ms] [LOG] [Fast Refresh] done in 16ms @ http://localhost:3001/_next/static/chunks/node_modules_next_dist_1e8vcs8._.js:776
[ 7089943ms] [LOG] [Fast Refresh] done in 16ms @ http://localhost:3001/_next/static/chunks/node_modules_next_dist_1e8vcs8._.js:776
[ 7090006ms] [LOG] [Fast Refresh] done in 16ms @ http://localhost:3001/_next/static/chunks/node_modules_next_dist_1e8vcs8._.js:776
[ 7090070ms] [LOG] [Fast Refresh] done in 16ms @ http://localhost:3001/_next/static/chunks/node_modules_next_dist_1e8vcs8._.js:776
[ 7090134ms] [LOG] [Fast Refresh] done in 16ms @ http://localhost:3001/_next/static/chunks/node_modules_next_dist_1e8vcs8._.js:776
[ 7090198ms] [LOG] [Fast Refresh] done in 16ms @ http://localhost:3001/_next/static/chunks/node_modules_next_dist_1e8vcs8._.js:776
[ 7090261ms] [LOG] [Fast Refresh] done in 16ms @ http://localhost:3001/_next/static/chunks/node_modules_next_dist_1e8vcs8._.js:776
[ 7090324ms] [LOG] [Fast Refresh] done in 16ms @ http://localhost:3001/_next/static/chunks/node_modules_next_dist_1e8vcs8._.js:776
[ 7090387ms] [LOG] [Fast Refresh] done in 16ms @ http://localhost:3001/_next/static/chunks/node_modules_next_dist_1e8vcs8._.js:776
[ 7090450ms] [LOG] [Fast Refresh] done in 16ms @ http://localhost:3001/_next/static/chunks/node_modules_next_dist_1e8vcs8._.js:776
[ 7090512ms] [LOG] [Fast Refresh] done in 16ms @ http://localhost:3001/_next/static/chunks/node_modules_next_dist_1e8vcs8._.js:776
[ 7090574ms] [LOG] [Fast Refresh] done in 16ms @ http://localhost:3001/_next/static/chunks/node_modules_next_dist_1e8vcs8._.js:776
[ 7090637ms] [LOG] [Fast Refresh] done in 16ms @ http://localhost:3001/_next/static/chunks/node_modules_next_dist_1e8vcs8._.js:776
[ 7090700ms] [LOG] [Fast Refresh] done in 16ms @ http://localhost:3001/_next/static/chunks/node_modules_next_dist_1e8vcs8._.js:776
[ 7090762ms] [LOG] [Fast Refresh] done in 16ms @ http://localhost:3001/_next/static/chunks/node_modules_next_dist_1e8vcs8._.js:776
[ 7090825ms] [LOG] [Fast Refresh] done in 16ms @ http://localhost:3001/_next/static/chunks/node_modules_next_dist_1e8vcs8._.js:776
[ 7090889ms] [LOG] [Fast Refresh] done in 16ms @ http://localhost:3001/_next/static/chunks/node_modules_next_dist_1e8vcs8._.js:776
[ 7090951ms] [LOG] [Fast Refresh] done in 16ms @ http://localhost:3001/_next/static/chunks/node_modules_next_dist_1e8vcs8._.js:776
[ 7091015ms] [LOG] [Fast Refresh] done in 16ms @ http://localhost:3001/_next/static/chunks/node_modules_next_dist_1e8vcs8._.js:776
[ 7091078ms] [LOG] [Fast Refresh] done in 16ms @ http://localhost:3001/_next/static/chunks/node_modules_next_dist_1e8vcs8._.js:776
[ 7091140ms] [LOG] [Fast Refresh] done in 16ms @ http://localhost:3001/_next/static/chunks/node_modules_next_dist_1e8vcs8._.js:776
[ 7091202ms] [LOG] [Fast Refresh] done in 16ms @ http://localhost:3001/_next/static/chunks/node_modules_next_dist_1e8vcs8._.js:776
[ 7091265ms] [LOG] [Fast Refresh] done in 16ms @ http://localhost:3001/_next/static/chunks/node_modules_next_dist_1e8vcs8._.js:776
[ 7091328ms] [LOG] [Fast Refresh] done in 16ms @ http://localhost:3001/_next/static/chunks/node_modules_next_dist_1e8vcs8._.js:776
[ 7091392ms] [LOG] [Fast Refresh] done in 16ms @ http://localhost:3001/_next/static/chunks/node_modules_next_dist_1e8vcs8._.js:776
[ 7091455ms] [LOG] [Fast Refresh] done in 16ms @ http://localhost:3001/_next/static/chunks/node_modules_next_dist_1e8vcs8._.js:776
[ 7091519ms] [LOG] [Fast Refresh] done in 16ms @ http://localhost:3001/_next/static/chunks/node_modules_next_dist_1e8vcs8._.js:776
[ 7091582ms] [LOG] [Fast Refresh] done in 16ms @ http://localhost:3001/_next/static/chunks/node_modules_next_dist_1e8vcs8._.js:776
[ 7091644ms] [LOG] [Fast Refresh] done in 16ms @ http://localhost:3001/_next/static/chunks/node_modules_next_dist_1e8vcs8._.js:776
[ 7091706ms] [LOG] [Fast Refresh] done in 16ms @ http://localhost:3001/_next/static/chunks/node_modules_next_dist_1e8vcs8._.js:776
[ 7091769ms] [LOG] [Fast Refresh] done in 16ms @ http://localhost:3001/_next/static/chunks/node_modules_next_dist_1e8vcs8._.js:776
[ 7091832ms] [LOG] [Fast Refresh] done in 16ms @ http://localhost:3001/_next/static/chunks/node_modules_next_dist_1e8vcs8._.js:776
[ 7091894ms] [LOG] [Fast Refresh] done in 16ms @ http://localhost:3001/_next/static/chunks/node_modules_next_dist_1e8vcs8._.js:776
[ 7091957ms] [LOG] [Fast Refresh] done in 16ms @ http://localhost:3001/_next/static/chunks/node_modules_next_dist_1e8vcs8._.js:776
[ 7092020ms] [LOG] [Fast Refresh] done in 16ms @ http://localhost:3001/_next/static/chunks/node_modules_next_dist_1e8vcs8._.js:776
[ 7092083ms] [LOG] [Fast Refresh] done in 16ms @ http://localhost:3001/_next/static/chunks/node_modules_next_dist_1e8vcs8._.js:776
[ 7092145ms] [LOG] [Fast Refresh] done in 16ms @ http://localhost:3001/_next/static/chunks/node_modules_next_dist_1e8vcs8._.js:776
[ 7092206ms] [LOG] [Fast Refresh] done in 16ms @ http://localhost:3001/_next/static/chunks/node_modules_next_dist_1e8vcs8._.js:776
[ 7092270ms] [LOG] [Fast Refresh] done in 16ms @ http://localhost:3001/_next/static/chunks/node_modules_next_dist_1e8vcs8._.js:776
[ 7092332ms] [LOG] [Fast Refresh] done in 16ms @ http://localhost:3001/_next/static/chunks/node_modules_next_dist_1e8vcs8._.js:776
[ 7092396ms] [LOG] [Fast Refresh] done in 16ms @ http://localhost:3001/_next/static/chunks/node_modules_next_dist_1e8vcs8._.js:776
[ 7092458ms] [LOG] [Fast Refresh] done in 16ms @ http://localhost:3001/_next/static/chunks/node_modules_next_dist_1e8vcs8._.js:776
[ 7092521ms] [LOG] [Fast Refresh] done in 16ms @ http://localhost:3001/_next/static/chunks/node_modules_next_dist_1e8vcs8._.js:776
[ 7092584ms] [LOG] [Fast Refresh] done in 16ms @ http://localhost:3001/_next/static/chunks/node_modules_next_dist_1e8vcs8._.js:776
[ 7092646ms] [LOG] [Fast Refresh] done in 16ms @ http://localhost:3001/_next/static/chunks/node_modules_next_dist_1e8vcs8._.js:776
[ 7092709ms] [LOG] [Fast Refresh] done in 16ms @ http://localhost:3001/_next/static/chunks/node_modules_next_dist_1e8vcs8._.js:776
[ 7092771ms] [LOG] [Fast Refresh] done in 16ms @ http://localhost:3001/_next/static/chunks/node_modules_next_dist_1e8vcs8._.js:776
[ 7092832ms] [LOG] [Fast Refresh] done in 16ms @ http://localhost:3001/_next/static/chunks/node_modules_next_dist_1e8vcs8._.js:776
[ 7092894ms] [LOG] [Fast Refresh] done in 16ms @ http://localhost:3001/_next/static/chunks/node_modules_next_dist_1e8vcs8._.js:776
[ 7092956ms] [LOG] [Fast Refresh] done in 16ms @ http://localhost:3001/_next/static/chunks/node_modules_next_dist_1e8vcs8._.js:776
[ 7093021ms] [LOG] [Fast Refresh] done in 16ms @ http://localhost:3001/_next/static/chunks/node_modules_next_dist_1e8vcs8._.js:776
[ 7093084ms] [LOG] [Fast Refresh] done in 16ms @ http://localhost:3001/_next/static/chunks/node_modules_next_dist_1e8vcs8._.js:776
[ 7093147ms] [LOG] [Fast Refresh] done in 16ms @ http://localhost:3001/_next/static/chunks/node_modules_next_dist_1e8vcs8._.js:776
[ 7093211ms] [LOG] [Fast Refresh] done in 16ms @ http://localhost:3001/_next/static/chunks/node_modules_next_dist_1e8vcs8._.js:776
[ 7093271ms] [LOG] [Fast Refresh] done in 16ms @ http://localhost:3001/_next/static/chunks/node_modules_next_dist_1e8vcs8._.js:776
[ 7093335ms] [LOG] [Fast Refresh] done in 16ms @ http://localhost:3001/_next/static/chunks/node_modules_next_dist_1e8vcs8._.js:776
[ 7093399ms] [LOG] [Fast Refresh] done in 16ms @ http://localhost:3001/_next/static/chunks/node_modules_next_dist_1e8vcs8._.js:776
[ 7093462ms] [LOG] [Fast Refresh] done in 16ms @ http://localhost:3001/_next/static/chunks/node_modules_next_dist_1e8vcs8._.js:776
[ 7093525ms] [LOG] [Fast Refresh] done in 16ms @ http://localhost:3001/_next/static/chunks/node_modules_next_dist_1e8vcs8._.js:776
[ 7093586ms] [LOG] [Fast Refresh] done in 16ms @ http://localhost:3001/_next/static/chunks/node_modules_next_dist_1e8vcs8._.js:776
[ 7093650ms] [LOG] [Fast Refresh] done in 16ms @ http://localhost:3001/_next/static/chunks/node_modules_next_dist_1e8vcs8._.js:776
[ 7093713ms] [LOG] [Fast Refresh] done in 16ms @ http://localhost:3001/_next/static/chunks/node_modules_next_dist_1e8vcs8._.js:776
[ 7093777ms] [LOG] [Fast Refresh] done in 16ms @ http://localhost:3001/_next/static/chunks/node_modules_next_dist_1e8vcs8._.js:776
[ 7093839ms] [LOG] [Fast Refresh] done in 16ms @ http://localhost:3001/_next/static/chunks/node_modules_next_dist_1e8vcs8._.js:776
[ 7093902ms] [LOG] [Fast Refresh] done in 16ms @ http://localhost:3001/_next/static/chunks/node_modules_next_dist_1e8vcs8._.js:776
[ 7093965ms] [LOG] [Fast Refresh] done in 16ms @ http://localhost:3001/_next/static/chunks/node_modules_next_dist_1e8vcs8._.js:776
[ 7094028ms] [LOG] [Fast Refresh] done in 16ms @ http://localhost:3001/_next/static/chunks/node_modules_next_dist_1e8vcs8._.js:776
[ 7094089ms] [LOG] [Fast Refresh] done in 16ms @ http://localhost:3001/_next/static/chunks/node_modules_next_dist_1e8vcs8._.js:776
[ 7094152ms] [LOG] [Fast Refresh] done in 16ms @ http://localhost:3001/_next/static/chunks/node_modules_next_dist_1e8vcs8._.js:776
[ 7094215ms] [LOG] [Fast Refresh] done in 16ms @ http://localhost:3001/_next/static/chunks/node_modules_next_dist_1e8vcs8._.js:776
[ 7094277ms] [LOG] [Fast Refresh] done in 16ms @ http://localhost:3001/_next/static/chunks/node_modules_next_dist_1e8vcs8._.js:776
[ 7094340ms] [LOG] [Fast Refresh] done in 16ms @ http://localhost:3001/_next/static/chunks/node_modules_next_dist_1e8vcs8._.js:776
[ 7094403ms] [LOG] [Fast Refresh] done in 16ms @ http://localhost:3001/_next/static/chunks/node_modules_next_dist_1e8vcs8._.js:776
[ 7094466ms] [LOG] [Fast Refresh] done in 16ms @ http://localhost:3001/_next/static/chunks/node_modules_next_dist_1e8vcs8._.js:776
[ 7094528ms] [LOG] [Fast Refresh] done in 16ms @ http://localhost:3001/_next/static/chunks/node_modules_next_dist_1e8vcs8._.js:776
[ 7094591ms] [LOG] [Fast Refresh] done in 16ms @ http://localhost:3001/_next/static/chunks/node_modules_next_dist_1e8vcs8._.js:776
[ 7094654ms] [LOG] [Fast Refresh] done in 16ms @ http://localhost:3001/_next/static/chunks/node_modules_next_dist_1e8vcs8._.js:776
[ 7094715ms] [LOG] [Fast Refresh] done in 16ms @ http://localhost:3001/_next/static/chunks/node_modules_next_dist_1e8vcs8._.js:776
[ 7094780ms] [LOG] [Fast Refresh] done in 16ms @ http://localhost:3001/_next/static/chunks/node_modules_next_dist_1e8vcs8._.js:776
[ 7094843ms] [LOG] [Fast Refresh] done in 16ms @ http://localhost:3001/_next/static/chunks/node_modules_next_dist_1e8vcs8._.js:776
[ 7094905ms] [LOG] [Fast Refresh] done in 16ms @ http://localhost:3001/_next/static/chunks/node_modules_next_dist_1e8vcs8._.js:776
[ 7094999ms] [LOG] [Fast Refresh] done in 16ms @ http://localhost:3001/_next/static/chunks/node_modules_next_dist_1e8vcs8._.js:776
[ 7095063ms] [LOG] [Fast Refresh] done in 16ms @ http://localhost:3001/_next/static/chunks/node_modules_next_dist_1e8vcs8._.js:776
[ 7095127ms] [LOG] [Fast Refresh] done in 16ms @ http://localhost:3001/_next/static/chunks/node_modules_next_dist_1e8vcs8._.js:776
[ 7095190ms] [LOG] [Fast Refresh] done in 16ms @ http://localhost:3001/_next/static/chunks/node_modules_next_dist_1e8vcs8._.js:776
[ 7095254ms] [LOG] [Fast Refresh] done in 16ms @ http://localhost:3001/_next/static/chunks/node_modules_next_dist_1e8vcs8._.js:776
[ 7095317ms] [LOG] [Fast Refresh] done in 16ms @ http://localhost:3001/_next/static/chunks/node_modules_next_dist_1e8vcs8._.js:776
[ 7095380ms] [LOG] [Fast Refresh] done in 16ms @ http://localhost:3001/_next/static/chunks/node_modules_next_dist_1e8vcs8._.js:776
[ 7095443ms] [LOG] [Fast Refresh] done in 16ms @ http://localhost:3001/_next/static/chunks/node_modules_next_dist_1e8vcs8._.js:776
[ 7095505ms] [LOG] [Fast Refresh] done in 16ms @ http://localhost:3001/_next/static/chunks/node_modules_next_dist_1e8vcs8._.js:776
[ 7095567ms] [LOG] [Fast Refresh] done in 16ms @ http://localhost:3001/_next/static/chunks/node_modules_next_dist_1e8vcs8._.js:776
[ 7095629ms] [LOG] [Fast Refresh] done in 16ms @ http://localhost:3001/_next/static/chunks/node_modules_next_dist_1e8vcs8._.js:776
[ 7095692ms] [LOG] [Fast Refresh] done in 16ms @ http://localhost:3001/_next/static/chunks/node_modules_next_dist_1e8vcs8._.js:776
[ 7095754ms] [LOG] [Fast Refresh] done in 16ms @ http://localhost:3001/_next/static/chunks/node_modules_next_dist_1e8vcs8._.js:776
[ 7095817ms] [LOG] [Fast Refresh] done in 16ms @ http://localhost:3001/_next/static/chunks/node_modules_next_dist_1e8vcs8._.js:776
[ 7095880ms] [LOG] [Fast Refresh] done in 16ms @ http://localhost:3001/_next/static/chunks/node_modules_next_dist_1e8vcs8._.js:776
[ 7095942ms] [LOG] [Fast Refresh] done in 16ms @ http://localhost:3001/_next/static/chunks/node_modules_next_dist_1e8vcs8._.js:776
[ 7096004ms] [LOG] [Fast Refresh] done in 16ms @ http://localhost:3001/_next/static/chunks/node_modules_next_dist_1e8vcs8._.js:776
[ 7096069ms] [LOG] [Fast Refresh] done in 16ms @ http://localhost:3001/_next/static/chunks/node_modules_next_dist_1e8vcs8._.js:776
[ 7096132ms] [LOG] [Fast Refresh] done in 16ms @ http://localhost:3001/_next/static/chunks/node_modules_next_dist_1e8vcs8._.js:776
[ 7096197ms] [LOG] [Fast Refresh] done in 16ms @ http://localhost:3001/_next/static/chunks/node_modules_next_dist_1e8vcs8._.js:776
[ 7096259ms] [LOG] [Fast Refresh] done in 16ms @ http://localhost:3001/_next/static/chunks/node_modules_next_dist_1e8vcs8._.js:776
[ 7096322ms] [LOG] [Fast Refresh] done in 16ms @ http://localhost:3001/_next/static/chunks/node_modules_next_dist_1e8vcs8._.js:776
[ 7096383ms] [LOG] [Fast Refresh] done in 16ms @ http://localhost:3001/_next/static/chunks/node_modules_next_dist_1e8vcs8._.js:776
[ 7096448ms] [LOG] [Fast Refresh] done in 16ms @ http://localhost:3001/_next/static/chunks/node_modules_next_dist_1e8vcs8._.js:776
[ 7096511ms] [LOG] [Fast Refresh] done in 16ms @ http://localhost:3001/_next/static/chunks/node_modules_next_dist_1e8vcs8._.js:776
[ 7096572ms] [LOG] [Fast Refresh] done in 16ms @ http://localhost:3001/_next/static/chunks/node_modules_next_dist_1e8vcs8._.js:776
[ 7096633ms] [LOG] [Fast Refresh] done in 16ms @ http://localhost:3001/_next/static/chunks/node_modules_next_dist_1e8vcs8._.js:776
[ 7096695ms] [LOG] [Fast Refresh] done in 16ms @ http://localhost:3001/_next/static/chunks/node_modules_next_dist_1e8vcs8._.js:776
[ 7096756ms] [LOG] [Fast Refresh] done in 16ms @ http://localhost:3001/_next/static/chunks/node_modules_next_dist_1e8vcs8._.js:776
[ 7096819ms] [LOG] [Fast Refresh] done in 16ms @ http://localhost:3001/_next/static/chunks/node_modules_next_dist_1e8vcs8._.js:776
[ 7096881ms] [LOG] [Fast Refresh] done in 16ms @ http://localhost:3001/_next/static/chunks/node_modules_next_dist_1e8vcs8._.js:776
[ 7096943ms] [LOG] [Fast Refresh] done in 16ms @ http://localhost:3001/_next/static/chunks/node_modules_next_dist_1e8vcs8._.js:776
[ 7097005ms] [LOG] [Fast Refresh] done in 16ms @ http://localhost:3001/_next/static/chunks/node_modules_next_dist_1e8vcs8._.js:776
[ 7097068ms] [LOG] [Fast Refresh] done in 16ms @ http://localhost:3001/_next/static/chunks/node_modules_next_dist_1e8vcs8._.js:776
[ 7097132ms] [LOG] [Fast Refresh] done in 16ms @ http://localhost:3001/_next/static/chunks/node_modules_next_dist_1e8vcs8._.js:776
[ 7097196ms] [LOG] [Fast Refresh] done in 16ms @ http://localhost:3001/_next/static/chunks/node_modules_next_dist_1e8vcs8._.js:776
[ 7097259ms] [LOG] [Fast Refresh] done in 16ms @ http://localhost:3001/_next/static/chunks/node_modules_next_dist_1e8vcs8._.js:776
[ 7097322ms] [LOG] [Fast Refresh] done in 16ms @ http://localhost:3001/_next/static/chunks/node_modules_next_dist_1e8vcs8._.js:776
[ 7097385ms] [LOG] [Fast Refresh] done in 16ms @ http://localhost:3001/_next/static/chunks/node_modules_next_dist_1e8vcs8._.js:776
[ 7097449ms] [LOG] [Fast Refresh] done in 16ms @ http://localhost:3001/_next/static/chunks/node_modules_next_dist_1e8vcs8._.js:776
[ 7097513ms] [LOG] [Fast Refresh] done in 16ms @ http://localhost:3001/_next/static/chunks/node_modules_next_dist_1e8vcs8._.js:776
[ 7097577ms] [LOG] [Fast Refresh] done in 16ms @ http://localhost:3001/_next/static/chunks/node_modules_next_dist_1e8vcs8._.js:776
[ 7097639ms] [LOG] [Fast Refresh] done in 16ms @ http://localhost:3001/_next/static/chunks/node_modules_next_dist_1e8vcs8._.js:776
[ 7097702ms] [LOG] [Fast Refresh] done in 16ms @ http://localhost:3001/_next/static/chunks/node_modules_next_dist_1e8vcs8._.js:776
[ 7097764ms] [LOG] [Fast Refresh] done in 16ms @ http://localhost:3001/_next/static/chunks/node_modules_next_dist_1e8vcs8._.js:776
[ 7097827ms] [LOG] [Fast Refresh] done in 16ms @ http://localhost:3001/_next/static/chunks/node_modules_next_dist_1e8vcs8._.js:776
[ 7097890ms] [LOG] [Fast Refresh] done in 16ms @ http://localhost:3001/_next/static/chunks/node_modules_next_dist_1e8vcs8._.js:776
[ 7097952ms] [LOG] [Fast Refresh] done in 16ms @ http://localhost:3001/_next/static/chunks/node_modules_next_dist_1e8vcs8._.js:776
[ 7098013ms] [LOG] [Fast Refresh] done in 16ms @ http://localhost:3001/_next/static/chunks/node_modules_next_dist_1e8vcs8._.js:776
[ 7098075ms] [LOG] [Fast Refresh] done in 16ms @ http://localhost:3001/_next/static/chunks/node_modules_next_dist_1e8vcs8._.js:776
[ 7098138ms] [LOG] [Fast Refresh] done in 16ms @ http://localhost:3001/_next/static/chunks/node_modules_next_dist_1e8vcs8._.js:776
[ 7098201ms] [LOG] [Fast Refresh] done in 16ms @ http://localhost:3001/_next/static/chunks/node_modules_next_dist_1e8vcs8._.js:776
[ 7098265ms] [LOG] [Fast Refresh] done in 16ms @ http://localhost:3001/_next/static/chunks/node_modules_next_dist_1e8vcs8._.js:776
[ 7098329ms] [LOG] [Fast Refresh] done in 16ms @ http://localhost:3001/_next/static/chunks/node_modules_next_dist_1e8vcs8._.js:776
[ 7098392ms] [LOG] [Fast Refresh] done in 16ms @ http://localhost:3001/_next/static/chunks/node_modules_next_dist_1e8vcs8._.js:776
[ 7098455ms] [LOG] [Fast Refresh] done in 16ms @ http://localhost:3001/_next/static/chunks/node_modules_next_dist_1e8vcs8._.js:776
[ 7098516ms] [LOG] [Fast Refresh] done in 16ms @ http://localhost:3001/_next/static/chunks/node_modules_next_dist_1e8vcs8._.js:776
[ 7098579ms] [LOG] [Fast Refresh] done in 16ms @ http://localhost:3001/_next/static/chunks/node_modules_next_dist_1e8vcs8._.js:776
[ 7098641ms] [LOG] [Fast Refresh] done in 16ms @ http://localhost:3001/_next/static/chunks/node_modules_next_dist_1e8vcs8._.js:776
[ 7098703ms] [LOG] [Fast Refresh] done in 16ms @ http://localhost:3001/_next/static/chunks/node_modules_next_dist_1e8vcs8._.js:776
[ 7098766ms] [LOG] [Fast Refresh] done in 16ms @ http://localhost:3001/_next/static/chunks/node_modules_next_dist_1e8vcs8._.js:776
[ 7098862ms] [LOG] [Fast Refresh] done in 16ms @ http://localhost:3001/_next/static/chunks/node_modules_next_dist_1e8vcs8._.js:776
[ 7098925ms] [LOG] [Fast Refresh] done in 16ms @ http://localhost:3001/_next/static/chunks/node_modules_next_dist_1e8vcs8._.js:776
[ 7098987ms] [LOG] [Fast Refresh] done in 16ms @ http://localhost:3001/_next/static/chunks/node_modules_next_dist_1e8vcs8._.js:776
[ 7099050ms] [LOG] [Fast Refresh] done in 16ms @ http://localhost:3001/_next/static/chunks/node_modules_next_dist_1e8vcs8._.js:776
[ 7099114ms] [LOG] [Fast Refresh] done in 16ms @ http://localhost:3001/_next/static/chunks/node_modules_next_dist_1e8vcs8._.js:776
[ 7099177ms] [LOG] [Fast Refresh] done in 16ms @ http://localhost:3001/_next/static/chunks/node_modules_next_dist_1e8vcs8._.js:776
[ 7099240ms] [LOG] [Fast Refresh] done in 16ms @ http://localhost:3001/_next/static/chunks/node_modules_next_dist_1e8vcs8._.js:776
[ 7099302ms] [LOG] [Fast Refresh] done in 16ms @ http://localhost:3001/_next/static/chunks/node_modules_next_dist_1e8vcs8._.js:776
[ 7099366ms] [LOG] [Fast Refresh] done in 16ms @ http://localhost:3001/_next/static/chunks/node_modules_next_dist_1e8vcs8._.js:776
[ 7099429ms] [LOG] [Fast Refresh] done in 16ms @ http://localhost:3001/_next/static/chunks/node_modules_next_dist_1e8vcs8._.js:776
[ 7099492ms] [LOG] [Fast Refresh] done in 16ms @ http://localhost:3001/_next/static/chunks/node_modules_next_dist_1e8vcs8._.js:776
[ 7099556ms] [LOG] [Fast Refresh] done in 16ms @ http://localhost:3001/_next/static/chunks/node_modules_next_dist_1e8vcs8._.js:776
[ 7099618ms] [LOG] [Fast Refresh] done in 16ms @ http://localhost:3001/_next/static/chunks/node_modules_next_dist_1e8vcs8._.js:776
[ 7099680ms] [LOG] [Fast Refresh] done in 16ms @ http://localhost:3001/_next/static/chunks/node_modules_next_dist_1e8vcs8._.js:776
[ 7099742ms] [LOG] [Fast Refresh] done in 16ms @ http://localhost:3001/_next/static/chunks/node_modules_next_dist_1e8vcs8._.js:776
[ 7099805ms] [LOG] [Fast Refresh] done in 16ms @ http://localhost:3001/_next/static/chunks/node_modules_next_dist_1e8vcs8._.js:776
[ 7099866ms] [LOG] [Fast Refresh] done in 16ms @ http://localhost:3001/_next/static/chunks/node_modules_next_dist_1e8vcs8._.js:776
[ 7099931ms] [LOG] [Fast Refresh] done in 16ms @ http://localhost:3001/_next/static/chunks/node_modules_next_dist_1e8vcs8._.js:776
[ 7099994ms] [LOG] [Fast Refresh] done in 16ms @ http://localhost:3001/_next/static/chunks/node_modules_next_dist_1e8vcs8._.js:776
[ 7100056ms] [LOG] [Fast Refresh] done in 16ms @ http://localhost:3001/_next/static/chunks/node_modules_next_dist_1e8vcs8._.js:776
[ 7100118ms] [LOG] [Fast Refresh] done in 16ms @ http://localhost:3001/_next/static/chunks/node_modules_next_dist_1e8vcs8._.js:776
[ 7100181ms] [LOG] [Fast Refresh] done in 16ms @ http://localhost:3001/_next/static/chunks/node_modules_next_dist_1e8vcs8._.js:776
[ 7100243ms] [LOG] [Fast Refresh] done in 16ms @ http://localhost:3001/_next/static/chunks/node_modules_next_dist_1e8vcs8._.js:776
[ 7100306ms] [LOG] [Fast Refresh] done in 16ms @ http://localhost:3001/_next/static/chunks/node_modules_next_dist_1e8vcs8._.js:776
[ 7100369ms] [LOG] [Fast Refresh] done in 16ms @ http://localhost:3001/_next/static/chunks/node_modules_next_dist_1e8vcs8._.js:776
[ 7100432ms] [LOG] [Fast Refresh] done in 16ms @ http://localhost:3001/_next/static/chunks/node_modules_next_dist_1e8vcs8._.js:776
[ 7100494ms] [LOG] [Fast Refresh] done in 16ms @ http://localhost:3001/_next/static/chunks/node_modules_next_dist_1e8vcs8._.js:776
[ 7100557ms] [LOG] [Fast Refresh] done in 16ms @ http://localhost:3001/_next/static/chunks/node_modules_next_dist_1e8vcs8._.js:776
[ 7100620ms] [LOG] [Fast Refresh] done in 16ms @ http://localhost:3001/_next/static/chunks/node_modules_next_dist_1e8vcs8._.js:776
[ 7100684ms] [LOG] [Fast Refresh] done in 16ms @ http://localhost:3001/_next/static/chunks/node_modules_next_dist_1e8vcs8._.js:776
[ 7100746ms] [LOG] [Fast Refresh] done in 16ms @ http://localhost:3001/_next/static/chunks/node_modules_next_dist_1e8vcs8._.js:776
[ 7100809ms] [LOG] [Fast Refresh] done in 16ms @ http://localhost:3001/_next/static/chunks/node_modules_next_dist_1e8vcs8._.js:776
[ 7100871ms] [LOG] [Fast Refresh] done in 16ms @ http://localhost:3001/_next/static/chunks/node_modules_next_dist_1e8vcs8._.js:776
[ 7100934ms] [LOG] [Fast Refresh] done in 16ms @ http://localhost:3001/_next/static/chunks/node_modules_next_dist_1e8vcs8._.js:776
[ 7100998ms] [LOG] [Fast Refresh] done in 16ms @ http://localhost:3001/_next/static/chunks/node_modules_next_dist_1e8vcs8._.js:776
[ 7101060ms] [LOG] [Fast Refresh] done in 16ms @ http://localhost:3001/_next/static/chunks/node_modules_next_dist_1e8vcs8._.js:776
[ 7101123ms] [LOG] [Fast Refresh] done in 16ms @ http://localhost:3001/_next/static/chunks/node_modules_next_dist_1e8vcs8._.js:776
[ 7101186ms] [LOG] [Fast Refresh] done in 16ms @ http://localhost:3001/_next/static/chunks/node_modules_next_dist_1e8vcs8._.js:776
[ 7101249ms] [LOG] [Fast Refresh] done in 16ms @ http://localhost:3001/_next/static/chunks/node_modules_next_dist_1e8vcs8._.js:776
[ 7101324ms] [LOG] [Fast Refresh] done in 16ms @ http://localhost:3001/_next/static/chunks/node_modules_next_dist_1e8vcs8._.js:776
[ 7101387ms] [LOG] [Fast Refresh] done in 16ms @ http://localhost:3001/_next/static/chunks/node_modules_next_dist_1e8vcs8._.js:776
[ 7101448ms] [LOG] [Fast Refresh] done in 16ms @ http://localhost:3001/_next/static/chunks/node_modules_next_dist_1e8vcs8._.js:776
[ 7101511ms] [LOG] [Fast Refresh] done in 16ms @ http://localhost:3001/_next/static/chunks/node_modules_next_dist_1e8vcs8._.js:776
[ 7101575ms] [LOG] [Fast Refresh] done in 16ms @ http://localhost:3001/_next/static/chunks/node_modules_next_dist_1e8vcs8._.js:776
[ 7101638ms] [LOG] [Fast Refresh] done in 16ms @ http://localhost:3001/_next/static/chunks/node_modules_next_dist_1e8vcs8._.js:776
[ 7101700ms] [LOG] [Fast Refresh] done in 16ms @ http://localhost:3001/_next/static/chunks/node_modules_next_dist_1e8vcs8._.js:776
[ 7101764ms] [LOG] [Fast Refresh] done in 16ms @ http://localhost:3001/_next/static/chunks/node_modules_next_dist_1e8vcs8._.js:776
[ 7101829ms] [LOG] [Fast Refresh] done in 16ms @ http://localhost:3001/_next/static/chunks/node_modules_next_dist_1e8vcs8._.js:776
[ 7101889ms] [LOG] [Fast Refresh] done in 16ms @ http://localhost:3001/_next/static/chunks/node_modules_next_dist_1e8vcs8._.js:776
[ 7101953ms] [LOG] [Fast Refresh] done in 16ms @ http://localhost:3001/_next/static/chunks/node_modules_next_dist_1e8vcs8._.js:776
[ 7102014ms] [LOG] [Fast Refresh] done in 16ms @ http://localhost:3001/_next/static/chunks/node_modules_next_dist_1e8vcs8._.js:776
[ 7102078ms] [LOG] [Fast Refresh] done in 16ms @ http://localhost:3001/_next/static/chunks/node_modules_next_dist_1e8vcs8._.js:776
[ 7102140ms] [LOG] [Fast Refresh] done in 16ms @ http://localhost:3001/_next/static/chunks/node_modules_next_dist_1e8vcs8._.js:776
[ 7102201ms] [LOG] [Fast Refresh] done in 16ms @ http://localhost:3001/_next/static/chunks/node_modules_next_dist_1e8vcs8._.js:776
[ 7102263ms] [LOG] [Fast Refresh] done in 16ms @ http://localhost:3001/_next/static/chunks/node_modules_next_dist_1e8vcs8._.js:776
[ 7102327ms] [LOG] [Fast Refresh] done in 16ms @ http://localhost:3001/_next/static/chunks/node_modules_next_dist_1e8vcs8._.js:776
[ 7102391ms] [LOG] [Fast Refresh] done in 16ms @ http://localhost:3001/_next/static/chunks/node_modules_next_dist_1e8vcs8._.js:776
[ 7102454ms] [LOG] [Fast Refresh] done in 16ms @ http://localhost:3001/_next/static/chunks/node_modules_next_dist_1e8vcs8._.js:776
[ 7102531ms] [LOG] [Fast Refresh] done in 16ms @ http://localhost:3001/_next/static/chunks/node_modules_next_dist_1e8vcs8._.js:776
[ 7102596ms] [LOG] [Fast Refresh] done in 16ms @ http://localhost:3001/_next/static/chunks/node_modules_next_dist_1e8vcs8._.js:776
[ 7102659ms] [LOG] [Fast Refresh] done in 16ms @ http://localhost:3001/_next/static/chunks/node_modules_next_dist_1e8vcs8._.js:776
[ 7102723ms] [LOG] [Fast Refresh] done in 16ms @ http://localhost:3001/_next/static/chunks/node_modules_next_dist_1e8vcs8._.js:776
[ 7102786ms] [LOG] [Fast Refresh] done in 16ms @ http://localhost:3001/_next/static/chunks/node_modules_next_dist_1e8vcs8._.js:776
[ 7102849ms] [LOG] [Fast Refresh] done in 16ms @ http://localhost:3001/_next/static/chunks/node_modules_next_dist_1e8vcs8._.js:776
[ 7102911ms] [LOG] [Fast Refresh] done in 16ms @ http://localhost:3001/_next/static/chunks/node_modules_next_dist_1e8vcs8._.js:776
[ 7102972ms] [LOG] [Fast Refresh] done in 16ms @ http://localhost:3001/_next/static/chunks/node_modules_next_dist_1e8vcs8._.js:776
[ 7103034ms] [LOG] [Fast Refresh] done in 16ms @ http://localhost:3001/_next/static/chunks/node_modules_next_dist_1e8vcs8._.js:776
[ 7103097ms] [LOG] [Fast Refresh] done in 16ms @ http://localhost:3001/_next/static/chunks/node_modules_next_dist_1e8vcs8._.js:776
[ 7103158ms] [LOG] [Fast Refresh] done in 16ms @ http://localhost:3001/_next/static/chunks/node_modules_next_dist_1e8vcs8._.js:776
[ 7103220ms] [LOG] [Fast Refresh] done in 16ms @ http://localhost:3001/_next/static/chunks/node_modules_next_dist_1e8vcs8._.js:776
[ 7103283ms] [LOG] [Fast Refresh] done in 16ms @ http://localhost:3001/_next/static/chunks/node_modules_next_dist_1e8vcs8._.js:776
[ 7103346ms] [LOG] [Fast Refresh] done in 16ms @ http://localhost:3001/_next/static/chunks/node_modules_next_dist_1e8vcs8._.js:776
[ 7103409ms] [LOG] [Fast Refresh] done in 16ms @ http://localhost:3001/_next/static/chunks/node_modules_next_dist_1e8vcs8._.js:776
[ 7103473ms] [LOG] [Fast Refresh] done in 16ms @ http://localhost:3001/_next/static/chunks/node_modules_next_dist_1e8vcs8._.js:776
[ 7103536ms] [LOG] [Fast Refresh] done in 16ms @ http://localhost:3001/_next/static/chunks/node_modules_next_dist_1e8vcs8._.js:776
[ 7103598ms] [LOG] [Fast Refresh] done in 16ms @ http://localhost:3001/_next/static/chunks/node_modules_next_dist_1e8vcs8._.js:776
[ 7103662ms] [LOG] [Fast Refresh] done in 16ms @ http://localhost:3001/_next/static/chunks/node_modules_next_dist_1e8vcs8._.js:776
[ 7103726ms] [LOG] [Fast Refresh] done in 16ms @ http://localhost:3001/_next/static/chunks/node_modules_next_dist_1e8vcs8._.js:776
[ 7103788ms] [LOG] [Fast Refresh] done in 16ms @ http://localhost:3001/_next/static/chunks/node_modules_next_dist_1e8vcs8._.js:776
[ 7103851ms] [LOG] [Fast Refresh] done in 16ms @ http://localhost:3001/_next/static/chunks/node_modules_next_dist_1e8vcs8._.js:776
[ 7103915ms] [LOG] [Fast Refresh] done in 16ms @ http://localhost:3001/_next/static/chunks/node_modules_next_dist_1e8vcs8._.js:776
[ 7103977ms] [LOG] [Fast Refresh] done in 16ms @ http://localhost:3001/_next/static/chunks/node_modules_next_dist_1e8vcs8._.js:776
[ 7104041ms] [LOG] [Fast Refresh] done in 16ms @ http://localhost:3001/_next/static/chunks/node_modules_next_dist_1e8vcs8._.js:776
[ 7104103ms] [LOG] [Fast Refresh] done in 16ms @ http://localhost:3001/_next/static/chunks/node_modules_next_dist_1e8vcs8._.js:776
[ 7104165ms] [LOG] [Fast Refresh] done in 16ms @ http://localhost:3001/_next/static/chunks/node_modules_next_dist_1e8vcs8._.js:776
[ 7104227ms] [LOG] [Fast Refresh] done in 16ms @ http://localhost:3001/_next/static/chunks/node_modules_next_dist_1e8vcs8._.js:776
[ 7104291ms] [LOG] [Fast Refresh] done in 16ms @ http://localhost:3001/_next/static/chunks/node_modules_next_dist_1e8vcs8._.js:776
[ 7104353ms] [LOG] [Fast Refresh] done in 16ms @ http://localhost:3001/_next/static/chunks/node_modules_next_dist_1e8vcs8._.js:776
[ 7104416ms] [LOG] [Fast Refresh] done in 16ms @ http://localhost:3001/_next/static/chunks/node_modules_next_dist_1e8vcs8._.js:776
[ 7104478ms] [LOG] [Fast Refresh] done in 16ms @ http://localhost:3001/_next/static/chunks/node_modules_next_dist_1e8vcs8._.js:776
[ 7104540ms] [LOG] [Fast Refresh] done in 16ms @ http://localhost:3001/_next/static/chunks/node_modules_next_dist_1e8vcs8._.js:776
[ 7104603ms] [LOG] [Fast Refresh] done in 16ms @ http://localhost:3001/_next/static/chunks/node_modules_next_dist_1e8vcs8._.js:776
[ 7104665ms] [LOG] [Fast Refresh] done in 16ms @ http://localhost:3001/_next/static/chunks/node_modules_next_dist_1e8vcs8._.js:776
[ 7104728ms] [LOG] [Fast Refresh] done in 16ms @ http://localhost:3001/_next/static/chunks/node_modules_next_dist_1e8vcs8._.js:776
[ 7104791ms] [LOG] [Fast Refresh] done in 16ms @ http://localhost:3001/_next/static/chunks/node_modules_next_dist_1e8vcs8._.js:776
[ 7104854ms] [LOG] [Fast Refresh] done in 16ms @ http://localhost:3001/_next/static/chunks/node_modules_next_dist_1e8vcs8._.js:776
[ 7104917ms] [LOG] [Fast Refresh] done in 16ms @ http://localhost:3001/_next/static/chunks/node_modules_next_dist_1e8vcs8._.js:776
[ 7104978ms] [LOG] [Fast Refresh] done in 16ms @ http://localhost:3001/_next/static/chunks/node_modules_next_dist_1e8vcs8._.js:776
[ 7105041ms] [LOG] [Fast Refresh] done in 16ms @ http://localhost:3001/_next/static/chunks/node_modules_next_dist_1e8vcs8._.js:776
[ 7105105ms] [LOG] [Fast Refresh] done in 16ms @ http://localhost:3001/_next/static/chunks/node_modules_next_dist_1e8vcs8._.js:776
[ 7105167ms] [LOG] [Fast Refresh] done in 16ms @ http://localhost:3001/_next/static/chunks/node_modules_next_dist_1e8vcs8._.js:776
[ 7105230ms] [LOG] [Fast Refresh] done in 16ms @ http://localhost:3001/_next/static/chunks/node_modules_next_dist_1e8vcs8._.js:776
[ 7105291ms] [LOG] [Fast Refresh] done in 16ms @ http://localhost:3001/_next/static/chunks/node_modules_next_dist_1e8vcs8._.js:776
[ 7105354ms] [LOG] [Fast Refresh] done in 16ms @ http://localhost:3001/_next/static/chunks/node_modules_next_dist_1e8vcs8._.js:776
[ 7105418ms] [LOG] [Fast Refresh] done in 16ms @ http://localhost:3001/_next/static/chunks/node_modules_next_dist_1e8vcs8._.js:776
[ 7105480ms] [LOG] [Fast Refresh] done in 16ms @ http://localhost:3001/_next/static/chunks/node_modules_next_dist_1e8vcs8._.js:776
[ 7105541ms] [LOG] [Fast Refresh] done in 16ms @ http://localhost:3001/_next/static/chunks/node_modules_next_dist_1e8vcs8._.js:776
[ 7105604ms] [LOG] [Fast Refresh] done in 16ms @ http://localhost:3001/_next/static/chunks/node_modules_next_dist_1e8vcs8._.js:776
[ 7105667ms] [LOG] [Fast Refresh] done in 16ms @ http://localhost:3001/_next/static/chunks/node_modules_next_dist_1e8vcs8._.js:776
[ 7105730ms] [LOG] [Fast Refresh] done in 16ms @ http://localhost:3001/_next/static/chunks/node_modules_next_dist_1e8vcs8._.js:776
[ 7105793ms] [LOG] [Fast Refresh] done in 16ms @ http://localhost:3001/_next/static/chunks/node_modules_next_dist_1e8vcs8._.js:776
[ 7105856ms] [LOG] [Fast Refresh] done in 16ms @ http://localhost:3001/_next/static/chunks/node_modules_next_dist_1e8vcs8._.js:776
[ 7105919ms] [LOG] [Fast Refresh] done in 16ms @ http://localhost:3001/_next/static/chunks/node_modules_next_dist_1e8vcs8._.js:776
[ 7105980ms] [LOG] [Fast Refresh] done in 16ms @ http://localhost:3001/_next/static/chunks/node_modules_next_dist_1e8vcs8._.js:776
[ 7106042ms] [LOG] [Fast Refresh] done in 16ms @ http://localhost:3001/_next/static/chunks/node_modules_next_dist_1e8vcs8._.js:776
[ 7106106ms] [LOG] [Fast Refresh] done in 16ms @ http://localhost:3001/_next/static/chunks/node_modules_next_dist_1e8vcs8._.js:776
[ 7106169ms] [LOG] [Fast Refresh] done in 16ms @ http://localhost:3001/_next/static/chunks/node_modules_next_dist_1e8vcs8._.js:776
[ 7106231ms] [LOG] [Fast Refresh] done in 16ms @ http://localhost:3001/_next/static/chunks/node_modules_next_dist_1e8vcs8._.js:776
[ 7106293ms] [LOG] [Fast Refresh] done in 16ms @ http://localhost:3001/_next/static/chunks/node_modules_next_dist_1e8vcs8._.js:776
[ 7106355ms] [LOG] [Fast Refresh] done in 16ms @ http://localhost:3001/_next/static/chunks/node_modules_next_dist_1e8vcs8._.js:776
[ 7106417ms] [LOG] [Fast Refresh] done in 16ms @ http://localhost:3001/_next/static/chunks/node_modules_next_dist_1e8vcs8._.js:776
[ 7106480ms] [LOG] [Fast Refresh] done in 16ms @ http://localhost:3001/_next/static/chunks/node_modules_next_dist_1e8vcs8._.js:776
[ 7106543ms] [LOG] [Fast Refresh] done in 16ms @ http://localhost:3001/_next/static/chunks/node_modules_next_dist_1e8vcs8._.js:776
[ 7106604ms] [LOG] [Fast Refresh] done in 16ms @ http://localhost:3001/_next/static/chunks/node_modules_next_dist_1e8vcs8._.js:776
[ 7106668ms] [LOG] [Fast Refresh] done in 16ms @ http://localhost:3001/_next/static/chunks/node_modules_next_dist_1e8vcs8._.js:776
[ 7106731ms] [LOG] [Fast Refresh] done in 16ms @ http://localhost:3001/_next/static/chunks/node_modules_next_dist_1e8vcs8._.js:776
[ 7106794ms] [LOG] [Fast Refresh] done in 16ms @ http://localhost:3001/_next/static/chunks/node_modules_next_dist_1e8vcs8._.js:776
[ 7106855ms] [LOG] [Fast Refresh] done in 16ms @ http://localhost:3001/_next/static/chunks/node_modules_next_dist_1e8vcs8._.js:776
[ 7106917ms] [LOG] [Fast Refresh] done in 16ms @ http://localhost:3001/_next/static/chunks/node_modules_next_dist_1e8vcs8._.js:776
[ 7106979ms] [LOG] [Fast Refresh] done in 16ms @ http://localhost:3001/_next/static/chunks/node_modules_next_dist_1e8vcs8._.js:776
[ 7107042ms] [LOG] [Fast Refresh] done in 16ms @ http://localhost:3001/_next/static/chunks/node_modules_next_dist_1e8vcs8._.js:776
[ 7107104ms] [LOG] [Fast Refresh] done in 16ms @ http://localhost:3001/_next/static/chunks/node_modules_next_dist_1e8vcs8._.js:776
[ 7107166ms] [LOG] [Fast Refresh] done in 16ms @ http://localhost:3001/_next/static/chunks/node_modules_next_dist_1e8vcs8._.js:776
[ 7107227ms] [LOG] [Fast Refresh] done in 16ms @ http://localhost:3001/_next/static/chunks/node_modules_next_dist_1e8vcs8._.js:776
[ 7107291ms] [LOG] [Fast Refresh] done in 16ms @ http://localhost:3001/_next/static/chunks/node_modules_next_dist_1e8vcs8._.js:776
[ 7107353ms] [LOG] [Fast Refresh] done in 16ms @ http://localhost:3001/_next/static/chunks/node_modules_next_dist_1e8vcs8._.js:776
[ 7107416ms] [LOG] [Fast Refresh] done in 16ms @ http://localhost:3001/_next/static/chunks/node_modules_next_dist_1e8vcs8._.js:776
[ 7107479ms] [LOG] [Fast Refresh] done in 16ms @ http://localhost:3001/_next/static/chunks/node_modules_next_dist_1e8vcs8._.js:776
[ 7107541ms] [LOG] [Fast Refresh] done in 16ms @ http://localhost:3001/_next/static/chunks/node_modules_next_dist_1e8vcs8._.js:776
[ 7107605ms] [LOG] [Fast Refresh] done in 16ms @ http://localhost:3001/_next/static/chunks/node_modules_next_dist_1e8vcs8._.js:776
[ 7107668ms] [LOG] [Fast Refresh] done in 16ms @ http://localhost:3001/_next/static/chunks/node_modules_next_dist_1e8vcs8._.js:776
[ 7107730ms] [LOG] [Fast Refresh] done in 16ms @ http://localhost:3001/_next/static/chunks/node_modules_next_dist_1e8vcs8._.js:776
[ 7107793ms] [LOG] [Fast Refresh] done in 16ms @ http://localhost:3001/_next/static/chunks/node_modules_next_dist_1e8vcs8._.js:776
[ 7107856ms] [LOG] [Fast Refresh] done in 16ms @ http://localhost:3001/_next/static/chunks/node_modules_next_dist_1e8vcs8._.js:776
[ 7107918ms] [LOG] [Fast Refresh] done in 16ms @ http://localhost:3001/_next/static/chunks/node_modules_next_dist_1e8vcs8._.js:776
[ 7107981ms] [LOG] [Fast Refresh] done in 16ms @ http://localhost:3001/_next/static/chunks/node_modules_next_dist_1e8vcs8._.js:776
[ 7108044ms] [LOG] [Fast Refresh] done in 16ms @ http://localhost:3001/_next/static/chunks/node_modules_next_dist_1e8vcs8._.js:776
[ 7108106ms] [LOG] [Fast Refresh] done in 16ms @ http://localhost:3001/_next/static/chunks/node_modules_next_dist_1e8vcs8._.js:776
[ 7108169ms] [LOG] [Fast Refresh] done in 16ms @ http://localhost:3001/_next/static/chunks/node_modules_next_dist_1e8vcs8._.js:776
[ 7108231ms] [LOG] [Fast Refresh] done in 16ms @ http://localhost:3001/_next/static/chunks/node_modules_next_dist_1e8vcs8._.js:776
[ 7108308ms] [LOG] [Fast Refresh] done in 16ms @ http://localhost:3001/_next/static/chunks/node_modules_next_dist_1e8vcs8._.js:776
[ 7108372ms] [LOG] [Fast Refresh] done in 16ms @ http://localhost:3001/_next/static/chunks/node_modules_next_dist_1e8vcs8._.js:776
[ 7108436ms] [LOG] [Fast Refresh] done in 16ms @ http://localhost:3001/_next/static/chunks/node_modules_next_dist_1e8vcs8._.js:776
[ 7108499ms] [LOG] [Fast Refresh] done in 16ms @ http://localhost:3001/_next/static/chunks/node_modules_next_dist_1e8vcs8._.js:776
[ 7108562ms] [LOG] [Fast Refresh] done in 16ms @ http://localhost:3001/_next/static/chunks/node_modules_next_dist_1e8vcs8._.js:776
[ 7108624ms] [LOG] [Fast Refresh] done in 16ms @ http://localhost:3001/_next/static/chunks/node_modules_next_dist_1e8vcs8._.js:776
[ 7108686ms] [LOG] [Fast Refresh] done in 16ms @ http://localhost:3001/_next/static/chunks/node_modules_next_dist_1e8vcs8._.js:776
[ 7108767ms] [LOG] [Fast Refresh] done in 16ms @ http://localhost:3001/_next/static/chunks/node_modules_next_dist_1e8vcs8._.js:776
[ 7108830ms] [LOG] [Fast Refresh] done in 16ms @ http://localhost:3001/_next/static/chunks/node_modules_next_dist_1e8vcs8._.js:776
[ 7108892ms] [LOG] [Fast Refresh] done in 16ms @ http://localhost:3001/_next/static/chunks/node_modules_next_dist_1e8vcs8._.js:776
[ 7108955ms] [LOG] [Fast Refresh] done in 16ms @ http://localhost:3001/_next/static/chunks/node_modules_next_dist_1e8vcs8._.js:776
[ 7109018ms] [LOG] [Fast Refresh] done in 16ms @ http://localhost:3001/_next/static/chunks/node_modules_next_dist_1e8vcs8._.js:776
[ 7109080ms] [LOG] [Fast Refresh] done in 16ms @ http://localhost:3001/_next/static/chunks/node_modules_next_dist_1e8vcs8._.js:776
[ 7109142ms] [LOG] [Fast Refresh] done in 16ms @ http://localhost:3001/_next/static/chunks/node_modules_next_dist_1e8vcs8._.js:776
[ 7109205ms] [LOG] [Fast Refresh] done in 16ms @ http://localhost:3001/_next/static/chunks/node_modules_next_dist_1e8vcs8._.js:776
[ 7109268ms] [LOG] [Fast Refresh] done in 16ms @ http://localhost:3001/_next/static/chunks/node_modules_next_dist_1e8vcs8._.js:776
[ 7109333ms] [LOG] [Fast Refresh] done in 16ms @ http://localhost:3001/_next/static/chunks/node_modules_next_dist_1e8vcs8._.js:776
[ 7109394ms] [LOG] [Fast Refresh] done in 16ms @ http://localhost:3001/_next/static/chunks/node_modules_next_dist_1e8vcs8._.js:776
[ 7109457ms] [LOG] [Fast Refresh] done in 16ms @ http://localhost:3001/_next/static/chunks/node_modules_next_dist_1e8vcs8._.js:776
[ 7109520ms] [LOG] [Fast Refresh] done in 16ms @ http://localhost:3001/_next/static/chunks/node_modules_next_dist_1e8vcs8._.js:776
[ 7109583ms] [LOG] [Fast Refresh] done in 16ms @ http://localhost:3001/_next/static/chunks/node_modules_next_dist_1e8vcs8._.js:776
[ 7109645ms] [LOG] [Fast Refresh] done in 16ms @ http://localhost:3001/_next/static/chunks/node_modules_next_dist_1e8vcs8._.js:776
[ 7109708ms] [LOG] [Fast Refresh] done in 16ms @ http://localhost:3001/_next/static/chunks/node_modules_next_dist_1e8vcs8._.js:776
[ 7109771ms] [LOG] [Fast Refresh] done in 16ms @ http://localhost:3001/_next/static/chunks/node_modules_next_dist_1e8vcs8._.js:776
[ 7109834ms] [LOG] [Fast Refresh] done in 16ms @ http://localhost:3001/_next/static/chunks/node_modules_next_dist_1e8vcs8._.js:776
[ 7109896ms] [LOG] [Fast Refresh] done in 16ms @ http://localhost:3001/_next/static/chunks/node_modules_next_dist_1e8vcs8._.js:776
[ 7109959ms] [LOG] [Fast Refresh] done in 16ms @ http://localhost:3001/_next/static/chunks/node_modules_next_dist_1e8vcs8._.js:776
[ 7110023ms] [LOG] [Fast Refresh] done in 16ms @ http://localhost:3001/_next/static/chunks/node_modules_next_dist_1e8vcs8._.js:776
[ 7110084ms] [LOG] [Fast Refresh] done in 16ms @ http://localhost:3001/_next/static/chunks/node_modules_next_dist_1e8vcs8._.js:776
[ 7110146ms] [LOG] [Fast Refresh] done in 16ms @ http://localhost:3001/_next/static/chunks/node_modules_next_dist_1e8vcs8._.js:776
[ 7110208ms] [LOG] [Fast Refresh] done in 16ms @ http://localhost:3001/_next/static/chunks/node_modules_next_dist_1e8vcs8._.js:776
[ 7110271ms] [LOG] [Fast Refresh] done in 16ms @ http://localhost:3001/_next/static/chunks/node_modules_next_dist_1e8vcs8._.js:776
[ 7110333ms] [LOG] [Fast Refresh] done in 16ms @ http://localhost:3001/_next/static/chunks/node_modules_next_dist_1e8vcs8._.js:776
[ 7110396ms] [LOG] [Fast Refresh] done in 16ms @ http://localhost:3001/_next/static/chunks/node_modules_next_dist_1e8vcs8._.js:776
[ 7110458ms] [LOG] [Fast Refresh] done in 16ms @ http://localhost:3001/_next/static/chunks/node_modules_next_dist_1e8vcs8._.js:776
[ 7110521ms] [LOG] [Fast Refresh] done in 16ms @ http://localhost:3001/_next/static/chunks/node_modules_next_dist_1e8vcs8._.js:776
[ 7110583ms] [LOG] [Fast Refresh] done in 16ms @ http://localhost:3001/_next/static/chunks/node_modules_next_dist_1e8vcs8._.js:776
[ 7110647ms] [LOG] [Fast Refresh] done in 16ms @ http://localhost:3001/_next/static/chunks/node_modules_next_dist_1e8vcs8._.js:776
[ 7110709ms] [LOG] [Fast Refresh] done in 16ms @ http://localhost:3001/_next/static/chunks/node_modules_next_dist_1e8vcs8._.js:776
[ 7110771ms] [LOG] [Fast Refresh] done in 16ms @ http://localhost:3001/_next/static/chunks/node_modules_next_dist_1e8vcs8._.js:776
[ 7110833ms] [LOG] [Fast Refresh] done in 16ms @ http://localhost:3001/_next/static/chunks/node_modules_next_dist_1e8vcs8._.js:776
[ 7110896ms] [LOG] [Fast Refresh] done in 16ms @ http://localhost:3001/_next/static/chunks/node_modules_next_dist_1e8vcs8._.js:776
[ 7110959ms] [LOG] [Fast Refresh] done in 16ms @ http://localhost:3001/_next/static/chunks/node_modules_next_dist_1e8vcs8._.js:776
[ 7111021ms] [LOG] [Fast Refresh] done in 16ms @ http://localhost:3001/_next/static/chunks/node_modules_next_dist_1e8vcs8._.js:776
[ 7111084ms] [LOG] [Fast Refresh] done in 16ms @ http://localhost:3001/_next/static/chunks/node_modules_next_dist_1e8vcs8._.js:776
[ 7111147ms] [LOG] [Fast Refresh] done in 16ms @ http://localhost:3001/_next/static/chunks/node_modules_next_dist_1e8vcs8._.js:776
[ 7111208ms] [LOG] [Fast Refresh] done in 16ms @ http://localhost:3001/_next/static/chunks/node_modules_next_dist_1e8vcs8._.js:776
[ 7111271ms] [LOG] [Fast Refresh] done in 16ms @ http://localhost:3001/_next/static/chunks/node_modules_next_dist_1e8vcs8._.js:776
[ 7111335ms] [LOG] [Fast Refresh] done in 16ms @ http://localhost:3001/_next/static/chunks/node_modules_next_dist_1e8vcs8._.js:776
[ 7111398ms] [LOG] [Fast Refresh] done in 16ms @ http://localhost:3001/_next/static/chunks/node_modules_next_dist_1e8vcs8._.js:776
[ 7111461ms] [LOG] [Fast Refresh] done in 16ms @ http://localhost:3001/_next/static/chunks/node_modules_next_dist_1e8vcs8._.js:776
[ 7111524ms] [LOG] [Fast Refresh] done in 16ms @ http://localhost:3001/_next/static/chunks/node_modules_next_dist_1e8vcs8._.js:776
[ 7111588ms] [LOG] [Fast Refresh] done in 16ms @ http://localhost:3001/_next/static/chunks/node_modules_next_dist_1e8vcs8._.js:776
[ 7111650ms] [LOG] [Fast Refresh] done in 16ms @ http://localhost:3001/_next/static/chunks/node_modules_next_dist_1e8vcs8._.js:776
[ 7111712ms] [LOG] [Fast Refresh] done in 16ms @ http://localhost:3001/_next/static/chunks/node_modules_next_dist_1e8vcs8._.js:776
[ 7111774ms] [LOG] [Fast Refresh] done in 16ms @ http://localhost:3001/_next/static/chunks/node_modules_next_dist_1e8vcs8._.js:776
[ 7111837ms] [LOG] [Fast Refresh] done in 16ms @ http://localhost:3001/_next/static/chunks/node_modules_next_dist_1e8vcs8._.js:776
[ 7111899ms] [LOG] [Fast Refresh] done in 16ms @ http://localhost:3001/_next/static/chunks/node_modules_next_dist_1e8vcs8._.js:776
[ 7111961ms] [LOG] [Fast Refresh] done in 16ms @ http://localhost:3001/_next/static/chunks/node_modules_next_dist_1e8vcs8._.js:776
[ 7112024ms] [LOG] [Fast Refresh] done in 16ms @ http://localhost:3001/_next/static/chunks/node_modules_next_dist_1e8vcs8._.js:776
[ 7112087ms] [LOG] [Fast Refresh] done in 16ms @ http://localhost:3001/_next/static/chunks/node_modules_next_dist_1e8vcs8._.js:776
[ 7112150ms] [LOG] [Fast Refresh] done in 16ms @ http://localhost:3001/_next/static/chunks/node_modules_next_dist_1e8vcs8._.js:776
[ 7112212ms] [LOG] [Fast Refresh] done in 16ms @ http://localhost:3001/_next/static/chunks/node_modules_next_dist_1e8vcs8._.js:776
[ 7112274ms] [LOG] [Fast Refresh] done in 16ms @ http://localhost:3001/_next/static/chunks/node_modules_next_dist_1e8vcs8._.js:776
[ 7112357ms] [LOG] [Fast Refresh] done in 16ms @ http://localhost:3001/_next/static/chunks/node_modules_next_dist_1e8vcs8._.js:776
[ 7112436ms] [LOG] [Fast Refresh] done in 16ms @ http://localhost:3001/_next/static/chunks/node_modules_next_dist_1e8vcs8._.js:776
[ 7112515ms] [LOG] [Fast Refresh] done in 16ms @ http://localhost:3001/_next/static/chunks/node_modules_next_dist_1e8vcs8._.js:776
[ 7112618ms] [LOG] [Fast Refresh] done in 16ms @ http://localhost:3001/_next/static/chunks/node_modules_next_dist_1e8vcs8._.js:776
[ 7112680ms] [LOG] [Fast Refresh] done in 16ms @ http://localhost:3001/_next/static/chunks/node_modules_next_dist_1e8vcs8._.js:776
[ 7112742ms] [LOG] [Fast Refresh] done in 16ms @ http://localhost:3001/_next/static/chunks/node_modules_next_dist_1e8vcs8._.js:776
[ 7125448ms] [LOG] [Fast Refresh] rebuilding @ http://localhost:3001/_next/static/chunks/node_modules_next_dist_1e8vcs8._.js:776
[ 7125500ms] [LOG] [Fast Refresh] done in 153ms @ http://localhost:3001/_next/static/chunks/node_modules_next_dist_1e8vcs8._.js:776
[ 7213089ms] [LOG] [Fast Refresh] rebuilding @ http://localhost:3001/_next/static/chunks/node_modules_next_dist_1e8vcs8._.js:776
[ 7213230ms] [LOG] [Fast Refresh] done in 54ms @ http://localhost:3001/_next/static/chunks/node_modules_next_dist_1e8vcs8._.js:776
[ 7537644ms] [LOG] [Fast Refresh] rebuilding @ http://localhost:3001/_next/static/chunks/node_modules_next_dist_1e8vcs8._.js:776
[ 7537822ms] [LOG] [Fast Refresh] done in 22ms @ http://localhost:3001/_next/static/chunks/node_modules_next_dist_1e8vcs8._.js:776
[ 7556618ms] [LOG] [Fast Refresh] rebuilding @ http://localhost:3001/_next/static/chunks/node_modules_next_dist_1e8vcs8._.js:776
[ 7556903ms] [LOG] [Fast Refresh] done in 92ms @ http://localhost:3001/_next/static/chunks/node_modules_next_dist_1e8vcs8._.js:776
[ 7557006ms] [LOG] [Fast Refresh] done in 92ms @ http://localhost:3001/_next/static/chunks/node_modules_next_dist_1e8vcs8._.js:776
[ 7557046ms] [ERROR] Failed to load resource: the server responded with a status of 404 (Not Found) @ http://localhost:3001/fonts/BantayogSans-ExtraBold.woff2:0
[ 7557046ms] [ERROR] Failed to load resource: the server responded with a status of 404 (Not Found) @ http://localhost:3001/fonts/GoodDogPlain.woff2:0
[ 7557085ms] [LOG] [Fast Refresh] done in 92ms @ http://localhost:3001/_next/static/chunks/node_modules_next_dist_1e8vcs8._.js:776
[ 7557154ms] [LOG] [Fast Refresh] done in 92ms @ http://localhost:3001/_next/static/chunks/node_modules_next_dist_1e8vcs8._.js:776
[ 7557220ms] [LOG] [Fast Refresh] done in 92ms @ http://localhost:3001/_next/static/chunks/node_modules_next_dist_1e8vcs8._.js:776
[ 7557283ms] [LOG] [Fast Refresh] done in 92ms @ http://localhost:3001/_next/static/chunks/node_modules_next_dist_1e8vcs8._.js:776
[ 7557346ms] [LOG] [Fast Refresh] done in 92ms @ http://localhost:3001/_next/static/chunks/node_modules_next_dist_1e8vcs8._.js:776
[ 7557408ms] [LOG] [Fast Refresh] done in 92ms @ http://localhost:3001/_next/static/chunks/node_modules_next_dist_1e8vcs8._.js:776
[ 7557472ms] [LOG] [Fast Refresh] done in 92ms @ http://localhost:3001/_next/static/chunks/node_modules_next_dist_1e8vcs8._.js:776
[ 7557535ms] [LOG] [Fast Refresh] done in 92ms @ http://localhost:3001/_next/static/chunks/node_modules_next_dist_1e8vcs8._.js:776
[ 7557599ms] [LOG] [Fast Refresh] done in 92ms @ http://localhost:3001/_next/static/chunks/node_modules_next_dist_1e8vcs8._.js:776
[ 7557662ms] [LOG] [Fast Refresh] done in 92ms @ http://localhost:3001/_next/static/chunks/node_modules_next_dist_1e8vcs8._.js:776
[ 7557723ms] [LOG] [Fast Refresh] done in 92ms @ http://localhost:3001/_next/static/chunks/node_modules_next_dist_1e8vcs8._.js:776
[ 7557785ms] [LOG] [Fast Refresh] done in 92ms @ http://localhost:3001/_next/static/chunks/node_modules_next_dist_1e8vcs8._.js:776
[ 7557848ms] [LOG] [Fast Refresh] done in 92ms @ http://localhost:3001/_next/static/chunks/node_modules_next_dist_1e8vcs8._.js:776
[ 7557910ms] [LOG] [Fast Refresh] done in 92ms @ http://localhost:3001/_next/static/chunks/node_modules_next_dist_1e8vcs8._.js:776
[ 7557973ms] [LOG] [Fast Refresh] done in 92ms @ http://localhost:3001/_next/static/chunks/node_modules_next_dist_1e8vcs8._.js:776
[ 7558036ms] [LOG] [Fast Refresh] done in 92ms @ http://localhost:3001/_next/static/chunks/node_modules_next_dist_1e8vcs8._.js:776
[ 7558099ms] [LOG] [Fast Refresh] done in 92ms @ http://localhost:3001/_next/static/chunks/node_modules_next_dist_1e8vcs8._.js:776
[ 7558162ms] [LOG] [Fast Refresh] done in 92ms @ http://localhost:3001/_next/static/chunks/node_modules_next_dist_1e8vcs8._.js:776
[ 7558225ms] [LOG] [Fast Refresh] done in 92ms @ http://localhost:3001/_next/static/chunks/node_modules_next_dist_1e8vcs8._.js:776
[ 7558287ms] [LOG] [Fast Refresh] done in 92ms @ http://localhost:3001/_next/static/chunks/node_modules_next_dist_1e8vcs8._.js:776
[ 7558349ms] [LOG] [Fast Refresh] done in 92ms @ http://localhost:3001/_next/static/chunks/node_modules_next_dist_1e8vcs8._.js:776
[ 7558411ms] [LOG] [Fast Refresh] done in 92ms @ http://localhost:3001/_next/static/chunks/node_modules_next_dist_1e8vcs8._.js:776
[ 7558474ms] [LOG] [Fast Refresh] done in 92ms @ http://localhost:3001/_next/static/chunks/node_modules_next_dist_1e8vcs8._.js:776
[ 7558537ms] [LOG] [Fast Refresh] done in 92ms @ http://localhost:3001/_next/static/chunks/node_modules_next_dist_1e8vcs8._.js:776
[ 7558598ms] [LOG] [Fast Refresh] done in 92ms @ http://localhost:3001/_next/static/chunks/node_modules_next_dist_1e8vcs8._.js:776
[ 7558661ms] [LOG] [Fast Refresh] done in 92ms @ http://localhost:3001/_next/static/chunks/node_modules_next_dist_1e8vcs8._.js:776
[ 7558723ms] [LOG] [Fast Refresh] done in 92ms @ http://localhost:3001/_next/static/chunks/node_modules_next_dist_1e8vcs8._.js:776
[ 7558786ms] [LOG] [Fast Refresh] done in 92ms @ http://localhost:3001/_next/static/chunks/node_modules_next_dist_1e8vcs8._.js:776
[ 7558848ms] [LOG] [Fast Refresh] done in 92ms @ http://localhost:3001/_next/static/chunks/node_modules_next_dist_1e8vcs8._.js:776
[ 7558909ms] [LOG] [Fast Refresh] done in 92ms @ http://localhost:3001/_next/static/chunks/node_modules_next_dist_1e8vcs8._.js:776
[ 7558971ms] [LOG] [Fast Refresh] done in 92ms @ http://localhost:3001/_next/static/chunks/node_modules_next_dist_1e8vcs8._.js:776
[ 7559031ms] [LOG] [Fast Refresh] done in 92ms @ http://localhost:3001/_next/static/chunks/node_modules_next_dist_1e8vcs8._.js:776
[ 7559093ms] [LOG] [Fast Refresh] done in 92ms @ http://localhost:3001/_next/static/chunks/node_modules_next_dist_1e8vcs8._.js:776
[ 7559156ms] [LOG] [Fast Refresh] done in 92ms @ http://localhost:3001/_next/static/chunks/node_modules_next_dist_1e8vcs8._.js:776
[ 7559219ms] [LOG] [Fast Refresh] done in 92ms @ http://localhost:3001/_next/static/chunks/node_modules_next_dist_1e8vcs8._.js:776
[ 7559283ms] [LOG] [Fast Refresh] done in 92ms @ http://localhost:3001/_next/static/chunks/node_modules_next_dist_1e8vcs8._.js:776
[ 7559346ms] [LOG] [Fast Refresh] done in 92ms @ http://localhost:3001/_next/static/chunks/node_modules_next_dist_1e8vcs8._.js:776
[ 7559407ms] [LOG] [Fast Refresh] done in 92ms @ http://localhost:3001/_next/static/chunks/node_modules_next_dist_1e8vcs8._.js:776
[ 7559469ms] [LOG] [Fast Refresh] done in 92ms @ http://localhost:3001/_next/static/chunks/node_modules_next_dist_1e8vcs8._.js:776
[ 7559531ms] [LOG] [Fast Refresh] done in 92ms @ http://localhost:3001/_next/static/chunks/node_modules_next_dist_1e8vcs8._.js:776
[ 7559594ms] [LOG] [Fast Refresh] done in 92ms @ http://localhost:3001/_next/static/chunks/node_modules_next_dist_1e8vcs8._.js:776
[ 7559658ms] [LOG] [Fast Refresh] done in 92ms @ http://localhost:3001/_next/static/chunks/node_modules_next_dist_1e8vcs8._.js:776
[ 7559721ms] [LOG] [Fast Refresh] done in 92ms @ http://localhost:3001/_next/static/chunks/node_modules_next_dist_1e8vcs8._.js:776
[ 7559784ms] [LOG] [Fast Refresh] done in 92ms @ http://localhost:3001/_next/static/chunks/node_modules_next_dist_1e8vcs8._.js:776
[ 7559847ms] [LOG] [Fast Refresh] done in 92ms @ http://localhost:3001/_next/static/chunks/node_modules_next_dist_1e8vcs8._.js:776
[ 7559909ms] [LOG] [Fast Refresh] done in 92ms @ http://localhost:3001/_next/static/chunks/node_modules_next_dist_1e8vcs8._.js:776
[ 7559972ms] [LOG] [Fast Refresh] done in 92ms @ http://localhost:3001/_next/static/chunks/node_modules_next_dist_1e8vcs8._.js:776
[ 7560033ms] [LOG] [Fast Refresh] done in 92ms @ http://localhost:3001/_next/static/chunks/node_modules_next_dist_1e8vcs8._.js:776
[ 7560096ms] [LOG] [Fast Refresh] done in 92ms @ http://localhost:3001/_next/static/chunks/node_modules_next_dist_1e8vcs8._.js:776
[ 7560158ms] [LOG] [Fast Refresh] done in 92ms @ http://localhost:3001/_next/static/chunks/node_modules_next_dist_1e8vcs8._.js:776
[ 7560220ms] [LOG] [Fast Refresh] done in 92ms @ http://localhost:3001/_next/static/chunks/node_modules_next_dist_1e8vcs8._.js:776
[ 7560282ms] [LOG] [Fast Refresh] done in 92ms @ http://localhost:3001/_next/static/chunks/node_modules_next_dist_1e8vcs8._.js:776
[ 7560345ms] [LOG] [Fast Refresh] done in 92ms @ http://localhost:3001/_next/static/chunks/node_modules_next_dist_1e8vcs8._.js:776
[ 7560408ms] [LOG] [Fast Refresh] done in 92ms @ http://localhost:3001/_next/static/chunks/node_modules_next_dist_1e8vcs8._.js:776
[ 7560469ms] [LOG] [Fast Refresh] done in 92ms @ http://localhost:3001/_next/static/chunks/node_modules_next_dist_1e8vcs8._.js:776
[ 7560531ms] [LOG] [Fast Refresh] done in 92ms @ http://localhost:3001/_next/static/chunks/node_modules_next_dist_1e8vcs8._.js:776
[ 7560593ms] [LOG] [Fast Refresh] done in 92ms @ http://localhost:3001/_next/static/chunks/node_modules_next_dist_1e8vcs8._.js:776
[ 7560654ms] [LOG] [Fast Refresh] done in 92ms @ http://localhost:3001/_next/static/chunks/node_modules_next_dist_1e8vcs8._.js:776
[ 7560717ms] [LOG] [Fast Refresh] done in 92ms @ http://localhost:3001/_next/static/chunks/node_modules_next_dist_1e8vcs8._.js:776
[ 7560779ms] [LOG] [Fast Refresh] done in 92ms @ http://localhost:3001/_next/static/chunks/node_modules_next_dist_1e8vcs8._.js:776
[ 7560842ms] [LOG] [Fast Refresh] done in 92ms @ http://localhost:3001/_next/static/chunks/node_modules_next_dist_1e8vcs8._.js:776
[ 7560905ms] [LOG] [Fast Refresh] done in 92ms @ http://localhost:3001/_next/static/chunks/node_modules_next_dist_1e8vcs8._.js:776
[ 7560967ms] [LOG] [Fast Refresh] done in 92ms @ http://localhost:3001/_next/static/chunks/node_modules_next_dist_1e8vcs8._.js:776
[ 7561030ms] [LOG] [Fast Refresh] done in 92ms @ http://localhost:3001/_next/static/chunks/node_modules_next_dist_1e8vcs8._.js:776
[ 7561091ms] [LOG] [Fast Refresh] done in 92ms @ http://localhost:3001/_next/static/chunks/node_modules_next_dist_1e8vcs8._.js:776
[ 7561154ms] [LOG] [Fast Refresh] done in 92ms @ http://localhost:3001/_next/static/chunks/node_modules_next_dist_1e8vcs8._.js:776
[ 7561216ms] [LOG] [Fast Refresh] done in 92ms @ http://localhost:3001/_next/static/chunks/node_modules_next_dist_1e8vcs8._.js:776
[ 7561280ms] [LOG] [Fast Refresh] done in 92ms @ http://localhost:3001/_next/static/chunks/node_modules_next_dist_1e8vcs8._.js:776
[ 7561343ms] [LOG] [Fast Refresh] done in 92ms @ http://localhost:3001/_next/static/chunks/node_modules_next_dist_1e8vcs8._.js:776
[ 7561406ms] [LOG] [Fast Refresh] done in 92ms @ http://localhost:3001/_next/static/chunks/node_modules_next_dist_1e8vcs8._.js:776
[ 7561468ms] [LOG] [Fast Refresh] done in 92ms @ http://localhost:3001/_next/static/chunks/node_modules_next_dist_1e8vcs8._.js:776
[ 7561529ms] [LOG] [Fast Refresh] done in 92ms @ http://localhost:3001/_next/static/chunks/node_modules_next_dist_1e8vcs8._.js:776
[ 7561593ms] [LOG] [Fast Refresh] done in 92ms @ http://localhost:3001/_next/static/chunks/node_modules_next_dist_1e8vcs8._.js:776
[ 7561656ms] [LOG] [Fast Refresh] done in 92ms @ http://localhost:3001/_next/static/chunks/node_modules_next_dist_1e8vcs8._.js:776
[ 7561719ms] [LOG] [Fast Refresh] done in 92ms @ http://localhost:3001/_next/static/chunks/node_modules_next_dist_1e8vcs8._.js:776
[ 7561780ms] [LOG] [Fast Refresh] done in 92ms @ http://localhost:3001/_next/static/chunks/node_modules_next_dist_1e8vcs8._.js:776
[ 7561842ms] [LOG] [Fast Refresh] done in 92ms @ http://localhost:3001/_next/static/chunks/node_modules_next_dist_1e8vcs8._.js:776
[ 7561904ms] [LOG] [Fast Refresh] done in 92ms @ http://localhost:3001/_next/static/chunks/node_modules_next_dist_1e8vcs8._.js:776
[ 7561966ms] [LOG] [Fast Refresh] done in 92ms @ http://localhost:3001/_next/static/chunks/node_modules_next_dist_1e8vcs8._.js:776
[ 7562028ms] [LOG] [Fast Refresh] done in 92ms @ http://localhost:3001/_next/static/chunks/node_modules_next_dist_1e8vcs8._.js:776
[ 7562090ms] [LOG] [Fast Refresh] done in 92ms @ http://localhost:3001/_next/static/chunks/node_modules_next_dist_1e8vcs8._.js:776
[ 7562152ms] [LOG] [Fast Refresh] done in 92ms @ http://localhost:3001/_next/static/chunks/node_modules_next_dist_1e8vcs8._.js:776
[ 7562215ms] [LOG] [Fast Refresh] done in 92ms @ http://localhost:3001/_next/static/chunks/node_modules_next_dist_1e8vcs8._.js:776
[ 7562279ms] [LOG] [Fast Refresh] done in 92ms @ http://localhost:3001/_next/static/chunks/node_modules_next_dist_1e8vcs8._.js:776
[ 7562341ms] [LOG] [Fast Refresh] done in 92ms @ http://localhost:3001/_next/static/chunks/node_modules_next_dist_1e8vcs8._.js:776
[ 7562403ms] [LOG] [Fast Refresh] done in 92ms @ http://localhost:3001/_next/static/chunks/node_modules_next_dist_1e8vcs8._.js:776
[ 7562465ms] [LOG] [Fast Refresh] done in 92ms @ http://localhost:3001/_next/static/chunks/node_modules_next_dist_1e8vcs8._.js:776
[ 7562528ms] [LOG] [Fast Refresh] done in 92ms @ http://localhost:3001/_next/static/chunks/node_modules_next_dist_1e8vcs8._.js:776
[ 7562590ms] [LOG] [Fast Refresh] done in 92ms @ http://localhost:3001/_next/static/chunks/node_modules_next_dist_1e8vcs8._.js:776
[ 7562651ms] [LOG] [Fast Refresh] done in 92ms @ http://localhost:3001/_next/static/chunks/node_modules_next_dist_1e8vcs8._.js:776
[ 7562714ms] [LOG] [Fast Refresh] done in 92ms @ http://localhost:3001/_next/static/chunks/node_modules_next_dist_1e8vcs8._.js:776
[ 7562777ms] [LOG] [Fast Refresh] done in 92ms @ http://localhost:3001/_next/static/chunks/node_modules_next_dist_1e8vcs8._.js:776
[ 7562840ms] [LOG] [Fast Refresh] done in 92ms @ http://localhost:3001/_next/static/chunks/node_modules_next_dist_1e8vcs8._.js:776
[ 7562901ms] [LOG] [Fast Refresh] done in 92ms @ http://localhost:3001/_next/static/chunks/node_modules_next_dist_1e8vcs8._.js:776
[ 7562962ms] [LOG] [Fast Refresh] done in 92ms @ http://localhost:3001/_next/static/chunks/node_modules_next_dist_1e8vcs8._.js:776
[ 7563027ms] [LOG] [Fast Refresh] done in 92ms @ http://localhost:3001/_next/static/chunks/node_modules_next_dist_1e8vcs8._.js:776
[ 7563089ms] [LOG] [Fast Refresh] done in 92ms @ http://localhost:3001/_next/static/chunks/node_modules_next_dist_1e8vcs8._.js:776
[ 7563151ms] [LOG] [Fast Refresh] done in 92ms @ http://localhost:3001/_next/static/chunks/node_modules_next_dist_1e8vcs8._.js:776
[ 7563214ms] [LOG] [Fast Refresh] done in 92ms @ http://localhost:3001/_next/static/chunks/node_modules_next_dist_1e8vcs8._.js:776
[ 7563277ms] [LOG] [Fast Refresh] done in 92ms @ http://localhost:3001/_next/static/chunks/node_modules_next_dist_1e8vcs8._.js:776
[ 7563339ms] [LOG] [Fast Refresh] done in 92ms @ http://localhost:3001/_next/static/chunks/node_modules_next_dist_1e8vcs8._.js:776
[ 7563401ms] [LOG] [Fast Refresh] done in 92ms @ http://localhost:3001/_next/static/chunks/node_modules_next_dist_1e8vcs8._.js:776
[ 7563462ms] [LOG] [Fast Refresh] done in 92ms @ http://localhost:3001/_next/static/chunks/node_modules_next_dist_1e8vcs8._.js:776
[ 7563525ms] [LOG] [Fast Refresh] done in 92ms @ http://localhost:3001/_next/static/chunks/node_modules_next_dist_1e8vcs8._.js:776
[ 7563587ms] [LOG] [Fast Refresh] done in 92ms @ http://localhost:3001/_next/static/chunks/node_modules_next_dist_1e8vcs8._.js:776
[ 7563651ms] [LOG] [Fast Refresh] done in 92ms @ http://localhost:3001/_next/static/chunks/node_modules_next_dist_1e8vcs8._.js:776
[ 7563714ms] [LOG] [Fast Refresh] done in 92ms @ http://localhost:3001/_next/static/chunks/node_modules_next_dist_1e8vcs8._.js:776
[ 7563774ms] [LOG] [Fast Refresh] done in 92ms @ http://localhost:3001/_next/static/chunks/node_modules_next_dist_1e8vcs8._.js:776
[ 7563836ms] [LOG] [Fast Refresh] done in 92ms @ http://localhost:3001/_next/static/chunks/node_modules_next_dist_1e8vcs8._.js:776
[ 7563898ms] [LOG] [Fast Refresh] done in 92ms @ http://localhost:3001/_next/static/chunks/node_modules_next_dist_1e8vcs8._.js:776
[ 7563959ms] [LOG] [Fast Refresh] done in 92ms @ http://localhost:3001/_next/static/chunks/node_modules_next_dist_1e8vcs8._.js:776
[ 7564021ms] [LOG] [Fast Refresh] done in 92ms @ http://localhost:3001/_next/static/chunks/node_modules_next_dist_1e8vcs8._.js:776
[ 7564084ms] [LOG] [Fast Refresh] done in 92ms @ http://localhost:3001/_next/static/chunks/node_modules_next_dist_1e8vcs8._.js:776
[ 7564147ms] [LOG] [Fast Refresh] done in 92ms @ http://localhost:3001/_next/static/chunks/node_modules_next_dist_1e8vcs8._.js:776
[ 7564208ms] [LOG] [Fast Refresh] done in 92ms @ http://localhost:3001/_next/static/chunks/node_modules_next_dist_1e8vcs8._.js:776
[ 7564270ms] [LOG] [Fast Refresh] done in 92ms @ http://localhost:3001/_next/static/chunks/node_modules_next_dist_1e8vcs8._.js:776
[ 7564334ms] [LOG] [Fast Refresh] done in 92ms @ http://localhost:3001/_next/static/chunks/node_modules_next_dist_1e8vcs8._.js:776
[ 7564398ms] [LOG] [Fast Refresh] done in 92ms @ http://localhost:3001/_next/static/chunks/node_modules_next_dist_1e8vcs8._.js:776
[ 7564459ms] [LOG] [Fast Refresh] done in 92ms @ http://localhost:3001/_next/static/chunks/node_modules_next_dist_1e8vcs8._.js:776
[ 7564523ms] [LOG] [Fast Refresh] done in 92ms @ http://localhost:3001/_next/static/chunks/node_modules_next_dist_1e8vcs8._.js:776
[ 7564586ms] [LOG] [Fast Refresh] done in 92ms @ http://localhost:3001/_next/static/chunks/node_modules_next_dist_1e8vcs8._.js:776
[ 7564647ms] [LOG] [Fast Refresh] done in 92ms @ http://localhost:3001/_next/static/chunks/node_modules_next_dist_1e8vcs8._.js:776
[ 7564710ms] [LOG] [Fast Refresh] done in 92ms @ http://localhost:3001/_next/static/chunks/node_modules_next_dist_1e8vcs8._.js:776
[ 7564772ms] [LOG] [Fast Refresh] done in 92ms @ http://localhost:3001/_next/static/chunks/node_modules_next_dist_1e8vcs8._.js:776
[ 7564834ms] [LOG] [Fast Refresh] done in 92ms @ http://localhost:3001/_next/static/chunks/node_modules_next_dist_1e8vcs8._.js:776
[ 7564896ms] [LOG] [Fast Refresh] done in 92ms @ http://localhost:3001/_next/static/chunks/node_modules_next_dist_1e8vcs8._.js:776
[ 7564958ms] [LOG] [Fast Refresh] done in 92ms @ http://localhost:3001/_next/static/chunks/node_modules_next_dist_1e8vcs8._.js:776
[ 7565021ms] [LOG] [Fast Refresh] done in 92ms @ http://localhost:3001/_next/static/chunks/node_modules_next_dist_1e8vcs8._.js:776
[ 7565096ms] [LOG] [Fast Refresh] done in 92ms @ http://localhost:3001/_next/static/chunks/node_modules_next_dist_1e8vcs8._.js:776
[ 7565146ms] [LOG] [Fast Refresh] done in 92ms @ http://localhost:3001/_next/static/chunks/node_modules_next_dist_1e8vcs8._.js:776
[ 7565208ms] [LOG] [Fast Refresh] done in 92ms @ http://localhost:3001/_next/static/chunks/node_modules_next_dist_1e8vcs8._.js:776
[ 7565270ms] [LOG] [Fast Refresh] done in 92ms @ http://localhost:3001/_next/static/chunks/node_modules_next_dist_1e8vcs8._.js:776
[ 7565333ms] [LOG] [Fast Refresh] done in 92ms @ http://localhost:3001/_next/static/chunks/node_modules_next_dist_1e8vcs8._.js:776
[ 7565395ms] [LOG] [Fast Refresh] done in 92ms @ http://localhost:3001/_next/static/chunks/node_modules_next_dist_1e8vcs8._.js:776
[ 7565458ms] [LOG] [Fast Refresh] done in 92ms @ http://localhost:3001/_next/static/chunks/node_modules_next_dist_1e8vcs8._.js:776
[ 7565519ms] [LOG] [Fast Refresh] done in 92ms @ http://localhost:3001/_next/static/chunks/node_modules_next_dist_1e8vcs8._.js:776
[ 7565582ms] [LOG] [Fast Refresh] done in 92ms @ http://localhost:3001/_next/static/chunks/node_modules_next_dist_1e8vcs8._.js:776
[ 7565645ms] [LOG] [Fast Refresh] done in 92ms @ http://localhost:3001/_next/static/chunks/node_modules_next_dist_1e8vcs8._.js:776
[ 7565713ms] [LOG] [Fast Refresh] done in 92ms @ http://localhost:3001/_next/static/chunks/node_modules_next_dist_1e8vcs8._.js:776
[ 7565770ms] [LOG] [Fast Refresh] done in 92ms @ http://localhost:3001/_next/static/chunks/node_modules_next_dist_1e8vcs8._.js:776
[ 7565832ms] [LOG] [Fast Refresh] done in 92ms @ http://localhost:3001/_next/static/chunks/node_modules_next_dist_1e8vcs8._.js:776
[ 7565895ms] [LOG] [Fast Refresh] done in 92ms @ http://localhost:3001/_next/static/chunks/node_modules_next_dist_1e8vcs8._.js:776
[ 7565956ms] [LOG] [Fast Refresh] done in 92ms @ http://localhost:3001/_next/static/chunks/node_modules_next_dist_1e8vcs8._.js:776
[ 7566019ms] [LOG] [Fast Refresh] done in 92ms @ http://localhost:3001/_next/static/chunks/node_modules_next_dist_1e8vcs8._.js:776
[ 7566083ms] [LOG] [Fast Refresh] done in 92ms @ http://localhost:3001/_next/static/chunks/node_modules_next_dist_1e8vcs8._.js:776
[ 7566145ms] [LOG] [Fast Refresh] done in 92ms @ http://localhost:3001/_next/static/chunks/node_modules_next_dist_1e8vcs8._.js:776
[ 7566208ms] [LOG] [Fast Refresh] done in 92ms @ http://localhost:3001/_next/static/chunks/node_modules_next_dist_1e8vcs8._.js:776
[ 7566270ms] [LOG] [Fast Refresh] done in 92ms @ http://localhost:3001/_next/static/chunks/node_modules_next_dist_1e8vcs8._.js:776
[ 7566334ms] [LOG] [Fast Refresh] done in 92ms @ http://localhost:3001/_next/static/chunks/node_modules_next_dist_1e8vcs8._.js:776
[ 7566396ms] [LOG] [Fast Refresh] done in 92ms @ http://localhost:3001/_next/static/chunks/node_modules_next_dist_1e8vcs8._.js:776
[ 7566459ms] [LOG] [Fast Refresh] done in 92ms @ http://localhost:3001/_next/static/chunks/node_modules_next_dist_1e8vcs8._.js:776
[ 7566522ms] [LOG] [Fast Refresh] done in 92ms @ http://localhost:3001/_next/static/chunks/node_modules_next_dist_1e8vcs8._.js:776
[ 7566584ms] [LOG] [Fast Refresh] done in 92ms @ http://localhost:3001/_next/static/chunks/node_modules_next_dist_1e8vcs8._.js:776
[ 7566647ms] [LOG] [Fast Refresh] done in 92ms @ http://localhost:3001/_next/static/chunks/node_modules_next_dist_1e8vcs8._.js:776
[ 7566708ms] [LOG] [Fast Refresh] done in 92ms @ http://localhost:3001/_next/static/chunks/node_modules_next_dist_1e8vcs8._.js:776
[ 7566772ms] [LOG] [Fast Refresh] done in 92ms @ http://localhost:3001/_next/static/chunks/node_modules_next_dist_1e8vcs8._.js:776
[ 7566835ms] [LOG] [Fast Refresh] done in 92ms @ http://localhost:3001/_next/static/chunks/node_modules_next_dist_1e8vcs8._.js:776
[ 7566898ms] [LOG] [Fast Refresh] done in 92ms @ http://localhost:3001/_next/static/chunks/node_modules_next_dist_1e8vcs8._.js:776
[ 7566960ms] [LOG] [Fast Refresh] done in 92ms @ http://localhost:3001/_next/static/chunks/node_modules_next_dist_1e8vcs8._.js:776
[ 7567023ms] [LOG] [Fast Refresh] done in 92ms @ http://localhost:3001/_next/static/chunks/node_modules_next_dist_1e8vcs8._.js:776
[ 7567086ms] [LOG] [Fast Refresh] done in 92ms @ http://localhost:3001/_next/static/chunks/node_modules_next_dist_1e8vcs8._.js:776
[ 7567149ms] [LOG] [Fast Refresh] done in 92ms @ http://localhost:3001/_next/static/chunks/node_modules_next_dist_1e8vcs8._.js:776
[ 7567212ms] [LOG] [Fast Refresh] done in 92ms @ http://localhost:3001/_next/static/chunks/node_modules_next_dist_1e8vcs8._.js:776
[ 7567274ms] [LOG] [Fast Refresh] done in 92ms @ http://localhost:3001/_next/static/chunks/node_modules_next_dist_1e8vcs8._.js:776
[ 7567338ms] [LOG] [Fast Refresh] done in 92ms @ http://localhost:3001/_next/static/chunks/node_modules_next_dist_1e8vcs8._.js:776
[ 7567402ms] [LOG] [Fast Refresh] done in 92ms @ http://localhost:3001/_next/static/chunks/node_modules_next_dist_1e8vcs8._.js:776
[ 7567466ms] [LOG] [Fast Refresh] done in 92ms @ http://localhost:3001/_next/static/chunks/node_modules_next_dist_1e8vcs8._.js:776
[ 7567523ms] [LOG] [Fast Refresh] done in 92ms @ http://localhost:3001/_next/static/chunks/node_modules_next_dist_1e8vcs8._.js:776
[ 7567639ms] [LOG] [Fast Refresh] rebuilding @ http://localhost:3001/_next/static/chunks/node_modules_next_dist_1e8vcs8._.js:776
[ 7567730ms] [LOG] [Fast Refresh] done in 13ms @ http://localhost:3001/_next/static/chunks/node_modules_next_dist_1e8vcs8._.js:776
[ 7567994ms] [LOG] [Fast Refresh] done in 13ms @ http://localhost:3001/_next/static/chunks/node_modules_next_dist_1e8vcs8._.js:776
[ 7568055ms] [LOG] [Fast Refresh] done in 13ms @ http://localhost:3001/_next/static/chunks/node_modules_next_dist_1e8vcs8._.js:776
[ 7568156ms] [LOG] [Fast Refresh] done in 13ms @ http://localhost:3001/_next/static/chunks/node_modules_next_dist_1e8vcs8._.js:776
[ 7568219ms] [LOG] [Fast Refresh] done in 13ms @ http://localhost:3001/_next/static/chunks/node_modules_next_dist_1e8vcs8._.js:776
[ 7568282ms] [LOG] [Fast Refresh] done in 13ms @ http://localhost:3001/_next/static/chunks/node_modules_next_dist_1e8vcs8._.js:776
[ 7568343ms] [LOG] [Fast Refresh] done in 13ms @ http://localhost:3001/_next/static/chunks/node_modules_next_dist_1e8vcs8._.js:776
[ 7568404ms] [LOG] [Fast Refresh] done in 13ms @ http://localhost:3001/_next/static/chunks/node_modules_next_dist_1e8vcs8._.js:776
[ 7568468ms] [LOG] [Fast Refresh] done in 13ms @ http://localhost:3001/_next/static/chunks/node_modules_next_dist_1e8vcs8._.js:776
[ 7568531ms] [LOG] [Fast Refresh] done in 13ms @ http://localhost:3001/_next/static/chunks/node_modules_next_dist_1e8vcs8._.js:776
[ 7568593ms] [LOG] [Fast Refresh] done in 13ms @ http://localhost:3001/_next/static/chunks/node_modules_next_dist_1e8vcs8._.js:776
[ 7568655ms] [LOG] [Fast Refresh] done in 13ms @ http://localhost:3001/_next/static/chunks/node_modules_next_dist_1e8vcs8._.js:776
[ 7568718ms] [LOG] [Fast Refresh] done in 13ms @ http://localhost:3001/_next/static/chunks/node_modules_next_dist_1e8vcs8._.js:776
[ 7568780ms] [LOG] [Fast Refresh] done in 13ms @ http://localhost:3001/_next/static/chunks/node_modules_next_dist_1e8vcs8._.js:776
[ 7568842ms] [LOG] [Fast Refresh] done in 13ms @ http://localhost:3001/_next/static/chunks/node_modules_next_dist_1e8vcs8._.js:776
[ 7568904ms] [LOG] [Fast Refresh] done in 13ms @ http://localhost:3001/_next/static/chunks/node_modules_next_dist_1e8vcs8._.js:776
[ 7568966ms] [LOG] [Fast Refresh] done in 13ms @ http://localhost:3001/_next/static/chunks/node_modules_next_dist_1e8vcs8._.js:776
[ 7569029ms] [LOG] [Fast Refresh] done in 13ms @ http://localhost:3001/_next/static/chunks/node_modules_next_dist_1e8vcs8._.js:776
[ 7569091ms] [LOG] [Fast Refresh] done in 13ms @ http://localhost:3001/_next/static/chunks/node_modules_next_dist_1e8vcs8._.js:776
[ 7569154ms] [LOG] [Fast Refresh] done in 13ms @ http://localhost:3001/_next/static/chunks/node_modules_next_dist_1e8vcs8._.js:776
[ 7569216ms] [LOG] [Fast Refresh] done in 13ms @ http://localhost:3001/_next/static/chunks/node_modules_next_dist_1e8vcs8._.js:776
[ 7569278ms] [LOG] [Fast Refresh] done in 13ms @ http://localhost:3001/_next/static/chunks/node_modules_next_dist_1e8vcs8._.js:776
[ 7569341ms] [LOG] [Fast Refresh] done in 13ms @ http://localhost:3001/_next/static/chunks/node_modules_next_dist_1e8vcs8._.js:776
[ 7569403ms] [LOG] [Fast Refresh] done in 13ms @ http://localhost:3001/_next/static/chunks/node_modules_next_dist_1e8vcs8._.js:776
[ 7569465ms] [LOG] [Fast Refresh] done in 13ms @ http://localhost:3001/_next/static/chunks/node_modules_next_dist_1e8vcs8._.js:776
[ 7569527ms] [LOG] [Fast Refresh] done in 13ms @ http://localhost:3001/_next/static/chunks/node_modules_next_dist_1e8vcs8._.js:776
[ 7569590ms] [LOG] [Fast Refresh] done in 13ms @ http://localhost:3001/_next/static/chunks/node_modules_next_dist_1e8vcs8._.js:776
[ 7569653ms] [LOG] [Fast Refresh] done in 13ms @ http://localhost:3001/_next/static/chunks/node_modules_next_dist_1e8vcs8._.js:776
[ 7569716ms] [LOG] [Fast Refresh] done in 13ms @ http://localhost:3001/_next/static/chunks/node_modules_next_dist_1e8vcs8._.js:776
[ 7569780ms] [LOG] [Fast Refresh] done in 13ms @ http://localhost:3001/_next/static/chunks/node_modules_next_dist_1e8vcs8._.js:776
[ 7569843ms] [LOG] [Fast Refresh] done in 13ms @ http://localhost:3001/_next/static/chunks/node_modules_next_dist_1e8vcs8._.js:776
[ 7569905ms] [LOG] [Fast Refresh] done in 13ms @ http://localhost:3001/_next/static/chunks/node_modules_next_dist_1e8vcs8._.js:776
[ 7569966ms] [LOG] [Fast Refresh] done in 13ms @ http://localhost:3001/_next/static/chunks/node_modules_next_dist_1e8vcs8._.js:776
[ 7570027ms] [LOG] [Fast Refresh] done in 13ms @ http://localhost:3001/_next/static/chunks/node_modules_next_dist_1e8vcs8._.js:776
[ 7570089ms] [LOG] [Fast Refresh] done in 13ms @ http://localhost:3001/_next/static/chunks/node_modules_next_dist_1e8vcs8._.js:776
[ 7570151ms] [LOG] [Fast Refresh] done in 13ms @ http://localhost:3001/_next/static/chunks/node_modules_next_dist_1e8vcs8._.js:776
[ 7570212ms] [LOG] [Fast Refresh] done in 13ms @ http://localhost:3001/_next/static/chunks/node_modules_next_dist_1e8vcs8._.js:776
[ 7570275ms] [LOG] [Fast Refresh] done in 13ms @ http://localhost:3001/_next/static/chunks/node_modules_next_dist_1e8vcs8._.js:776
[ 7570339ms] [LOG] [Fast Refresh] done in 13ms @ http://localhost:3001/_next/static/chunks/node_modules_next_dist_1e8vcs8._.js:776
[ 7570400ms] [LOG] [Fast Refresh] done in 13ms @ http://localhost:3001/_next/static/chunks/node_modules_next_dist_1e8vcs8._.js:776
[ 7570463ms] [LOG] [Fast Refresh] done in 13ms @ http://localhost:3001/_next/static/chunks/node_modules_next_dist_1e8vcs8._.js:776
[ 7570524ms] [LOG] [Fast Refresh] done in 13ms @ http://localhost:3001/_next/static/chunks/node_modules_next_dist_1e8vcs8._.js:776
[ 7570589ms] [LOG] [Fast Refresh] done in 13ms @ http://localhost:3001/_next/static/chunks/node_modules_next_dist_1e8vcs8._.js:776
[ 7570652ms] [LOG] [Fast Refresh] done in 13ms @ http://localhost:3001/_next/static/chunks/node_modules_next_dist_1e8vcs8._.js:776
[ 7570714ms] [LOG] [Fast Refresh] done in 13ms @ http://localhost:3001/_next/static/chunks/node_modules_next_dist_1e8vcs8._.js:776
[ 7570778ms] [LOG] [Fast Refresh] done in 13ms @ http://localhost:3001/_next/static/chunks/node_modules_next_dist_1e8vcs8._.js:776
[ 7570841ms] [LOG] [Fast Refresh] done in 13ms @ http://localhost:3001/_next/static/chunks/node_modules_next_dist_1e8vcs8._.js:776
[ 7570903ms] [LOG] [Fast Refresh] done in 13ms @ http://localhost:3001/_next/static/chunks/node_modules_next_dist_1e8vcs8._.js:776
[ 7570965ms] [LOG] [Fast Refresh] done in 13ms @ http://localhost:3001/_next/static/chunks/node_modules_next_dist_1e8vcs8._.js:776
[ 7571029ms] [LOG] [Fast Refresh] done in 13ms @ http://localhost:3001/_next/static/chunks/node_modules_next_dist_1e8vcs8._.js:776
[ 7571093ms] [LOG] [Fast Refresh] done in 13ms @ http://localhost:3001/_next/static/chunks/node_modules_next_dist_1e8vcs8._.js:776
[ 7571154ms] [LOG] [Fast Refresh] done in 13ms @ http://localhost:3001/_next/static/chunks/node_modules_next_dist_1e8vcs8._.js:776
[ 7571217ms] [LOG] [Fast Refresh] done in 13ms @ http://localhost:3001/_next/static/chunks/node_modules_next_dist_1e8vcs8._.js:776
[ 7571278ms] [LOG] [Fast Refresh] done in 13ms @ http://localhost:3001/_next/static/chunks/node_modules_next_dist_1e8vcs8._.js:776
[ 7571342ms] [LOG] [Fast Refresh] done in 13ms @ http://localhost:3001/_next/static/chunks/node_modules_next_dist_1e8vcs8._.js:776
[ 7571404ms] [LOG] [Fast Refresh] done in 13ms @ http://localhost:3001/_next/static/chunks/node_modules_next_dist_1e8vcs8._.js:776
[ 7571465ms] [LOG] [Fast Refresh] done in 13ms @ http://localhost:3001/_next/static/chunks/node_modules_next_dist_1e8vcs8._.js:776
[ 7571528ms] [LOG] [Fast Refresh] done in 13ms @ http://localhost:3001/_next/static/chunks/node_modules_next_dist_1e8vcs8._.js:776
[ 7571590ms] [LOG] [Fast Refresh] done in 13ms @ http://localhost:3001/_next/static/chunks/node_modules_next_dist_1e8vcs8._.js:776
[ 7571652ms] [LOG] [Fast Refresh] done in 13ms @ http://localhost:3001/_next/static/chunks/node_modules_next_dist_1e8vcs8._.js:776
[ 7571715ms] [LOG] [Fast Refresh] done in 13ms @ http://localhost:3001/_next/static/chunks/node_modules_next_dist_1e8vcs8._.js:776
[ 7571775ms] [LOG] [Fast Refresh] done in 13ms @ http://localhost:3001/_next/static/chunks/node_modules_next_dist_1e8vcs8._.js:776
[ 7571838ms] [LOG] [Fast Refresh] done in 13ms @ http://localhost:3001/_next/static/chunks/node_modules_next_dist_1e8vcs8._.js:776
[ 7571899ms] [LOG] [Fast Refresh] done in 13ms @ http://localhost:3001/_next/static/chunks/node_modules_next_dist_1e8vcs8._.js:776
[ 7571960ms] [LOG] [Fast Refresh] done in 13ms @ http://localhost:3001/_next/static/chunks/node_modules_next_dist_1e8vcs8._.js:776
[ 7572020ms] [LOG] [Fast Refresh] done in 13ms @ http://localhost:3001/_next/static/chunks/node_modules_next_dist_1e8vcs8._.js:776
[ 7572082ms] [LOG] [Fast Refresh] done in 13ms @ http://localhost:3001/_next/static/chunks/node_modules_next_dist_1e8vcs8._.js:776
[ 7572144ms] [LOG] [Fast Refresh] done in 13ms @ http://localhost:3001/_next/static/chunks/node_modules_next_dist_1e8vcs8._.js:776
[ 7572206ms] [LOG] [Fast Refresh] done in 13ms @ http://localhost:3001/_next/static/chunks/node_modules_next_dist_1e8vcs8._.js:776
[ 7572269ms] [LOG] [Fast Refresh] done in 13ms @ http://localhost:3001/_next/static/chunks/node_modules_next_dist_1e8vcs8._.js:776
[ 7572332ms] [LOG] [Fast Refresh] done in 13ms @ http://localhost:3001/_next/static/chunks/node_modules_next_dist_1e8vcs8._.js:776
[ 7572394ms] [LOG] [Fast Refresh] done in 13ms @ http://localhost:3001/_next/static/chunks/node_modules_next_dist_1e8vcs8._.js:776
[ 7572455ms] [LOG] [Fast Refresh] done in 13ms @ http://localhost:3001/_next/static/chunks/node_modules_next_dist_1e8vcs8._.js:776
[ 7572516ms] [LOG] [Fast Refresh] done in 13ms @ http://localhost:3001/_next/static/chunks/node_modules_next_dist_1e8vcs8._.js:776
[ 7572578ms] [LOG] [Fast Refresh] done in 13ms @ http://localhost:3001/_next/static/chunks/node_modules_next_dist_1e8vcs8._.js:776
[ 7572641ms] [LOG] [Fast Refresh] done in 13ms @ http://localhost:3001/_next/static/chunks/node_modules_next_dist_1e8vcs8._.js:776
[ 7572704ms] [LOG] [Fast Refresh] done in 13ms @ http://localhost:3001/_next/static/chunks/node_modules_next_dist_1e8vcs8._.js:776
[ 7572765ms] [LOG] [Fast Refresh] done in 13ms @ http://localhost:3001/_next/static/chunks/node_modules_next_dist_1e8vcs8._.js:776
[ 7572828ms] [LOG] [Fast Refresh] done in 13ms @ http://localhost:3001/_next/static/chunks/node_modules_next_dist_1e8vcs8._.js:776
[ 7572890ms] [LOG] [Fast Refresh] done in 13ms @ http://localhost:3001/_next/static/chunks/node_modules_next_dist_1e8vcs8._.js:776
[ 7572954ms] [LOG] [Fast Refresh] done in 13ms @ http://localhost:3001/_next/static/chunks/node_modules_next_dist_1e8vcs8._.js:776
[ 7573017ms] [LOG] [Fast Refresh] done in 13ms @ http://localhost:3001/_next/static/chunks/node_modules_next_dist_1e8vcs8._.js:776
[ 7573080ms] [LOG] [Fast Refresh] done in 13ms @ http://localhost:3001/_next/static/chunks/node_modules_next_dist_1e8vcs8._.js:776
[ 7573143ms] [LOG] [Fast Refresh] done in 13ms @ http://localhost:3001/_next/static/chunks/node_modules_next_dist_1e8vcs8._.js:776
[ 7573204ms] [LOG] [Fast Refresh] done in 13ms @ http://localhost:3001/_next/static/chunks/node_modules_next_dist_1e8vcs8._.js:776
[ 7573268ms] [LOG] [Fast Refresh] done in 13ms @ http://localhost:3001/_next/static/chunks/node_modules_next_dist_1e8vcs8._.js:776
[ 7573331ms] [LOG] [Fast Refresh] done in 13ms @ http://localhost:3001/_next/static/chunks/node_modules_next_dist_1e8vcs8._.js:776
[ 7573394ms] [LOG] [Fast Refresh] done in 13ms @ http://localhost:3001/_next/static/chunks/node_modules_next_dist_1e8vcs8._.js:776
[ 7573457ms] [LOG] [Fast Refresh] done in 13ms @ http://localhost:3001/_next/static/chunks/node_modules_next_dist_1e8vcs8._.js:776
[ 7573519ms] [LOG] [Fast Refresh] done in 13ms @ http://localhost:3001/_next/static/chunks/node_modules_next_dist_1e8vcs8._.js:776
[ 7573581ms] [LOG] [Fast Refresh] done in 13ms @ http://localhost:3001/_next/static/chunks/node_modules_next_dist_1e8vcs8._.js:776
[ 7573644ms] [LOG] [Fast Refresh] done in 13ms @ http://localhost:3001/_next/static/chunks/node_modules_next_dist_1e8vcs8._.js:776
[ 7573707ms] [LOG] [Fast Refresh] done in 13ms @ http://localhost:3001/_next/static/chunks/node_modules_next_dist_1e8vcs8._.js:776
[ 7573769ms] [LOG] [Fast Refresh] done in 13ms @ http://localhost:3001/_next/static/chunks/node_modules_next_dist_1e8vcs8._.js:776
[ 7573831ms] [LOG] [Fast Refresh] done in 13ms @ http://localhost:3001/_next/static/chunks/node_modules_next_dist_1e8vcs8._.js:776
[ 7573894ms] [LOG] [Fast Refresh] done in 13ms @ http://localhost:3001/_next/static/chunks/node_modules_next_dist_1e8vcs8._.js:776
[ 7573956ms] [LOG] [Fast Refresh] done in 13ms @ http://localhost:3001/_next/static/chunks/node_modules_next_dist_1e8vcs8._.js:776
[ 7574017ms] [LOG] [Fast Refresh] done in 13ms @ http://localhost:3001/_next/static/chunks/node_modules_next_dist_1e8vcs8._.js:776
[ 7574079ms] [LOG] [Fast Refresh] done in 13ms @ http://localhost:3001/_next/static/chunks/node_modules_next_dist_1e8vcs8._.js:776
[ 7574143ms] [LOG] [Fast Refresh] done in 13ms @ http://localhost:3001/_next/static/chunks/node_modules_next_dist_1e8vcs8._.js:776
[ 7574205ms] [LOG] [Fast Refresh] done in 13ms @ http://localhost:3001/_next/static/chunks/node_modules_next_dist_1e8vcs8._.js:776
[ 7574266ms] [LOG] [Fast Refresh] done in 13ms @ http://localhost:3001/_next/static/chunks/node_modules_next_dist_1e8vcs8._.js:776
[ 7574328ms] [LOG] [Fast Refresh] done in 13ms @ http://localhost:3001/_next/static/chunks/node_modules_next_dist_1e8vcs8._.js:776
[ 7574391ms] [LOG] [Fast Refresh] done in 13ms @ http://localhost:3001/_next/static/chunks/node_modules_next_dist_1e8vcs8._.js:776
[ 7574454ms] [LOG] [Fast Refresh] done in 13ms @ http://localhost:3001/_next/static/chunks/node_modules_next_dist_1e8vcs8._.js:776
[ 7574518ms] [LOG] [Fast Refresh] done in 13ms @ http://localhost:3001/_next/static/chunks/node_modules_next_dist_1e8vcs8._.js:776
[ 7574580ms] [LOG] [Fast Refresh] done in 13ms @ http://localhost:3001/_next/static/chunks/node_modules_next_dist_1e8vcs8._.js:776
[ 7574643ms] [LOG] [Fast Refresh] done in 13ms @ http://localhost:3001/_next/static/chunks/node_modules_next_dist_1e8vcs8._.js:776
[ 7574705ms] [LOG] [Fast Refresh] done in 13ms @ http://localhost:3001/_next/static/chunks/node_modules_next_dist_1e8vcs8._.js:776
[ 7574767ms] [LOG] [Fast Refresh] done in 13ms @ http://localhost:3001/_next/static/chunks/node_modules_next_dist_1e8vcs8._.js:776
[ 7574830ms] [LOG] [Fast Refresh] done in 13ms @ http://localhost:3001/_next/static/chunks/node_modules_next_dist_1e8vcs8._.js:776
[ 7574893ms] [LOG] [Fast Refresh] done in 13ms @ http://localhost:3001/_next/static/chunks/node_modules_next_dist_1e8vcs8._.js:776
[ 7574955ms] [LOG] [Fast Refresh] done in 13ms @ http://localhost:3001/_next/static/chunks/node_modules_next_dist_1e8vcs8._.js:776
[ 7575018ms] [LOG] [Fast Refresh] done in 13ms @ http://localhost:3001/_next/static/chunks/node_modules_next_dist_1e8vcs8._.js:776
[ 7575081ms] [LOG] [Fast Refresh] done in 13ms @ http://localhost:3001/_next/static/chunks/node_modules_next_dist_1e8vcs8._.js:776
[ 7575143ms] [LOG] [Fast Refresh] done in 13ms @ http://localhost:3001/_next/static/chunks/node_modules_next_dist_1e8vcs8._.js:776
[ 7575205ms] [LOG] [Fast Refresh] done in 13ms @ http://localhost:3001/_next/static/chunks/node_modules_next_dist_1e8vcs8._.js:776
[ 7575266ms] [LOG] [Fast Refresh] done in 13ms @ http://localhost:3001/_next/static/chunks/node_modules_next_dist_1e8vcs8._.js:776
[ 7575327ms] [LOG] [Fast Refresh] done in 13ms @ http://localhost:3001/_next/static/chunks/node_modules_next_dist_1e8vcs8._.js:776
[ 7575389ms] [LOG] [Fast Refresh] done in 13ms @ http://localhost:3001/_next/static/chunks/node_modules_next_dist_1e8vcs8._.js:776
[ 7575453ms] [LOG] [Fast Refresh] done in 13ms @ http://localhost:3001/_next/static/chunks/node_modules_next_dist_1e8vcs8._.js:776
[ 7575516ms] [LOG] [Fast Refresh] done in 13ms @ http://localhost:3001/_next/static/chunks/node_modules_next_dist_1e8vcs8._.js:776
[ 7575578ms] [LOG] [Fast Refresh] done in 13ms @ http://localhost:3001/_next/static/chunks/node_modules_next_dist_1e8vcs8._.js:776
[ 7575639ms] [LOG] [Fast Refresh] done in 13ms @ http://localhost:3001/_next/static/chunks/node_modules_next_dist_1e8vcs8._.js:776
[ 7575702ms] [LOG] [Fast Refresh] done in 13ms @ http://localhost:3001/_next/static/chunks/node_modules_next_dist_1e8vcs8._.js:776
[ 7575764ms] [LOG] [Fast Refresh] done in 13ms @ http://localhost:3001/_next/static/chunks/node_modules_next_dist_1e8vcs8._.js:776
[ 7575827ms] [LOG] [Fast Refresh] done in 13ms @ http://localhost:3001/_next/static/chunks/node_modules_next_dist_1e8vcs8._.js:776
[ 7575889ms] [LOG] [Fast Refresh] done in 13ms @ http://localhost:3001/_next/static/chunks/node_modules_next_dist_1e8vcs8._.js:776
[ 7575940ms] [LOG] [Fast Refresh] done in 13ms @ http://localhost:3001/_next/static/chunks/node_modules_next_dist_1e8vcs8._.js:776
[ 7576055ms] [LOG] [Fast Refresh] rebuilding @ http://localhost:3001/_next/static/chunks/node_modules_next_dist_1e8vcs8._.js:776
[ 7576162ms] [LOG] [Fast Refresh] done in 13ms @ http://localhost:3001/_next/static/chunks/node_modules_next_dist_1e8vcs8._.js:776
[ 7576231ms] [LOG] [Fast Refresh] done in 13ms @ http://localhost:3001/_next/static/chunks/node_modules_next_dist_1e8vcs8._.js:776
[ 7582067ms] [LOG] [Fast Refresh] rebuilding @ http://localhost:3001/_next/static/chunks/node_modules_next_dist_1e8vcs8._.js:776
[ 7582332ms] [LOG] [Fast Refresh] done in 28ms @ http://localhost:3001/_next/static/chunks/node_modules_next_dist_1e8vcs8._.js:776
[ 8108602ms] [LOG] [Fast Refresh] rebuilding @ http://localhost:3001/_next/static/chunks/node_modules_next_dist_1e8vcs8._.js:776
[ 8108737ms] [LOG] [Fast Refresh] done in 239ms @ http://localhost:3001/_next/static/chunks/node_modules_next_dist_1e8vcs8._.js:776
[ 8109716ms] [LOG] [Fast Refresh] rebuilding @ http://localhost:3001/_next/static/chunks/node_modules_next_dist_1e8vcs8._.js:776
[ 8109842ms] [LOG] [Fast Refresh] done in 26ms @ http://localhost:3001/_next/static/chunks/node_modules_next_dist_1e8vcs8._.js:776
[ 8369960ms] [LOG] [Fast Refresh] rebuilding @ http://localhost:3001/_next/static/chunks/node_modules_next_dist_1e8vcs8._.js:776
[ 8370103ms] [LOG] [Fast Refresh] done in 26ms @ http://localhost:3001/_next/static/chunks/node_modules_next_dist_1e8vcs8._.js:776
[ 8371961ms] [LOG] [Fast Refresh] rebuilding @ http://localhost:3001/_next/static/chunks/node_modules_next_dist_1e8vcs8._.js:776
[ 8372130ms] [LOG] [Fast Refresh] done in 11ms @ http://localhost:3001/_next/static/chunks/node_modules_next_dist_1e8vcs8._.js:776
[ 8393776ms] [LOG] [Fast Refresh] rebuilding @ http://localhost:3001/_next/static/chunks/node_modules_next_dist_1e8vcs8._.js:776
[ 8394073ms] [LOG] [Fast Refresh] done in 88ms @ http://localhost:3001/_next/static/chunks/node_modules_next_dist_1e8vcs8._.js:776
[ 8394147ms] [LOG] [Fast Refresh] done in 88ms @ http://localhost:3001/_next/static/chunks/node_modules_next_dist_1e8vcs8._.js:776
[ 8394224ms] ReferenceError: TodayEntryPlate is not defined
    at EraSection (about://React/Server/file:///C:/Users/August/Desktop/Code/YACHATDAC/.next/dev/server/chunks/ssr/%255Broot-of-the-server%255D__0pvgtw2._.js?id=%255Bproject%255D/src/components/v2/TruthSections.tsx+%255Bapp-rsc%255D+(ecmascript)?669:861:269)
    at resolveErrorDev (http://localhost:3001/_next/static/chunks/node_modules_next_dist_compiled_react-server-dom-turbopack_164kp-6._.js:1937:150)
    at processFullStringRow (http://localhost:3001/_next/static/chunks/node_modules_next_dist_compiled_react-server-dom-turbopack_164kp-6._.js:2456:29)
    at processFullBinaryRow (http://localhost:3001/_next/static/chunks/node_modules_next_dist_compiled_react-server-dom-turbopack_164kp-6._.js:2415:9)
    at processBinaryChunk (http://localhost:3001/_next/static/chunks/node_modules_next_dist_compiled_react-server-dom-turbopack_164kp-6._.js:2524:221)
    at progress (http://localhost:3001/_next/static/chunks/node_modules_next_dist_compiled_react-server-dom-turbopack_164kp-6._.js:2711:13)
[ 8394219ms] [LOG] [Fast Refresh] done in 88ms @ http://localhost:3001/_next/static/chunks/node_modules_next_dist_1e8vcs8._.js:776
[ 8394305ms] [LOG] [Fast Refresh] done in 88ms @ http://localhost:3001/_next/static/chunks/node_modules_next_dist_1e8vcs8._.js:776
[ 8394356ms] [LOG] [Fast Refresh] done in 88ms @ http://localhost:3001/_next/static/chunks/node_modules_next_dist_1e8vcs8._.js:776
[ 8394423ms] [LOG] [Fast Refresh] done in 88ms @ http://localhost:3001/_next/static/chunks/node_modules_next_dist_1e8vcs8._.js:776
[ 8394485ms] [LOG] [Fast Refresh] done in 88ms @ http://localhost:3001/_next/static/chunks/node_modules_next_dist_1e8vcs8._.js:776
[ 8394548ms] [LOG] [Fast Refresh] done in 88ms @ http://localhost:3001/_next/static/chunks/node_modules_next_dist_1e8vcs8._.js:776
[ 8394610ms] [LOG] [Fast Refresh] done in 88ms @ http://localhost:3001/_next/static/chunks/node_modules_next_dist_1e8vcs8._.js:776
[ 8394674ms] [LOG] [Fast Refresh] done in 88ms @ http://localhost:3001/_next/static/chunks/node_modules_next_dist_1e8vcs8._.js:776
[ 8394737ms] [LOG] [Fast Refresh] done in 88ms @ http://localhost:3001/_next/static/chunks/node_modules_next_dist_1e8vcs8._.js:776
[ 8394801ms] [LOG] [Fast Refresh] done in 88ms @ http://localhost:3001/_next/static/chunks/node_modules_next_dist_1e8vcs8._.js:776
[ 8394862ms] [LOG] [Fast Refresh] done in 88ms @ http://localhost:3001/_next/static/chunks/node_modules_next_dist_1e8vcs8._.js:776
[ 8394924ms] [LOG] [Fast Refresh] done in 88ms @ http://localhost:3001/_next/static/chunks/node_modules_next_dist_1e8vcs8._.js:776
[ 8394986ms] [LOG] [Fast Refresh] done in 88ms @ http://localhost:3001/_next/static/chunks/node_modules_next_dist_1e8vcs8._.js:776
[ 8395048ms] [LOG] [Fast Refresh] done in 88ms @ http://localhost:3001/_next/static/chunks/node_modules_next_dist_1e8vcs8._.js:776
[ 8395112ms] [LOG] [Fast Refresh] done in 88ms @ http://localhost:3001/_next/static/chunks/node_modules_next_dist_1e8vcs8._.js:776
[ 8395172ms] [LOG] [Fast Refresh] done in 88ms @ http://localhost:3001/_next/static/chunks/node_modules_next_dist_1e8vcs8._.js:776
[ 8409133ms] [LOG] [Fast Refresh] rebuilding @ http://localhost:3001/_next/static/chunks/node_modules_next_dist_1e8vcs8._.js:776
[ 8409138ms] [WARNING] [Fast Refresh] performing full reload because your application had an unrecoverable error @ http://localhost:3001/_next/static/chunks/node_modules_next_dist_1e8vcs8._.js:776
[ 8409170ms] [LOG] [Fast Refresh] done in 110ms @ http://localhost:3001/_next/static/chunks/node_modules_next_dist_1e8vcs8._.js:776
[ 8409716ms] [LOG] [Fast Refresh] rebuilding @ http://localhost:3001/_next/static/chunks/node_modules_next_dist_1e8vcs8._.js:776
[ 8409777ms] [LOG] [Fast Refresh] done in 161ms @ http://localhost:3001/_next/static/chunks/node_modules_next_dist_1e8vcs8._.js:776
[ 8409876ms] [ERROR] Failed to load resource: the server responded with a status of 500 (Internal Server Error) @ http://localhost:3001/truth:0
[ 8409948ms] [ERROR] Failed to load resource: the server responded with a status of 404 (Not Found) @ http://localhost:3001/fonts/BantayogSans-ExtraBold.woff2:0
[ 8410126ms] [INFO] %cDownload the React DevTools for a better development experience: https://react.dev/link/react-devtools font-weight:bold @ http://localhost:3001/_next/static/chunks/node_modules_next_dist_1e8vcs8._.js:776
[ 8410254ms] [LOG] [HMR] connected @ http://localhost:3001/_next/static/chunks/node_modules_next_dist_1e8vcs8._.js:776
[ 8410610ms] ReferenceError: truthDeedPlateSlot is not defined
    at EraSection (about://React/Server/file:///C:/Users/August/Desktop/Code/YACHATDAC/.next/dev/server/chunks/ssr/%255Broot-of-the-server%255D__0pvgtw2._.js?id=%255Bproject%255D/src/components/v2/TruthSections.tsx+%255Bapp-rsc%255D+(ecmascript)?0:930:27)
    at resolveErrorDev (http://localhost:3001/_next/static/chunks/node_modules_next_dist_compiled_react-server-dom-turbopack_164kp-6._.js:1937:105)
    at processFullStringRow (http://localhost:3001/_next/static/chunks/node_modules_next_dist_compiled_react-server-dom-turbopack_164kp-6._.js:2456:29)
    at processFullBinaryRow (http://localhost:3001/_next/static/chunks/node_modules_next_dist_compiled_react-server-dom-turbopack_164kp-6._.js:2415:9)
    at processBinaryChunk (http://localhost:3001/_next/static/chunks/node_modules_next_dist_compiled_react-server-dom-turbopack_164kp-6._.js:2524:221)
    at progress (http://localhost:3001/_next/static/chunks/node_modules_next_dist_compiled_react-server-dom-turbopack_164kp-6._.js:2711:13)
[ 8413665ms] [WARNING] The resource http://localhost:3001/artwork/ring-a.svg was preloaded using link preload but not used within a few seconds from the window's load event. Please make sure it has an appropriate `as` value and it is preloaded intentionally. @ http://localhost:3001/truth:0
[ 8413665ms] [WARNING] The resource http://localhost:3001/artwork/ring-c.svg was preloaded using link preload but not used within a few seconds from the window's load event. Please make sure it has an appropriate `as` value and it is preloaded intentionally. @ http://localhost:3001/truth:0
[ 8413665ms] [WARNING] The resource http://localhost:3001/artwork/dots-trail-gold.svg was preloaded using link preload but not used within a few seconds from the window's load event. Please make sure it has an appropriate `as` value and it is preloaded intentionally. @ http://localhost:3001/truth:0
[ 8413665ms] [WARNING] The resource http://localhost:3001/artwork/ring-b.svg was preloaded using link preload but not used within a few seconds from the window's load event. Please make sure it has an appropriate `as` value and it is preloaded intentionally. @ http://localhost:3001/truth:0
[ 8413665ms] [WARNING] The resource http://localhost:3001/_next/static/chunks/src_app_v2_transitions_0v1bnr6.css was preloaded using link preload but not used within a few seconds from the window's load event. Please make sure it has an appropriate `as` value and it is preloaded intentionally. @ http://localhost:3001/truth:0
[ 8416604ms] [LOG] [Fast Refresh] rebuilding @ http://localhost:3001/_next/static/chunks/node_modules_next_dist_1e8vcs8._.js:776
[ 8416776ms] [LOG] [Fast Refresh] done in 16ms @ http://localhost:3001/_next/static/chunks/node_modules_next_dist_1e8vcs8._.js:776
[ 8417325ms] [ERROR] Failed to load resource: the server responded with a status of 404 (Not Found) @ http://localhost:3001/fonts/BantayogSans-ExtraBold.woff2:0
[ 8417491ms] [ERROR] Failed to load resource: the server responded with a status of 404 (Not Found) @ http://localhost:3001/fonts/BantayogSans-ExtraBold.woff2:0
[ 8417493ms] [ERROR] Failed to load resource: the server responded with a status of 404 (Not Found) @ http://localhost:3001/fonts/GoodDogPlain.woff2:0
[ 8417595ms] [INFO] %cDownload the React DevTools for a better development experience: https://react.dev/link/react-devtools font-weight:bold @ http://localhost:3001/_next/static/chunks/node_modules_next_dist_1e8vcs8._.js:776
[ 8417656ms] [LOG] [HMR] connected @ http://localhost:3001/_next/static/chunks/node_modules_next_dist_1e8vcs8._.js:776
[ 8421416ms] [WARNING] The resource http://localhost:3001/fonts/BantayogSans-ExtraBold.woff2 was preloaded using link preload but not used within a few seconds from the window's load event. Please make sure it has an appropriate `as` value and it is preloaded intentionally. @ http://localhost:3001/truth:0
[ 8436654ms] [LOG] [Fast Refresh] rebuilding @ http://localhost:3001/_next/static/chunks/node_modules_next_dist_1e8vcs8._.js:776
[ 8436781ms] [LOG] [Fast Refresh] done in 72ms @ http://localhost:3001/_next/static/chunks/node_modules_next_dist_1e8vcs8._.js:776
[ 8437142ms] [LOG] [Fast Refresh] done in 72ms @ http://localhost:3001/_next/static/chunks/node_modules_next_dist_1e8vcs8._.js:776
[ 8437227ms] [LOG] [Fast Refresh] done in 72ms @ http://localhost:3001/_next/static/chunks/node_modules_next_dist_1e8vcs8._.js:776
[ 8437294ms] [LOG] [Fast Refresh] done in 72ms @ http://localhost:3001/_next/static/chunks/node_modules_next_dist_1e8vcs8._.js:776
[ 8437353ms] [LOG] [Fast Refresh] done in 72ms @ http://localhost:3001/_next/static/chunks/node_modules_next_dist_1e8vcs8._.js:776
[ 8437414ms] [LOG] [Fast Refresh] done in 72ms @ http://localhost:3001/_next/static/chunks/node_modules_next_dist_1e8vcs8._.js:776
[ 8437472ms] [ERROR] Failed to load resource: the server responded with a status of 404 (Not Found) @ http://localhost:3001/fonts/GoodDogPlain.woff2:0
[ 8437496ms] [LOG] [Fast Refresh] done in 72ms @ http://localhost:3001/_next/static/chunks/node_modules_next_dist_1e8vcs8._.js:776
[ 8437558ms] [LOG] [Fast Refresh] done in 72ms @ http://localhost:3001/_next/static/chunks/node_modules_next_dist_1e8vcs8._.js:776
[ 8437622ms] [LOG] [Fast Refresh] done in 72ms @ http://localhost:3001/_next/static/chunks/node_modules_next_dist_1e8vcs8._.js:776
[ 8437686ms] [LOG] [Fast Refresh] done in 72ms @ http://localhost:3001/_next/static/chunks/node_modules_next_dist_1e8vcs8._.js:776
[ 8437745ms] [LOG] [Fast Refresh] done in 72ms @ http://localhost:3001/_next/static/chunks/node_modules_next_dist_1e8vcs8._.js:776
[ 8437810ms] [LOG] [Fast Refresh] done in 72ms @ http://localhost:3001/_next/static/chunks/node_modules_next_dist_1e8vcs8._.js:776
[ 8437871ms] [LOG] [Fast Refresh] done in 72ms @ http://localhost:3001/_next/static/chunks/node_modules_next_dist_1e8vcs8._.js:776
[ 8437935ms] [LOG] [Fast Refresh] done in 72ms @ http://localhost:3001/_next/static/chunks/node_modules_next_dist_1e8vcs8._.js:776
[ 8437995ms] [LOG] [Fast Refresh] done in 72ms @ http://localhost:3001/_next/static/chunks/node_modules_next_dist_1e8vcs8._.js:776
[ 8438057ms] [LOG] [Fast Refresh] done in 72ms @ http://localhost:3001/_next/static/chunks/node_modules_next_dist_1e8vcs8._.js:776
[ 8438118ms] [LOG] [Fast Refresh] done in 72ms @ http://localhost:3001/_next/static/chunks/node_modules_next_dist_1e8vcs8._.js:776
[ 8438179ms] [LOG] [Fast Refresh] done in 72ms @ http://localhost:3001/_next/static/chunks/node_modules_next_dist_1e8vcs8._.js:776
[ 8438242ms] [LOG] [Fast Refresh] done in 72ms @ http://localhost:3001/_next/static/chunks/node_modules_next_dist_1e8vcs8._.js:776
[ 8438303ms] [LOG] [Fast Refresh] done in 72ms @ http://localhost:3001/_next/static/chunks/node_modules_next_dist_1e8vcs8._.js:776
[ 8438367ms] [LOG] [Fast Refresh] done in 72ms @ http://localhost:3001/_next/static/chunks/node_modules_next_dist_1e8vcs8._.js:776
[ 8438428ms] [LOG] [Fast Refresh] done in 72ms @ http://localhost:3001/_next/static/chunks/node_modules_next_dist_1e8vcs8._.js:776
[ 8438490ms] [LOG] [Fast Refresh] done in 72ms @ http://localhost:3001/_next/static/chunks/node_modules_next_dist_1e8vcs8._.js:776
[ 8438553ms] [LOG] [Fast Refresh] done in 72ms @ http://localhost:3001/_next/static/chunks/node_modules_next_dist_1e8vcs8._.js:776
[ 8438618ms] [LOG] [Fast Refresh] done in 72ms @ http://localhost:3001/_next/static/chunks/node_modules_next_dist_1e8vcs8._.js:776
[ 8438679ms] [LOG] [Fast Refresh] done in 72ms @ http://localhost:3001/_next/static/chunks/node_modules_next_dist_1e8vcs8._.js:776
[ 8438742ms] [LOG] [Fast Refresh] done in 72ms @ http://localhost:3001/_next/static/chunks/node_modules_next_dist_1e8vcs8._.js:776
[ 8438804ms] [LOG] [Fast Refresh] done in 72ms @ http://localhost:3001/_next/static/chunks/node_modules_next_dist_1e8vcs8._.js:776
[ 8438867ms] [LOG] [Fast Refresh] done in 72ms @ http://localhost:3001/_next/static/chunks/node_modules_next_dist_1e8vcs8._.js:776
[ 8438927ms] [LOG] [Fast Refresh] done in 72ms @ http://localhost:3001/_next/static/chunks/node_modules_next_dist_1e8vcs8._.js:776
[ 8438989ms] [LOG] [Fast Refresh] done in 72ms @ http://localhost:3001/_next/static/chunks/node_modules_next_dist_1e8vcs8._.js:776
[ 8439052ms] [LOG] [Fast Refresh] done in 72ms @ http://localhost:3001/_next/static/chunks/node_modules_next_dist_1e8vcs8._.js:776
[ 8439114ms] [LOG] [Fast Refresh] done in 72ms @ http://localhost:3001/_next/static/chunks/node_modules_next_dist_1e8vcs8._.js:776
[ 8439177ms] [LOG] [Fast Refresh] done in 72ms @ http://localhost:3001/_next/static/chunks/node_modules_next_dist_1e8vcs8._.js:776
[ 8439287ms] [LOG] [Fast Refresh] done in 72ms @ http://localhost:3001/_next/static/chunks/node_modules_next_dist_1e8vcs8._.js:776
[ 8439349ms] [LOG] [Fast Refresh] done in 72ms @ http://localhost:3001/_next/static/chunks/node_modules_next_dist_1e8vcs8._.js:776
[ 8439412ms] [LOG] [Fast Refresh] done in 72ms @ http://localhost:3001/_next/static/chunks/node_modules_next_dist_1e8vcs8._.js:776
[ 8439476ms] [LOG] [Fast Refresh] done in 72ms @ http://localhost:3001/_next/static/chunks/node_modules_next_dist_1e8vcs8._.js:776
[ 8439536ms] [LOG] [Fast Refresh] done in 72ms @ http://localhost:3001/_next/static/chunks/node_modules_next_dist_1e8vcs8._.js:776
[ 8439601ms] [LOG] [Fast Refresh] done in 72ms @ http://localhost:3001/_next/static/chunks/node_modules_next_dist_1e8vcs8._.js:776
[ 8439662ms] [LOG] [Fast Refresh] done in 72ms @ http://localhost:3001/_next/static/chunks/node_modules_next_dist_1e8vcs8._.js:776
[ 8439726ms] [LOG] [Fast Refresh] done in 72ms @ http://localhost:3001/_next/static/chunks/node_modules_next_dist_1e8vcs8._.js:776
[ 8439788ms] [LOG] [Fast Refresh] done in 72ms @ http://localhost:3001/_next/static/chunks/node_modules_next_dist_1e8vcs8._.js:776
[ 8439852ms] [LOG] [Fast Refresh] done in 72ms @ http://localhost:3001/_next/static/chunks/node_modules_next_dist_1e8vcs8._.js:776
[ 8439913ms] [LOG] [Fast Refresh] done in 72ms @ http://localhost:3001/_next/static/chunks/node_modules_next_dist_1e8vcs8._.js:776
[ 8439977ms] [LOG] [Fast Refresh] done in 72ms @ http://localhost:3001/_next/static/chunks/node_modules_next_dist_1e8vcs8._.js:776
[ 8440041ms] [LOG] [Fast Refresh] done in 72ms @ http://localhost:3001/_next/static/chunks/node_modules_next_dist_1e8vcs8._.js:776
[ 8440104ms] [LOG] [Fast Refresh] done in 72ms @ http://localhost:3001/_next/static/chunks/node_modules_next_dist_1e8vcs8._.js:776
[ 8440165ms] [LOG] [Fast Refresh] done in 72ms @ http://localhost:3001/_next/static/chunks/node_modules_next_dist_1e8vcs8._.js:776
[ 8440229ms] [LOG] [Fast Refresh] done in 72ms @ http://localhost:3001/_next/static/chunks/node_modules_next_dist_1e8vcs8._.js:776
[ 8440291ms] [LOG] [Fast Refresh] done in 72ms @ http://localhost:3001/_next/static/chunks/node_modules_next_dist_1e8vcs8._.js:776
[ 8440355ms] [LOG] [Fast Refresh] done in 72ms @ http://localhost:3001/_next/static/chunks/node_modules_next_dist_1e8vcs8._.js:776
[ 8440418ms] [LOG] [Fast Refresh] done in 72ms @ http://localhost:3001/_next/static/chunks/node_modules_next_dist_1e8vcs8._.js:776
[ 8440481ms] [LOG] [Fast Refresh] done in 72ms @ http://localhost:3001/_next/static/chunks/node_modules_next_dist_1e8vcs8._.js:776
[ 8440543ms] [LOG] [Fast Refresh] done in 72ms @ http://localhost:3001/_next/static/chunks/node_modules_next_dist_1e8vcs8._.js:776
[ 8440606ms] [LOG] [Fast Refresh] done in 72ms @ http://localhost:3001/_next/static/chunks/node_modules_next_dist_1e8vcs8._.js:776
[ 8440669ms] [LOG] [Fast Refresh] done in 72ms @ http://localhost:3001/_next/static/chunks/node_modules_next_dist_1e8vcs8._.js:776
[ 8440732ms] [LOG] [Fast Refresh] done in 72ms @ http://localhost:3001/_next/static/chunks/node_modules_next_dist_1e8vcs8._.js:776
[ 8440794ms] [LOG] [Fast Refresh] done in 72ms @ http://localhost:3001/_next/static/chunks/node_modules_next_dist_1e8vcs8._.js:776
[ 8440858ms] [LOG] [Fast Refresh] done in 72ms @ http://localhost:3001/_next/static/chunks/node_modules_next_dist_1e8vcs8._.js:776
[ 8440922ms] [LOG] [Fast Refresh] done in 72ms @ http://localhost:3001/_next/static/chunks/node_modules_next_dist_1e8vcs8._.js:776
[ 8440984ms] [LOG] [Fast Refresh] done in 72ms @ http://localhost:3001/_next/static/chunks/node_modules_next_dist_1e8vcs8._.js:776
[ 8441048ms] [LOG] [Fast Refresh] done in 72ms @ http://localhost:3001/_next/static/chunks/node_modules_next_dist_1e8vcs8._.js:776
[ 8441110ms] [LOG] [Fast Refresh] done in 72ms @ http://localhost:3001/_next/static/chunks/node_modules_next_dist_1e8vcs8._.js:776
[ 8441173ms] [LOG] [Fast Refresh] done in 72ms @ http://localhost:3001/_next/static/chunks/node_modules_next_dist_1e8vcs8._.js:776
[ 8441236ms] [LOG] [Fast Refresh] done in 72ms @ http://localhost:3001/_next/static/chunks/node_modules_next_dist_1e8vcs8._.js:776
[ 8441298ms] [LOG] [Fast Refresh] done in 72ms @ http://localhost:3001/_next/static/chunks/node_modules_next_dist_1e8vcs8._.js:776
[ 8441362ms] [LOG] [Fast Refresh] done in 72ms @ http://localhost:3001/_next/static/chunks/node_modules_next_dist_1e8vcs8._.js:776
[ 8441426ms] [LOG] [Fast Refresh] done in 72ms @ http://localhost:3001/_next/static/chunks/node_modules_next_dist_1e8vcs8._.js:776
[ 8441488ms] [LOG] [Fast Refresh] done in 72ms @ http://localhost:3001/_next/static/chunks/node_modules_next_dist_1e8vcs8._.js:776
[ 8441551ms] [LOG] [Fast Refresh] done in 72ms @ http://localhost:3001/_next/static/chunks/node_modules_next_dist_1e8vcs8._.js:776
[ 8441611ms] [LOG] [Fast Refresh] done in 72ms @ http://localhost:3001/_next/static/chunks/node_modules_next_dist_1e8vcs8._.js:776
[ 8441674ms] [LOG] [Fast Refresh] done in 72ms @ http://localhost:3001/_next/static/chunks/node_modules_next_dist_1e8vcs8._.js:776
[ 8441737ms] [LOG] [Fast Refresh] done in 72ms @ http://localhost:3001/_next/static/chunks/node_modules_next_dist_1e8vcs8._.js:776
[ 8441801ms] [LOG] [Fast Refresh] done in 72ms @ http://localhost:3001/_next/static/chunks/node_modules_next_dist_1e8vcs8._.js:776
[ 8441863ms] [LOG] [Fast Refresh] done in 72ms @ http://localhost:3001/_next/static/chunks/node_modules_next_dist_1e8vcs8._.js:776
[ 8441926ms] [LOG] [Fast Refresh] done in 72ms @ http://localhost:3001/_next/static/chunks/node_modules_next_dist_1e8vcs8._.js:776
[ 8441988ms] [LOG] [Fast Refresh] done in 72ms @ http://localhost:3001/_next/static/chunks/node_modules_next_dist_1e8vcs8._.js:776
[ 8442050ms] [LOG] [Fast Refresh] done in 72ms @ http://localhost:3001/_next/static/chunks/node_modules_next_dist_1e8vcs8._.js:776
[ 8442114ms] [LOG] [Fast Refresh] done in 72ms @ http://localhost:3001/_next/static/chunks/node_modules_next_dist_1e8vcs8._.js:776
[ 8442176ms] [LOG] [Fast Refresh] done in 72ms @ http://localhost:3001/_next/static/chunks/node_modules_next_dist_1e8vcs8._.js:776
[ 8442240ms] [LOG] [Fast Refresh] done in 72ms @ http://localhost:3001/_next/static/chunks/node_modules_next_dist_1e8vcs8._.js:776
[ 8442303ms] [LOG] [Fast Refresh] done in 72ms @ http://localhost:3001/_next/static/chunks/node_modules_next_dist_1e8vcs8._.js:776
[ 8442365ms] [LOG] [Fast Refresh] done in 72ms @ http://localhost:3001/_next/static/chunks/node_modules_next_dist_1e8vcs8._.js:776
[ 8442426ms] [LOG] [Fast Refresh] done in 72ms @ http://localhost:3001/_next/static/chunks/node_modules_next_dist_1e8vcs8._.js:776
[ 8442489ms] [LOG] [Fast Refresh] done in 72ms @ http://localhost:3001/_next/static/chunks/node_modules_next_dist_1e8vcs8._.js:776
[ 8442553ms] [LOG] [Fast Refresh] done in 72ms @ http://localhost:3001/_next/static/chunks/node_modules_next_dist_1e8vcs8._.js:776
[ 8442617ms] [LOG] [Fast Refresh] done in 72ms @ http://localhost:3001/_next/static/chunks/node_modules_next_dist_1e8vcs8._.js:776
[ 8442678ms] [LOG] [Fast Refresh] done in 72ms @ http://localhost:3001/_next/static/chunks/node_modules_next_dist_1e8vcs8._.js:776
[ 8442741ms] [LOG] [Fast Refresh] done in 72ms @ http://localhost:3001/_next/static/chunks/node_modules_next_dist_1e8vcs8._.js:776
[ 8442804ms] [LOG] [Fast Refresh] done in 72ms @ http://localhost:3001/_next/static/chunks/node_modules_next_dist_1e8vcs8._.js:776
[ 8442867ms] [LOG] [Fast Refresh] done in 72ms @ http://localhost:3001/_next/static/chunks/node_modules_next_dist_1e8vcs8._.js:776
[ 8442930ms] [LOG] [Fast Refresh] done in 72ms @ http://localhost:3001/_next/static/chunks/node_modules_next_dist_1e8vcs8._.js:776
[ 8442993ms] [LOG] [Fast Refresh] done in 72ms @ http://localhost:3001/_next/static/chunks/node_modules_next_dist_1e8vcs8._.js:776
[ 8443055ms] [LOG] [Fast Refresh] done in 72ms @ http://localhost:3001/_next/static/chunks/node_modules_next_dist_1e8vcs8._.js:776
[ 8443118ms] [LOG] [Fast Refresh] done in 72ms @ http://localhost:3001/_next/static/chunks/node_modules_next_dist_1e8vcs8._.js:776
[ 8443181ms] [LOG] [Fast Refresh] done in 72ms @ http://localhost:3001/_next/static/chunks/node_modules_next_dist_1e8vcs8._.js:776
[ 8443244ms] [LOG] [Fast Refresh] done in 72ms @ http://localhost:3001/_next/static/chunks/node_modules_next_dist_1e8vcs8._.js:776
[ 8443306ms] [LOG] [Fast Refresh] done in 72ms @ http://localhost:3001/_next/static/chunks/node_modules_next_dist_1e8vcs8._.js:776
[ 8443370ms] [LOG] [Fast Refresh] done in 72ms @ http://localhost:3001/_next/static/chunks/node_modules_next_dist_1e8vcs8._.js:776
[ 8443432ms] [LOG] [Fast Refresh] done in 72ms @ http://localhost:3001/_next/static/chunks/node_modules_next_dist_1e8vcs8._.js:776
[ 8443494ms] [LOG] [Fast Refresh] done in 72ms @ http://localhost:3001/_next/static/chunks/node_modules_next_dist_1e8vcs8._.js:776
[ 8443558ms] [LOG] [Fast Refresh] done in 72ms @ http://localhost:3001/_next/static/chunks/node_modules_next_dist_1e8vcs8._.js:776
[ 8443619ms] [LOG] [Fast Refresh] done in 72ms @ http://localhost:3001/_next/static/chunks/node_modules_next_dist_1e8vcs8._.js:776
[ 8443684ms] [LOG] [Fast Refresh] done in 72ms @ http://localhost:3001/_next/static/chunks/node_modules_next_dist_1e8vcs8._.js:776
[ 8443745ms] [LOG] [Fast Refresh] done in 72ms @ http://localhost:3001/_next/static/chunks/node_modules_next_dist_1e8vcs8._.js:776
[ 8443810ms] [LOG] [Fast Refresh] done in 72ms @ http://localhost:3001/_next/static/chunks/node_modules_next_dist_1e8vcs8._.js:776
[ 8443873ms] [LOG] [Fast Refresh] done in 72ms @ http://localhost:3001/_next/static/chunks/node_modules_next_dist_1e8vcs8._.js:776
[ 8443934ms] [LOG] [Fast Refresh] done in 72ms @ http://localhost:3001/_next/static/chunks/node_modules_next_dist_1e8vcs8._.js:776
[ 8443998ms] [LOG] [Fast Refresh] done in 72ms @ http://localhost:3001/_next/static/chunks/node_modules_next_dist_1e8vcs8._.js:776
[ 8444060ms] [LOG] [Fast Refresh] done in 72ms @ http://localhost:3001/_next/static/chunks/node_modules_next_dist_1e8vcs8._.js:776
[ 8444122ms] [LOG] [Fast Refresh] done in 72ms @ http://localhost:3001/_next/static/chunks/node_modules_next_dist_1e8vcs8._.js:776
[ 8444186ms] [LOG] [Fast Refresh] done in 72ms @ http://localhost:3001/_next/static/chunks/node_modules_next_dist_1e8vcs8._.js:776
[ 8444249ms] [LOG] [Fast Refresh] done in 72ms @ http://localhost:3001/_next/static/chunks/node_modules_next_dist_1e8vcs8._.js:776
[ 8444311ms] [LOG] [Fast Refresh] done in 72ms @ http://localhost:3001/_next/static/chunks/node_modules_next_dist_1e8vcs8._.js:776
[ 8444376ms] [LOG] [Fast Refresh] done in 72ms @ http://localhost:3001/_next/static/chunks/node_modules_next_dist_1e8vcs8._.js:776
[ 8444437ms] [LOG] [Fast Refresh] done in 72ms @ http://localhost:3001/_next/static/chunks/node_modules_next_dist_1e8vcs8._.js:776
[ 8444499ms] [LOG] [Fast Refresh] done in 72ms @ http://localhost:3001/_next/static/chunks/node_modules_next_dist_1e8vcs8._.js:776
[ 8444563ms] [LOG] [Fast Refresh] done in 72ms @ http://localhost:3001/_next/static/chunks/node_modules_next_dist_1e8vcs8._.js:776
[ 8444624ms] [LOG] [Fast Refresh] done in 72ms @ http://localhost:3001/_next/static/chunks/node_modules_next_dist_1e8vcs8._.js:776
[ 8444686ms] [LOG] [Fast Refresh] done in 72ms @ http://localhost:3001/_next/static/chunks/node_modules_next_dist_1e8vcs8._.js:776
[ 8444749ms] [LOG] [Fast Refresh] done in 72ms @ http://localhost:3001/_next/static/chunks/node_modules_next_dist_1e8vcs8._.js:776
[ 8444813ms] [LOG] [Fast Refresh] done in 72ms @ http://localhost:3001/_next/static/chunks/node_modules_next_dist_1e8vcs8._.js:776
[ 8444877ms] [LOG] [Fast Refresh] done in 72ms @ http://localhost:3001/_next/static/chunks/node_modules_next_dist_1e8vcs8._.js:776
[ 8444951ms] [LOG] [Fast Refresh] done in 72ms @ http://localhost:3001/_next/static/chunks/node_modules_next_dist_1e8vcs8._.js:776
[ 8445062ms] [LOG] [Fast Refresh] rebuilding @ http://localhost:3001/_next/static/chunks/node_modules_next_dist_1e8vcs8._.js:776
[ 8445215ms] [LOG] [Fast Refresh] done in 8ms @ http://localhost:3001/_next/static/chunks/node_modules_next_dist_1e8vcs8._.js:776
[ 8445303ms] [LOG] [Fast Refresh] done in 8ms @ http://localhost:3001/_next/static/chunks/node_modules_next_dist_1e8vcs8._.js:776
[ 8735625ms] [LOG] [Fast Refresh] rebuilding @ http://localhost:3001/_next/static/chunks/node_modules_next_dist_1e8vcs8._.js:776
[ 8735878ms] [LOG] [Fast Refresh] done in 34ms @ http://localhost:3001/_next/static/chunks/node_modules_next_dist_1e8vcs8._.js:776
[ 8746028ms] [LOG] [Fast Refresh] rebuilding @ http://localhost:3001/_next/static/chunks/node_modules_next_dist_1e8vcs8._.js:776
[ 8746164ms] [LOG] [Fast Refresh] done in 63ms @ http://localhost:3001/_next/static/chunks/node_modules_next_dist_1e8vcs8._.js:776
[ 8746405ms] [LOG] [Fast Refresh] rebuilding @ http://localhost:3001/_next/static/chunks/node_modules_next_dist_1e8vcs8._.js:776
[ 8746472ms] [LOG] [Fast Refresh] done in 172ms @ http://localhost:3001/_next/static/chunks/node_modules_next_dist_1e8vcs8._.js:776
[ 8753822ms] [LOG] [Fast Refresh] rebuilding @ http://localhost:3001/_next/static/chunks/node_modules_next_dist_1e8vcs8._.js:776
[ 8753944ms] [LOG] [Fast Refresh] done in 225ms @ http://localhost:3001/_next/static/chunks/node_modules_next_dist_1e8vcs8._.js:776
[ 8763438ms] [LOG] [Fast Refresh] rebuilding @ http://localhost:3001/_next/static/chunks/node_modules_next_dist_1e8vcs8._.js:776
[ 8763549ms] [LOG] [Fast Refresh] done in 24ms @ http://localhost:3001/_next/static/chunks/node_modules_next_dist_1e8vcs8._.js:776
[ 8764652ms] [LOG] [Fast Refresh] rebuilding @ http://localhost:3001/_next/static/chunks/node_modules_next_dist_1e8vcs8._.js:776
[ 8764812ms] [LOG] [Fast Refresh] done in 50ms @ http://localhost:3001/_next/static/chunks/node_modules_next_dist_1e8vcs8._.js:776
[ 8772348ms] [LOG] [Fast Refresh] rebuilding @ http://localhost:3001/_next/static/chunks/node_modules_next_dist_1e8vcs8._.js:776
[ 8772551ms] [LOG] [Fast Refresh] done in 68ms @ http://localhost:3001/_next/static/chunks/node_modules_next_dist_1e8vcs8._.js:776
[ 9214577ms] [LOG] [Fast Refresh] rebuilding @ http://localhost:3001/_next/static/chunks/node_modules_next_dist_1e8vcs8._.js:776
[ 9214706ms] [LOG] [Fast Refresh] done in 37ms @ http://localhost:3001/_next/static/chunks/node_modules_next_dist_1e8vcs8._.js:776
[ 9477042ms] [LOG] [Fast Refresh] rebuilding @ http://localhost:3001/_next/static/chunks/node_modules_next_dist_1e8vcs8._.js:776
[ 9477590ms] [LOG] [Fast Refresh] done in 492ms @ http://localhost:3001/_next/static/chunks/node_modules_next_dist_1e8vcs8._.js:776
[ 9477843ms] [LOG] [Fast Refresh] rebuilding @ http://localhost:3001/_next/static/chunks/node_modules_next_dist_1e8vcs8._.js:776
[ 9478006ms] [LOG] [Fast Refresh] done in 268ms @ http://localhost:3001/_next/static/chunks/node_modules_next_dist_1e8vcs8._.js:776
[ 9478451ms] [WARNING] <link rel=preload> must have a valid `as` value @ http://localhost:3001/_next/static/chunks/node_modules_next_dist_compiled_react-dom_096_9a-._.js:1159
[ 9478452ms] [WARNING] <link rel=preload> must have a valid `as` value @ http://localhost:3001/_next/static/chunks/node_modules_next_dist_compiled_react-dom_096_9a-._.js:1159
[ 9478453ms] [WARNING] <link rel=preload> must have a valid `as` value @ http://localhost:3001/_next/static/chunks/node_modules_next_dist_compiled_react-dom_096_9a-._.js:1159
[ 9478453ms] [WARNING] <link rel=preload> must have a valid `as` value @ http://localhost:3001/_next/static/chunks/node_modules_next_dist_compiled_react-dom_096_9a-._.js:1159
[ 9478545ms] [ERROR] Failed to load resource: the server responded with a status of 404 (Not Found) @ http://localhost:3001/fonts/BantayogSans-ExtraBold.woff2:0
[ 9481707ms] [WARNING] The resource http://localhost:3001/fonts/BantayogSans-ExtraBold.woff2 was preloaded using link preload but not used within a few seconds from the window's load event. Please make sure it has an appropriate `as` value and it is preloaded intentionally. @ http://localhost:3001/truth:0
[ 9481707ms] [WARNING] The resource http://localhost:3001/fonts/WorkSans-Variable.woff2 was preloaded using link preload but not used within a few seconds from the window's load event. Please make sure it has an appropriate `as` value and it is preloaded intentionally. @ http://localhost:3001/truth:0
[ 9489469ms] [LOG] [Fast Refresh] rebuilding @ http://localhost:3001/_next/static/chunks/node_modules_next_dist_1e8vcs8._.js:776
[ 9489859ms] [LOG] [Fast Refresh] done in 410ms @ http://localhost:3001/_next/static/chunks/node_modules_next_dist_1e8vcs8._.js:776
[ 9489992ms] [ERROR] Failed to load resource: the server responded with a status of 404 (Not Found) @ http://localhost:3001/fonts/GoodDogPlain.woff2:0
[ 9490031ms] [ERROR] Failed to load resource: the server responded with a status of 404 (Not Found) @ http://localhost:3001/fonts/BantayogSans-ExtraBold.woff2:0
[ 9490166ms] [LOG] [Fast Refresh] done in 410ms @ http://localhost:3001/_next/static/chunks/node_modules_next_dist_1e8vcs8._.js:776
[ 9490263ms] [LOG] [Fast Refresh] done in 410ms @ http://localhost:3001/_next/static/chunks/node_modules_next_dist_1e8vcs8._.js:776
[ 9490357ms] [LOG] [Fast Refresh] done in 410ms @ http://localhost:3001/_next/static/chunks/node_modules_next_dist_1e8vcs8._.js:776
[ 9490417ms] [LOG] [Fast Refresh] done in 410ms @ http://localhost:3001/_next/static/chunks/node_modules_next_dist_1e8vcs8._.js:776
[ 9490496ms] [LOG] [Fast Refresh] done in 410ms @ http://localhost:3001/_next/static/chunks/node_modules_next_dist_1e8vcs8._.js:776
[ 9490559ms] [LOG] [Fast Refresh] done in 410ms @ http://localhost:3001/_next/static/chunks/node_modules_next_dist_1e8vcs8._.js:776
[ 9490623ms] [LOG] [Fast Refresh] done in 410ms @ http://localhost:3001/_next/static/chunks/node_modules_next_dist_1e8vcs8._.js:776
[ 9490684ms] [LOG] [Fast Refresh] done in 410ms @ http://localhost:3001/_next/static/chunks/node_modules_next_dist_1e8vcs8._.js:776
[ 9490747ms] [LOG] [Fast Refresh] done in 410ms @ http://localhost:3001/_next/static/chunks/node_modules_next_dist_1e8vcs8._.js:776
[ 9490809ms] [LOG] [Fast Refresh] done in 410ms @ http://localhost:3001/_next/static/chunks/node_modules_next_dist_1e8vcs8._.js:776
[ 9490874ms] [LOG] [Fast Refresh] done in 410ms @ http://localhost:3001/_next/static/chunks/node_modules_next_dist_1e8vcs8._.js:776
[ 9490933ms] [LOG] [Fast Refresh] done in 410ms @ http://localhost:3001/_next/static/chunks/node_modules_next_dist_1e8vcs8._.js:776
[ 9491136ms] [LOG] [Fast Refresh] rebuilding @ http://localhost:3001/_next/static/chunks/node_modules_next_dist_1e8vcs8._.js:776
[ 9491746ms] [LOG] [Fast Refresh] done in 574ms @ http://localhost:3001/_next/static/chunks/node_modules_next_dist_1e8vcs8._.js:776
[ 9491783ms] [ERROR] Failed to load resource: the server responded with a status of 404 (Not Found) @ http://localhost:3001/fonts/BantayogSans-ExtraBold.woff2:0
[ 9491787ms] [ERROR] Failed to load resource: the server responded with a status of 404 (Not Found) @ http://localhost:3001/fonts/GoodDogPlain.woff2:0
[ 9491854ms] [LOG] [Fast Refresh] done in 574ms @ http://localhost:3001/_next/static/chunks/node_modules_next_dist_1e8vcs8._.js:776
[ 9491917ms] [LOG] [Fast Refresh] done in 574ms @ http://localhost:3001/_next/static/chunks/node_modules_next_dist_1e8vcs8._.js:776
[ 9492007ms] [LOG] [Fast Refresh] done in 574ms @ http://localhost:3001/_next/static/chunks/node_modules_next_dist_1e8vcs8._.js:776
[ 9492092ms] [LOG] [Fast Refresh] done in 574ms @ http://localhost:3001/_next/static/chunks/node_modules_next_dist_1e8vcs8._.js:776
[ 9492166ms] [LOG] [Fast Refresh] done in 574ms @ http://localhost:3001/_next/static/chunks/node_modules_next_dist_1e8vcs8._.js:776
[ 9492226ms] [LOG] [Fast Refresh] done in 574ms @ http://localhost:3001/_next/static/chunks/node_modules_next_dist_1e8vcs8._.js:776
[ 9492299ms] [LOG] [Fast Refresh] done in 574ms @ http://localhost:3001/_next/static/chunks/node_modules_next_dist_1e8vcs8._.js:776
[ 9492373ms] [LOG] [Fast Refresh] done in 574ms @ http://localhost:3001/_next/static/chunks/node_modules_next_dist_1e8vcs8._.js:776
[ 9492444ms] [LOG] [Fast Refresh] done in 574ms @ http://localhost:3001/_next/static/chunks/node_modules_next_dist_1e8vcs8._.js:776
[ 9492506ms] [LOG] [Fast Refresh] done in 574ms @ http://localhost:3001/_next/static/chunks/node_modules_next_dist_1e8vcs8._.js:776
[ 9492567ms] [LOG] [Fast Refresh] done in 574ms @ http://localhost:3001/_next/static/chunks/node_modules_next_dist_1e8vcs8._.js:776
[ 9492629ms] [LOG] [Fast Refresh] done in 574ms @ http://localhost:3001/_next/static/chunks/node_modules_next_dist_1e8vcs8._.js:776
[ 9492690ms] [LOG] [Fast Refresh] done in 574ms @ http://localhost:3001/_next/static/chunks/node_modules_next_dist_1e8vcs8._.js:776
[ 9492754ms] [LOG] [Fast Refresh] done in 574ms @ http://localhost:3001/_next/static/chunks/node_modules_next_dist_1e8vcs8._.js:776
[ 9492816ms] [LOG] [Fast Refresh] done in 574ms @ http://localhost:3001/_next/static/chunks/node_modules_next_dist_1e8vcs8._.js:776
[ 9492881ms] [LOG] [Fast Refresh] done in 574ms @ http://localhost:3001/_next/static/chunks/node_modules_next_dist_1e8vcs8._.js:776
[ 9492958ms] [LOG] [Fast Refresh] done in 574ms @ http://localhost:3001/_next/static/chunks/node_modules_next_dist_1e8vcs8._.js:776
[ 9493024ms] [LOG] [Fast Refresh] done in 574ms @ http://localhost:3001/_next/static/chunks/node_modules_next_dist_1e8vcs8._.js:776
[ 9493098ms] [LOG] [Fast Refresh] done in 574ms @ http://localhost:3001/_next/static/chunks/node_modules_next_dist_1e8vcs8._.js:776
[ 9493160ms] [LOG] [Fast Refresh] done in 574ms @ http://localhost:3001/_next/static/chunks/node_modules_next_dist_1e8vcs8._.js:776
[ 9493222ms] [LOG] [Fast Refresh] done in 574ms @ http://localhost:3001/_next/static/chunks/node_modules_next_dist_1e8vcs8._.js:776
[ 9493283ms] [LOG] [Fast Refresh] done in 574ms @ http://localhost:3001/_next/static/chunks/node_modules_next_dist_1e8vcs8._.js:776
[ 9493346ms] [LOG] [Fast Refresh] done in 574ms @ http://localhost:3001/_next/static/chunks/node_modules_next_dist_1e8vcs8._.js:776
[ 9493410ms] [LOG] [Fast Refresh] done in 574ms @ http://localhost:3001/_next/static/chunks/node_modules_next_dist_1e8vcs8._.js:776
[ 9493473ms] [LOG] [Fast Refresh] done in 574ms @ http://localhost:3001/_next/static/chunks/node_modules_next_dist_1e8vcs8._.js:776
[ 9493535ms] [LOG] [Fast Refresh] done in 574ms @ http://localhost:3001/_next/static/chunks/node_modules_next_dist_1e8vcs8._.js:776
[ 9493598ms] [LOG] [Fast Refresh] done in 574ms @ http://localhost:3001/_next/static/chunks/node_modules_next_dist_1e8vcs8._.js:776
[ 9493659ms] [LOG] [Fast Refresh] done in 574ms @ http://localhost:3001/_next/static/chunks/node_modules_next_dist_1e8vcs8._.js:776
[ 9493721ms] [LOG] [Fast Refresh] done in 574ms @ http://localhost:3001/_next/static/chunks/node_modules_next_dist_1e8vcs8._.js:776
[ 9493782ms] [LOG] [Fast Refresh] done in 574ms @ http://localhost:3001/_next/static/chunks/node_modules_next_dist_1e8vcs8._.js:776
[ 9493846ms] [LOG] [Fast Refresh] done in 574ms @ http://localhost:3001/_next/static/chunks/node_modules_next_dist_1e8vcs8._.js:776
[ 9493909ms] [LOG] [Fast Refresh] done in 574ms @ http://localhost:3001/_next/static/chunks/node_modules_next_dist_1e8vcs8._.js:776
[ 9493973ms] [LOG] [Fast Refresh] done in 574ms @ http://localhost:3001/_next/static/chunks/node_modules_next_dist_1e8vcs8._.js:776
[ 9494038ms] [LOG] [Fast Refresh] done in 574ms @ http://localhost:3001/_next/static/chunks/node_modules_next_dist_1e8vcs8._.js:776
[ 9494100ms] [LOG] [Fast Refresh] done in 574ms @ http://localhost:3001/_next/static/chunks/node_modules_next_dist_1e8vcs8._.js:776
[ 9494196ms] [LOG] [Fast Refresh] done in 574ms @ http://localhost:3001/_next/static/chunks/node_modules_next_dist_1e8vcs8._.js:776
[ 9494258ms] [LOG] [Fast Refresh] done in 574ms @ http://localhost:3001/_next/static/chunks/node_modules_next_dist_1e8vcs8._.js:776
[ 9494320ms] [LOG] [Fast Refresh] done in 574ms @ http://localhost:3001/_next/static/chunks/node_modules_next_dist_1e8vcs8._.js:776
[ 9494382ms] [LOG] [Fast Refresh] done in 574ms @ http://localhost:3001/_next/static/chunks/node_modules_next_dist_1e8vcs8._.js:776
[ 9494445ms] [LOG] [Fast Refresh] done in 574ms @ http://localhost:3001/_next/static/chunks/node_modules_next_dist_1e8vcs8._.js:776
[ 9494508ms] [LOG] [Fast Refresh] done in 574ms @ http://localhost:3001/_next/static/chunks/node_modules_next_dist_1e8vcs8._.js:776
[ 9494572ms] [LOG] [Fast Refresh] done in 574ms @ http://localhost:3001/_next/static/chunks/node_modules_next_dist_1e8vcs8._.js:776
[ 9494637ms] [LOG] [Fast Refresh] done in 574ms @ http://localhost:3001/_next/static/chunks/node_modules_next_dist_1e8vcs8._.js:776
[ 9494700ms] [LOG] [Fast Refresh] done in 574ms @ http://localhost:3001/_next/static/chunks/node_modules_next_dist_1e8vcs8._.js:776
[ 9494762ms] [LOG] [Fast Refresh] done in 574ms @ http://localhost:3001/_next/static/chunks/node_modules_next_dist_1e8vcs8._.js:776
[ 9494825ms] [LOG] [Fast Refresh] done in 574ms @ http://localhost:3001/_next/static/chunks/node_modules_next_dist_1e8vcs8._.js:776
[ 9494889ms] [LOG] [Fast Refresh] done in 574ms @ http://localhost:3001/_next/static/chunks/node_modules_next_dist_1e8vcs8._.js:776
[ 9494953ms] [LOG] [Fast Refresh] done in 574ms @ http://localhost:3001/_next/static/chunks/node_modules_next_dist_1e8vcs8._.js:776
[ 9495016ms] [LOG] [Fast Refresh] done in 574ms @ http://localhost:3001/_next/static/chunks/node_modules_next_dist_1e8vcs8._.js:776
[ 9495078ms] [LOG] [Fast Refresh] done in 574ms @ http://localhost:3001/_next/static/chunks/node_modules_next_dist_1e8vcs8._.js:776
[ 9495141ms] [LOG] [Fast Refresh] done in 574ms @ http://localhost:3001/_next/static/chunks/node_modules_next_dist_1e8vcs8._.js:776
[ 9495206ms] [LOG] [Fast Refresh] done in 574ms @ http://localhost:3001/_next/static/chunks/node_modules_next_dist_1e8vcs8._.js:776
[ 9495267ms] [LOG] [Fast Refresh] done in 574ms @ http://localhost:3001/_next/static/chunks/node_modules_next_dist_1e8vcs8._.js:776
[ 9495329ms] [LOG] [Fast Refresh] done in 574ms @ http://localhost:3001/_next/static/chunks/node_modules_next_dist_1e8vcs8._.js:776
[ 9495394ms] [LOG] [Fast Refresh] done in 574ms @ http://localhost:3001/_next/static/chunks/node_modules_next_dist_1e8vcs8._.js:776
[ 9495456ms] [LOG] [Fast Refresh] done in 574ms @ http://localhost:3001/_next/static/chunks/node_modules_next_dist_1e8vcs8._.js:776
[ 9495518ms] [LOG] [Fast Refresh] done in 574ms @ http://localhost:3001/_next/static/chunks/node_modules_next_dist_1e8vcs8._.js:776
[ 9495581ms] [LOG] [Fast Refresh] done in 574ms @ http://localhost:3001/_next/static/chunks/node_modules_next_dist_1e8vcs8._.js:776
[ 9495646ms] [LOG] [Fast Refresh] done in 574ms @ http://localhost:3001/_next/static/chunks/node_modules_next_dist_1e8vcs8._.js:776
[ 9495710ms] [LOG] [Fast Refresh] done in 574ms @ http://localhost:3001/_next/static/chunks/node_modules_next_dist_1e8vcs8._.js:776
[ 9495878ms] [LOG] [Fast Refresh] done in 574ms @ http://localhost:3001/_next/static/chunks/node_modules_next_dist_1e8vcs8._.js:776
[ 9495941ms] [LOG] [Fast Refresh] done in 574ms @ http://localhost:3001/_next/static/chunks/node_modules_next_dist_1e8vcs8._.js:776
[ 9496004ms] [LOG] [Fast Refresh] done in 574ms @ http://localhost:3001/_next/static/chunks/node_modules_next_dist_1e8vcs8._.js:776
[ 9496066ms] [LOG] [Fast Refresh] done in 574ms @ http://localhost:3001/_next/static/chunks/node_modules_next_dist_1e8vcs8._.js:776
[ 9496130ms] [LOG] [Fast Refresh] done in 574ms @ http://localhost:3001/_next/static/chunks/node_modules_next_dist_1e8vcs8._.js:776
[ 9496194ms] [LOG] [Fast Refresh] done in 574ms @ http://localhost:3001/_next/static/chunks/node_modules_next_dist_1e8vcs8._.js:776
[ 9496257ms] [LOG] [Fast Refresh] done in 574ms @ http://localhost:3001/_next/static/chunks/node_modules_next_dist_1e8vcs8._.js:776
[ 9496319ms] [LOG] [Fast Refresh] done in 574ms @ http://localhost:3001/_next/static/chunks/node_modules_next_dist_1e8vcs8._.js:776
[ 9496382ms] [LOG] [Fast Refresh] done in 574ms @ http://localhost:3001/_next/static/chunks/node_modules_next_dist_1e8vcs8._.js:776
[ 9496443ms] [LOG] [Fast Refresh] done in 574ms @ http://localhost:3001/_next/static/chunks/node_modules_next_dist_1e8vcs8._.js:776
[ 9496506ms] [LOG] [Fast Refresh] done in 574ms @ http://localhost:3001/_next/static/chunks/node_modules_next_dist_1e8vcs8._.js:776
[ 9496568ms] [LOG] [Fast Refresh] done in 574ms @ http://localhost:3001/_next/static/chunks/node_modules_next_dist_1e8vcs8._.js:776
[ 9496631ms] [LOG] [Fast Refresh] done in 574ms @ http://localhost:3001/_next/static/chunks/node_modules_next_dist_1e8vcs8._.js:776
[ 9496694ms] [LOG] [Fast Refresh] done in 574ms @ http://localhost:3001/_next/static/chunks/node_modules_next_dist_1e8vcs8._.js:776
[ 9496756ms] [LOG] [Fast Refresh] done in 574ms @ http://localhost:3001/_next/static/chunks/node_modules_next_dist_1e8vcs8._.js:776
[ 9496819ms] [LOG] [Fast Refresh] done in 574ms @ http://localhost:3001/_next/static/chunks/node_modules_next_dist_1e8vcs8._.js:776
[ 9496880ms] [LOG] [Fast Refresh] done in 574ms @ http://localhost:3001/_next/static/chunks/node_modules_next_dist_1e8vcs8._.js:776
[ 9496943ms] [LOG] [Fast Refresh] done in 574ms @ http://localhost:3001/_next/static/chunks/node_modules_next_dist_1e8vcs8._.js:776
[ 9497006ms] [LOG] [Fast Refresh] done in 574ms @ http://localhost:3001/_next/static/chunks/node_modules_next_dist_1e8vcs8._.js:776
[ 9497071ms] [LOG] [Fast Refresh] done in 574ms @ http://localhost:3001/_next/static/chunks/node_modules_next_dist_1e8vcs8._.js:776
[ 9497132ms] [LOG] [Fast Refresh] done in 574ms @ http://localhost:3001/_next/static/chunks/node_modules_next_dist_1e8vcs8._.js:776
[ 9497196ms] [LOG] [Fast Refresh] done in 574ms @ http://localhost:3001/_next/static/chunks/node_modules_next_dist_1e8vcs8._.js:776
[ 9497258ms] [LOG] [Fast Refresh] done in 574ms @ http://localhost:3001/_next/static/chunks/node_modules_next_dist_1e8vcs8._.js:776
[ 9497323ms] [LOG] [Fast Refresh] done in 574ms @ http://localhost:3001/_next/static/chunks/node_modules_next_dist_1e8vcs8._.js:776
[ 9497384ms] [LOG] [Fast Refresh] done in 574ms @ http://localhost:3001/_next/static/chunks/node_modules_next_dist_1e8vcs8._.js:776
[ 9497446ms] [LOG] [Fast Refresh] done in 574ms @ http://localhost:3001/_next/static/chunks/node_modules_next_dist_1e8vcs8._.js:776
[ 9497507ms] [LOG] [Fast Refresh] done in 574ms @ http://localhost:3001/_next/static/chunks/node_modules_next_dist_1e8vcs8._.js:776
[ 9497571ms] [LOG] [Fast Refresh] done in 574ms @ http://localhost:3001/_next/static/chunks/node_modules_next_dist_1e8vcs8._.js:776
[ 9497633ms] [LOG] [Fast Refresh] done in 574ms @ http://localhost:3001/_next/static/chunks/node_modules_next_dist_1e8vcs8._.js:776
[ 9497697ms] [LOG] [Fast Refresh] done in 574ms @ http://localhost:3001/_next/static/chunks/node_modules_next_dist_1e8vcs8._.js:776
[ 9497759ms] [LOG] [Fast Refresh] done in 574ms @ http://localhost:3001/_next/static/chunks/node_modules_next_dist_1e8vcs8._.js:776
[ 9497823ms] [LOG] [Fast Refresh] done in 574ms @ http://localhost:3001/_next/static/chunks/node_modules_next_dist_1e8vcs8._.js:776
[ 9497893ms] [LOG] [Fast Refresh] done in 574ms @ http://localhost:3001/_next/static/chunks/node_modules_next_dist_1e8vcs8._.js:776
[ 9498094ms] [LOG] [Fast Refresh] done in 574ms @ http://localhost:3001/_next/static/chunks/node_modules_next_dist_1e8vcs8._.js:776
[ 9498175ms] [LOG] [Fast Refresh] done in 574ms @ http://localhost:3001/_next/static/chunks/node_modules_next_dist_1e8vcs8._.js:776
[ 9498331ms] [LOG] [Fast Refresh] done in 574ms @ http://localhost:3001/_next/static/chunks/node_modules_next_dist_1e8vcs8._.js:776
[ 9498394ms] [LOG] [Fast Refresh] done in 574ms @ http://localhost:3001/_next/static/chunks/node_modules_next_dist_1e8vcs8._.js:776
[ 9498454ms] [LOG] [Fast Refresh] done in 574ms @ http://localhost:3001/_next/static/chunks/node_modules_next_dist_1e8vcs8._.js:776
[ 9498515ms] [LOG] [Fast Refresh] done in 574ms @ http://localhost:3001/_next/static/chunks/node_modules_next_dist_1e8vcs8._.js:776
[ 9498576ms] [LOG] [Fast Refresh] done in 574ms @ http://localhost:3001/_next/static/chunks/node_modules_next_dist_1e8vcs8._.js:776
[ 9498638ms] [LOG] [Fast Refresh] done in 574ms @ http://localhost:3001/_next/static/chunks/node_modules_next_dist_1e8vcs8._.js:776
[ 9498701ms] [LOG] [Fast Refresh] done in 574ms @ http://localhost:3001/_next/static/chunks/node_modules_next_dist_1e8vcs8._.js:776
[ 9498763ms] [LOG] [Fast Refresh] done in 574ms @ http://localhost:3001/_next/static/chunks/node_modules_next_dist_1e8vcs8._.js:776
[ 9498832ms] [LOG] [Fast Refresh] done in 574ms @ http://localhost:3001/_next/static/chunks/node_modules_next_dist_1e8vcs8._.js:776
[ 9498904ms] [LOG] [Fast Refresh] done in 574ms @ http://localhost:3001/_next/static/chunks/node_modules_next_dist_1e8vcs8._.js:776
[ 9498965ms] [LOG] [Fast Refresh] done in 574ms @ http://localhost:3001/_next/static/chunks/node_modules_next_dist_1e8vcs8._.js:776
[ 9499026ms] [LOG] [Fast Refresh] done in 574ms @ http://localhost:3001/_next/static/chunks/node_modules_next_dist_1e8vcs8._.js:776
[ 9499166ms] [LOG] [Fast Refresh] done in 574ms @ http://localhost:3001/_next/static/chunks/node_modules_next_dist_1e8vcs8._.js:776
[ 9499230ms] [LOG] [Fast Refresh] done in 574ms @ http://localhost:3001/_next/static/chunks/node_modules_next_dist_1e8vcs8._.js:776
[ 9499293ms] [LOG] [Fast Refresh] done in 574ms @ http://localhost:3001/_next/static/chunks/node_modules_next_dist_1e8vcs8._.js:776
[ 9642334ms] [ERROR] Failed to load resource: the server responded with a status of 404 (Not Found) @ http://localhost:3001/fonts/BantayogSans-ExtraBold.woff2:0
[ 9642433ms] [INFO] %cDownload the React DevTools for a better development experience: https://react.dev/link/react-devtools font-weight:bold @ http://localhost:3001/_next/static/chunks/node_modules_next_dist_1e8vcs8._.js:776
[ 9642453ms] [ERROR] Failed to load resource: the server responded with a status of 404 (Not Found) @ http://localhost:3001/fonts/GoodDogPlain.woff2:0
[ 9642471ms] [LOG] [HMR] connected @ http://localhost:3001/_next/static/chunks/node_modules_next_dist_1e8vcs8._.js:776
[ 9754559ms] [LOG] [Fast Refresh] rebuilding @ http://localhost:3001/_next/static/chunks/node_modules_next_dist_1e8vcs8._.js:776
[ 9757533ms] [LOG] [Fast Refresh] done in 3069ms @ http://localhost:3001/_next/static/chunks/node_modules_next_dist_1e8vcs8._.js:776
[ 9758911ms] [LOG] [Fast Refresh] rebuilding @ http://localhost:3001/_next/static/chunks/node_modules_next_dist_1e8vcs8._.js:776
[ 9759338ms] [LOG] [Fast Refresh] done in 531ms @ http://localhost:3001/_next/static/chunks/node_modules_next_dist_1e8vcs8._.js:776
[ 9760636ms] [LOG] [Fast Refresh] rebuilding @ http://localhost:3001/_next/static/chunks/node_modules_next_dist_1e8vcs8._.js:776
[ 9760796ms] [LOG] [Fast Refresh] done in 266ms @ http://localhost:3001/_next/static/chunks/node_modules_next_dist_1e8vcs8._.js:776
[ 9801808ms] [LOG] [Fast Refresh] rebuilding @ http://localhost:3001/_next/static/chunks/node_modules_next_dist_1e8vcs8._.js:776
[ 9802478ms] [LOG] [Fast Refresh] done in 514ms @ http://localhost:3001/_next/static/chunks/node_modules_next_dist_1e8vcs8._.js:776
[ 9802969ms] [LOG] [Fast Refresh] rebuilding @ http://localhost:3001/_next/static/chunks/node_modules_next_dist_1e8vcs8._.js:776
[ 9803388ms] [LOG] [Fast Refresh] done in 520ms @ http://localhost:3001/_next/static/chunks/node_modules_next_dist_1e8vcs8._.js:776
[ 9803452ms] [ERROR] Failed to load resource: the server responded with a status of 404 (Not Found) @ http://localhost:3001/fonts/BantayogSans-ExtraBold.woff2:0
[ 9803453ms] [ERROR] Failed to load resource: the server responded with a status of 404 (Not Found) @ http://localhost:3001/fonts/GoodDogPlain.woff2:0
[ 9829521ms] [LOG] [Fast Refresh] rebuilding @ http://localhost:3001/_next/static/chunks/node_modules_next_dist_1e8vcs8._.js:776
[ 9830064ms] [LOG] [Fast Refresh] done in 137ms @ http://localhost:3001/_next/static/chunks/node_modules_next_dist_1e8vcs8._.js:776
[ 9830065ms] [LOG] [Fast Refresh] done in 137ms @ http://localhost:3001/_next/static/chunks/node_modules_next_dist_1e8vcs8._.js:776
[ 9830207ms] [LOG] [Fast Refresh] done in 137ms @ http://localhost:3001/_next/static/chunks/node_modules_next_dist_1e8vcs8._.js:776
[ 9830240ms] [ERROR] Failed to load resource: the server responded with a status of 404 (Not Found) @ http://localhost:3001/fonts/BantayogSans-ExtraBold.woff2:0
[ 9830244ms] [ERROR] Failed to load resource: the server responded with a status of 404 (Not Found) @ http://localhost:3001/fonts/GoodDogPlain.woff2:0
[ 9830341ms] [LOG] [Fast Refresh] done in 137ms @ http://localhost:3001/_next/static/chunks/node_modules_next_dist_1e8vcs8._.js:776
[ 9830550ms] [LOG] [Fast Refresh] done in 137ms @ http://localhost:3001/_next/static/chunks/node_modules_next_dist_1e8vcs8._.js:776
[ 9830623ms] [LOG] [Fast Refresh] done in 137ms @ http://localhost:3001/_next/static/chunks/node_modules_next_dist_1e8vcs8._.js:776
[ 9830685ms] [LOG] [Fast Refresh] done in 137ms @ http://localhost:3001/_next/static/chunks/node_modules_next_dist_1e8vcs8._.js:776
[ 9830750ms] [LOG] [Fast Refresh] done in 137ms @ http://localhost:3001/_next/static/chunks/node_modules_next_dist_1e8vcs8._.js:776
[ 9830811ms] [LOG] [Fast Refresh] done in 137ms @ http://localhost:3001/_next/static/chunks/node_modules_next_dist_1e8vcs8._.js:776
[ 9830949ms] [LOG] [Fast Refresh] done in 137ms @ http://localhost:3001/_next/static/chunks/node_modules_next_dist_1e8vcs8._.js:776
[ 9831025ms] [LOG] [Fast Refresh] done in 137ms @ http://localhost:3001/_next/static/chunks/node_modules_next_dist_1e8vcs8._.js:776
[ 9831086ms] [LOG] [Fast Refresh] done in 137ms @ http://localhost:3001/_next/static/chunks/node_modules_next_dist_1e8vcs8._.js:776
[ 9831148ms] [LOG] [Fast Refresh] done in 137ms @ http://localhost:3001/_next/static/chunks/node_modules_next_dist_1e8vcs8._.js:776
[ 9831209ms] [LOG] [Fast Refresh] done in 137ms @ http://localhost:3001/_next/static/chunks/node_modules_next_dist_1e8vcs8._.js:776
[ 9831270ms] [LOG] [Fast Refresh] done in 137ms @ http://localhost:3001/_next/static/chunks/node_modules_next_dist_1e8vcs8._.js:776
[ 9831333ms] [LOG] [Fast Refresh] done in 137ms @ http://localhost:3001/_next/static/chunks/node_modules_next_dist_1e8vcs8._.js:776
[ 9831396ms] [LOG] [Fast Refresh] done in 137ms @ http://localhost:3001/_next/static/chunks/node_modules_next_dist_1e8vcs8._.js:776
[ 9831458ms] [LOG] [Fast Refresh] done in 137ms @ http://localhost:3001/_next/static/chunks/node_modules_next_dist_1e8vcs8._.js:776
[ 9831520ms] [LOG] [Fast Refresh] done in 137ms @ http://localhost:3001/_next/static/chunks/node_modules_next_dist_1e8vcs8._.js:776
[ 9831582ms] [LOG] [Fast Refresh] done in 137ms @ http://localhost:3001/_next/static/chunks/node_modules_next_dist_1e8vcs8._.js:776
[ 9831645ms] [LOG] [Fast Refresh] done in 137ms @ http://localhost:3001/_next/static/chunks/node_modules_next_dist_1e8vcs8._.js:776
[ 9831707ms] [LOG] [Fast Refresh] done in 137ms @ http://localhost:3001/_next/static/chunks/node_modules_next_dist_1e8vcs8._.js:776
[ 9831770ms] [LOG] [Fast Refresh] done in 137ms @ http://localhost:3001/_next/static/chunks/node_modules_next_dist_1e8vcs8._.js:776
[ 9831832ms] [LOG] [Fast Refresh] done in 137ms @ http://localhost:3001/_next/static/chunks/node_modules_next_dist_1e8vcs8._.js:776
[ 9831895ms] [LOG] [Fast Refresh] done in 137ms @ http://localhost:3001/_next/static/chunks/node_modules_next_dist_1e8vcs8._.js:776
[ 9831958ms] [LOG] [Fast Refresh] done in 137ms @ http://localhost:3001/_next/static/chunks/node_modules_next_dist_1e8vcs8._.js:776
[ 9832019ms] [LOG] [Fast Refresh] done in 137ms @ http://localhost:3001/_next/static/chunks/node_modules_next_dist_1e8vcs8._.js:776
[ 9832081ms] [LOG] [Fast Refresh] done in 137ms @ http://localhost:3001/_next/static/chunks/node_modules_next_dist_1e8vcs8._.js:776
[ 9832143ms] [LOG] [Fast Refresh] done in 137ms @ http://localhost:3001/_next/static/chunks/node_modules_next_dist_1e8vcs8._.js:776
[ 9832206ms] [LOG] [Fast Refresh] done in 137ms @ http://localhost:3001/_next/static/chunks/node_modules_next_dist_1e8vcs8._.js:776
[ 9832268ms] [LOG] [Fast Refresh] done in 137ms @ http://localhost:3001/_next/static/chunks/node_modules_next_dist_1e8vcs8._.js:776
[ 9832329ms] [LOG] [Fast Refresh] done in 137ms @ http://localhost:3001/_next/static/chunks/node_modules_next_dist_1e8vcs8._.js:776
[ 9832390ms] [LOG] [Fast Refresh] done in 137ms @ http://localhost:3001/_next/static/chunks/node_modules_next_dist_1e8vcs8._.js:776
[ 9832455ms] [LOG] [Fast Refresh] done in 137ms @ http://localhost:3001/_next/static/chunks/node_modules_next_dist_1e8vcs8._.js:776
[ 9832517ms] [LOG] [Fast Refresh] done in 137ms @ http://localhost:3001/_next/static/chunks/node_modules_next_dist_1e8vcs8._.js:776
[ 9832581ms] [LOG] [Fast Refresh] done in 137ms @ http://localhost:3001/_next/static/chunks/node_modules_next_dist_1e8vcs8._.js:776
[ 9832644ms] [LOG] [Fast Refresh] done in 137ms @ http://localhost:3001/_next/static/chunks/node_modules_next_dist_1e8vcs8._.js:776
[ 9832708ms] [LOG] [Fast Refresh] done in 137ms @ http://localhost:3001/_next/static/chunks/node_modules_next_dist_1e8vcs8._.js:776
[ 9832770ms] [LOG] [Fast Refresh] done in 137ms @ http://localhost:3001/_next/static/chunks/node_modules_next_dist_1e8vcs8._.js:776
[ 9832831ms] [LOG] [Fast Refresh] done in 137ms @ http://localhost:3001/_next/static/chunks/node_modules_next_dist_1e8vcs8._.js:776
[ 9832895ms] [LOG] [Fast Refresh] done in 137ms @ http://localhost:3001/_next/static/chunks/node_modules_next_dist_1e8vcs8._.js:776
[ 9832957ms] [LOG] [Fast Refresh] done in 137ms @ http://localhost:3001/_next/static/chunks/node_modules_next_dist_1e8vcs8._.js:776
[ 9833019ms] [LOG] [Fast Refresh] done in 137ms @ http://localhost:3001/_next/static/chunks/node_modules_next_dist_1e8vcs8._.js:776
[ 9833083ms] [LOG] [Fast Refresh] done in 137ms @ http://localhost:3001/_next/static/chunks/node_modules_next_dist_1e8vcs8._.js:776
[ 9833145ms] [LOG] [Fast Refresh] done in 137ms @ http://localhost:3001/_next/static/chunks/node_modules_next_dist_1e8vcs8._.js:776
[ 9833208ms] [LOG] [Fast Refresh] done in 137ms @ http://localhost:3001/_next/static/chunks/node_modules_next_dist_1e8vcs8._.js:776
[ 9833270ms] [LOG] [Fast Refresh] done in 137ms @ http://localhost:3001/_next/static/chunks/node_modules_next_dist_1e8vcs8._.js:776
[ 9833332ms] [LOG] [Fast Refresh] done in 137ms @ http://localhost:3001/_next/static/chunks/node_modules_next_dist_1e8vcs8._.js:776
[ 9833396ms] [LOG] [Fast Refresh] done in 137ms @ http://localhost:3001/_next/static/chunks/node_modules_next_dist_1e8vcs8._.js:776
[ 9833458ms] [LOG] [Fast Refresh] done in 137ms @ http://localhost:3001/_next/static/chunks/node_modules_next_dist_1e8vcs8._.js:776
[ 9833520ms] [LOG] [Fast Refresh] done in 137ms @ http://localhost:3001/_next/static/chunks/node_modules_next_dist_1e8vcs8._.js:776
[ 9833582ms] [LOG] [Fast Refresh] done in 137ms @ http://localhost:3001/_next/static/chunks/node_modules_next_dist_1e8vcs8._.js:776
[ 9833643ms] [LOG] [Fast Refresh] done in 137ms @ http://localhost:3001/_next/static/chunks/node_modules_next_dist_1e8vcs8._.js:776
[ 9833707ms] [LOG] [Fast Refresh] done in 137ms @ http://localhost:3001/_next/static/chunks/node_modules_next_dist_1e8vcs8._.js:776
[ 9833770ms] [LOG] [Fast Refresh] done in 137ms @ http://localhost:3001/_next/static/chunks/node_modules_next_dist_1e8vcs8._.js:776
[ 9833832ms] [LOG] [Fast Refresh] done in 137ms @ http://localhost:3001/_next/static/chunks/node_modules_next_dist_1e8vcs8._.js:776
[ 9833895ms] [LOG] [Fast Refresh] done in 137ms @ http://localhost:3001/_next/static/chunks/node_modules_next_dist_1e8vcs8._.js:776
[ 9833958ms] [LOG] [Fast Refresh] done in 137ms @ http://localhost:3001/_next/static/chunks/node_modules_next_dist_1e8vcs8._.js:776
[ 9834020ms] [LOG] [Fast Refresh] done in 137ms @ http://localhost:3001/_next/static/chunks/node_modules_next_dist_1e8vcs8._.js:776
[ 9834082ms] [LOG] [Fast Refresh] done in 137ms @ http://localhost:3001/_next/static/chunks/node_modules_next_dist_1e8vcs8._.js:776
[ 9834145ms] [LOG] [Fast Refresh] done in 137ms @ http://localhost:3001/_next/static/chunks/node_modules_next_dist_1e8vcs8._.js:776
[ 9834208ms] [LOG] [Fast Refresh] done in 137ms @ http://localhost:3001/_next/static/chunks/node_modules_next_dist_1e8vcs8._.js:776
[ 9834270ms] [LOG] [Fast Refresh] done in 137ms @ http://localhost:3001/_next/static/chunks/node_modules_next_dist_1e8vcs8._.js:776
[ 9834333ms] [LOG] [Fast Refresh] done in 137ms @ http://localhost:3001/_next/static/chunks/node_modules_next_dist_1e8vcs8._.js:776
[ 9834397ms] [LOG] [Fast Refresh] done in 137ms @ http://localhost:3001/_next/static/chunks/node_modules_next_dist_1e8vcs8._.js:776
[ 9834458ms] [LOG] [Fast Refresh] done in 137ms @ http://localhost:3001/_next/static/chunks/node_modules_next_dist_1e8vcs8._.js:776
[ 9834520ms] [LOG] [Fast Refresh] done in 137ms @ http://localhost:3001/_next/static/chunks/node_modules_next_dist_1e8vcs8._.js:776
[ 9834582ms] [LOG] [Fast Refresh] done in 137ms @ http://localhost:3001/_next/static/chunks/node_modules_next_dist_1e8vcs8._.js:776
[ 9834645ms] [LOG] [Fast Refresh] done in 137ms @ http://localhost:3001/_next/static/chunks/node_modules_next_dist_1e8vcs8._.js:776
[ 9834707ms] [LOG] [Fast Refresh] done in 137ms @ http://localhost:3001/_next/static/chunks/node_modules_next_dist_1e8vcs8._.js:776
[ 9834769ms] [LOG] [Fast Refresh] done in 137ms @ http://localhost:3001/_next/static/chunks/node_modules_next_dist_1e8vcs8._.js:776
[ 9834833ms] [LOG] [Fast Refresh] done in 137ms @ http://localhost:3001/_next/static/chunks/node_modules_next_dist_1e8vcs8._.js:776
[ 9834892ms] [LOG] [Fast Refresh] done in 137ms @ http://localhost:3001/_next/static/chunks/node_modules_next_dist_1e8vcs8._.js:776
[ 9834954ms] [LOG] [Fast Refresh] done in 137ms @ http://localhost:3001/_next/static/chunks/node_modules_next_dist_1e8vcs8._.js:776
[ 9835016ms] [LOG] [Fast Refresh] done in 137ms @ http://localhost:3001/_next/static/chunks/node_modules_next_dist_1e8vcs8._.js:776
[ 9835079ms] [LOG] [Fast Refresh] done in 137ms @ http://localhost:3001/_next/static/chunks/node_modules_next_dist_1e8vcs8._.js:776
[ 9835143ms] [LOG] [Fast Refresh] done in 137ms @ http://localhost:3001/_next/static/chunks/node_modules_next_dist_1e8vcs8._.js:776
[ 9835206ms] [LOG] [Fast Refresh] done in 137ms @ http://localhost:3001/_next/static/chunks/node_modules_next_dist_1e8vcs8._.js:776
[ 9835268ms] [LOG] [Fast Refresh] done in 137ms @ http://localhost:3001/_next/static/chunks/node_modules_next_dist_1e8vcs8._.js:776
[ 9835331ms] [LOG] [Fast Refresh] done in 137ms @ http://localhost:3001/_next/static/chunks/node_modules_next_dist_1e8vcs8._.js:776
[ 9835392ms] [LOG] [Fast Refresh] done in 137ms @ http://localhost:3001/_next/static/chunks/node_modules_next_dist_1e8vcs8._.js:776
[ 9835455ms] [LOG] [Fast Refresh] done in 137ms @ http://localhost:3001/_next/static/chunks/node_modules_next_dist_1e8vcs8._.js:776
[ 9835532ms] [LOG] [Fast Refresh] done in 137ms @ http://localhost:3001/_next/static/chunks/node_modules_next_dist_1e8vcs8._.js:776
[ 9835595ms] [LOG] [Fast Refresh] done in 137ms @ http://localhost:3001/_next/static/chunks/node_modules_next_dist_1e8vcs8._.js:776
[ 9835658ms] [LOG] [Fast Refresh] done in 137ms @ http://localhost:3001/_next/static/chunks/node_modules_next_dist_1e8vcs8._.js:776
[ 9835722ms] [LOG] [Fast Refresh] done in 137ms @ http://localhost:3001/_next/static/chunks/node_modules_next_dist_1e8vcs8._.js:776
[ 9835783ms] [LOG] [Fast Refresh] done in 137ms @ http://localhost:3001/_next/static/chunks/node_modules_next_dist_1e8vcs8._.js:776
[ 9835845ms] [LOG] [Fast Refresh] done in 137ms @ http://localhost:3001/_next/static/chunks/node_modules_next_dist_1e8vcs8._.js:776
[ 9835908ms] [LOG] [Fast Refresh] done in 137ms @ http://localhost:3001/_next/static/chunks/node_modules_next_dist_1e8vcs8._.js:776
[ 9835970ms] [LOG] [Fast Refresh] done in 137ms @ http://localhost:3001/_next/static/chunks/node_modules_next_dist_1e8vcs8._.js:776
[ 9836033ms] [LOG] [Fast Refresh] done in 137ms @ http://localhost:3001/_next/static/chunks/node_modules_next_dist_1e8vcs8._.js:776
[ 9836094ms] [LOG] [Fast Refresh] done in 137ms @ http://localhost:3001/_next/static/chunks/node_modules_next_dist_1e8vcs8._.js:776
[ 9836155ms] [LOG] [Fast Refresh] done in 137ms @ http://localhost:3001/_next/static/chunks/node_modules_next_dist_1e8vcs8._.js:776
[ 9836217ms] [LOG] [Fast Refresh] done in 137ms @ http://localhost:3001/_next/static/chunks/node_modules_next_dist_1e8vcs8._.js:776
[ 9836280ms] [LOG] [Fast Refresh] done in 137ms @ http://localhost:3001/_next/static/chunks/node_modules_next_dist_1e8vcs8._.js:776
[ 9836342ms] [LOG] [Fast Refresh] done in 137ms @ http://localhost:3001/_next/static/chunks/node_modules_next_dist_1e8vcs8._.js:776
[ 9836404ms] [LOG] [Fast Refresh] done in 137ms @ http://localhost:3001/_next/static/chunks/node_modules_next_dist_1e8vcs8._.js:776
[ 9836467ms] [LOG] [Fast Refresh] done in 137ms @ http://localhost:3001/_next/static/chunks/node_modules_next_dist_1e8vcs8._.js:776
[ 9836529ms] [LOG] [Fast Refresh] done in 137ms @ http://localhost:3001/_next/static/chunks/node_modules_next_dist_1e8vcs8._.js:776
[ 9836591ms] [LOG] [Fast Refresh] done in 137ms @ http://localhost:3001/_next/static/chunks/node_modules_next_dist_1e8vcs8._.js:776
[ 9836653ms] [LOG] [Fast Refresh] done in 137ms @ http://localhost:3001/_next/static/chunks/node_modules_next_dist_1e8vcs8._.js:776
[ 9836714ms] [LOG] [Fast Refresh] done in 137ms @ http://localhost:3001/_next/static/chunks/node_modules_next_dist_1e8vcs8._.js:776
[ 9836777ms] [LOG] [Fast Refresh] done in 137ms @ http://localhost:3001/_next/static/chunks/node_modules_next_dist_1e8vcs8._.js:776
[ 9836840ms] [LOG] [Fast Refresh] done in 137ms @ http://localhost:3001/_next/static/chunks/node_modules_next_dist_1e8vcs8._.js:776
[ 9836902ms] [LOG] [Fast Refresh] done in 137ms @ http://localhost:3001/_next/static/chunks/node_modules_next_dist_1e8vcs8._.js:776
[ 9836964ms] [LOG] [Fast Refresh] done in 137ms @ http://localhost:3001/_next/static/chunks/node_modules_next_dist_1e8vcs8._.js:776
[ 9837027ms] [LOG] [Fast Refresh] done in 137ms @ http://localhost:3001/_next/static/chunks/node_modules_next_dist_1e8vcs8._.js:776
[ 9837090ms] [LOG] [Fast Refresh] done in 137ms @ http://localhost:3001/_next/static/chunks/node_modules_next_dist_1e8vcs8._.js:776
[ 9837152ms] [LOG] [Fast Refresh] done in 137ms @ http://localhost:3001/_next/static/chunks/node_modules_next_dist_1e8vcs8._.js:776
[ 9837214ms] [LOG] [Fast Refresh] done in 137ms @ http://localhost:3001/_next/static/chunks/node_modules_next_dist_1e8vcs8._.js:776
[ 9837276ms] [LOG] [Fast Refresh] done in 137ms @ http://localhost:3001/_next/static/chunks/node_modules_next_dist_1e8vcs8._.js:776
[ 9837340ms] [LOG] [Fast Refresh] done in 137ms @ http://localhost:3001/_next/static/chunks/node_modules_next_dist_1e8vcs8._.js:776
[ 9837401ms] [LOG] [Fast Refresh] done in 137ms @ http://localhost:3001/_next/static/chunks/node_modules_next_dist_1e8vcs8._.js:776
[ 9837465ms] [LOG] [Fast Refresh] done in 137ms @ http://localhost:3001/_next/static/chunks/node_modules_next_dist_1e8vcs8._.js:776
[ 9837527ms] [LOG] [Fast Refresh] done in 137ms @ http://localhost:3001/_next/static/chunks/node_modules_next_dist_1e8vcs8._.js:776
[ 9837590ms] [LOG] [Fast Refresh] done in 137ms @ http://localhost:3001/_next/static/chunks/node_modules_next_dist_1e8vcs8._.js:776
[ 9837652ms] [LOG] [Fast Refresh] done in 137ms @ http://localhost:3001/_next/static/chunks/node_modules_next_dist_1e8vcs8._.js:776
[ 9837715ms] [LOG] [Fast Refresh] done in 137ms @ http://localhost:3001/_next/static/chunks/node_modules_next_dist_1e8vcs8._.js:776
[ 9837778ms] [LOG] [Fast Refresh] done in 137ms @ http://localhost:3001/_next/static/chunks/node_modules_next_dist_1e8vcs8._.js:776
[ 9837840ms] [LOG] [Fast Refresh] done in 137ms @ http://localhost:3001/_next/static/chunks/node_modules_next_dist_1e8vcs8._.js:776
[ 9837903ms] [LOG] [Fast Refresh] done in 137ms @ http://localhost:3001/_next/static/chunks/node_modules_next_dist_1e8vcs8._.js:776
[ 9837965ms] [LOG] [Fast Refresh] done in 137ms @ http://localhost:3001/_next/static/chunks/node_modules_next_dist_1e8vcs8._.js:776
[ 9838026ms] [LOG] [Fast Refresh] done in 137ms @ http://localhost:3001/_next/static/chunks/node_modules_next_dist_1e8vcs8._.js:776
[ 9838089ms] [LOG] [Fast Refresh] done in 137ms @ http://localhost:3001/_next/static/chunks/node_modules_next_dist_1e8vcs8._.js:776
[ 9838152ms] [LOG] [Fast Refresh] done in 137ms @ http://localhost:3001/_next/static/chunks/node_modules_next_dist_1e8vcs8._.js:776
[ 9838214ms] [LOG] [Fast Refresh] done in 137ms @ http://localhost:3001/_next/static/chunks/node_modules_next_dist_1e8vcs8._.js:776
[ 9838275ms] [LOG] [Fast Refresh] done in 137ms @ http://localhost:3001/_next/static/chunks/node_modules_next_dist_1e8vcs8._.js:776
[ 9838339ms] [LOG] [Fast Refresh] done in 137ms @ http://localhost:3001/_next/static/chunks/node_modules_next_dist_1e8vcs8._.js:776
[ 9838401ms] [LOG] [Fast Refresh] done in 137ms @ http://localhost:3001/_next/static/chunks/node_modules_next_dist_1e8vcs8._.js:776
[ 9838464ms] [LOG] [Fast Refresh] done in 137ms @ http://localhost:3001/_next/static/chunks/node_modules_next_dist_1e8vcs8._.js:776
[ 9838526ms] [LOG] [Fast Refresh] done in 137ms @ http://localhost:3001/_next/static/chunks/node_modules_next_dist_1e8vcs8._.js:776
[ 9838589ms] [LOG] [Fast Refresh] done in 137ms @ http://localhost:3001/_next/static/chunks/node_modules_next_dist_1e8vcs8._.js:776
[ 9838650ms] [LOG] [Fast Refresh] done in 137ms @ http://localhost:3001/_next/static/chunks/node_modules_next_dist_1e8vcs8._.js:776
[ 9838712ms] [LOG] [Fast Refresh] done in 137ms @ http://localhost:3001/_next/static/chunks/node_modules_next_dist_1e8vcs8._.js:776
[ 9838774ms] [LOG] [Fast Refresh] done in 137ms @ http://localhost:3001/_next/static/chunks/node_modules_next_dist_1e8vcs8._.js:776
[ 9838837ms] [LOG] [Fast Refresh] done in 137ms @ http://localhost:3001/_next/static/chunks/node_modules_next_dist_1e8vcs8._.js:776
[ 9839051ms] [LOG] [Fast Refresh] rebuilding @ http://localhost:3001/_next/static/chunks/node_modules_next_dist_1e8vcs8._.js:776
[ 9839224ms] [LOG] [Fast Refresh] done in 72ms @ http://localhost:3001/_next/static/chunks/node_modules_next_dist_1e8vcs8._.js:776
[ 9841034ms] [LOG] [Fast Refresh] rebuilding @ http://localhost:3001/_next/static/chunks/node_modules_next_dist_1e8vcs8._.js:776
[ 9841170ms] [LOG] [Fast Refresh] done in 45ms @ http://localhost:3001/_next/static/chunks/node_modules_next_dist_1e8vcs8._.js:776
[ 9841415ms] [LOG] [Fast Refresh] rebuilding @ http://localhost:3001/_next/static/chunks/node_modules_next_dist_1e8vcs8._.js:776
[ 9841501ms] [LOG] [Fast Refresh] done in 188ms @ http://localhost:3001/_next/static/chunks/node_modules_next_dist_1e8vcs8._.js:776
[ 9842190ms] [LOG] [Fast Refresh] rebuilding @ http://localhost:3001/_next/static/chunks/node_modules_next_dist_1e8vcs8._.js:776
[ 9842328ms] [LOG] [Fast Refresh] done in 64ms @ http://localhost:3001/_next/static/chunks/node_modules_next_dist_1e8vcs8._.js:776
[ 9855339ms] [LOG] [Fast Refresh] rebuilding @ http://localhost:3001/_next/static/chunks/node_modules_next_dist_1e8vcs8._.js:776
[ 9855539ms] [LOG] [Fast Refresh] done in 106ms @ http://localhost:3001/_next/static/chunks/node_modules_next_dist_1e8vcs8._.js:776
[ 9855921ms] [LOG] [Fast Refresh] done in 106ms @ http://localhost:3001/_next/static/chunks/node_modules_next_dist_1e8vcs8._.js:776
[ 9855931ms] [ERROR] Failed to load resource: the server responded with a status of 404 (Not Found) @ http://localhost:3001/fonts/BantayogSans-ExtraBold.woff2:0
[ 9855937ms] [ERROR] Failed to load resource: the server responded with a status of 404 (Not Found) @ http://localhost:3001/fonts/GoodDogPlain.woff2:0
[ 9856013ms] [LOG] [Fast Refresh] done in 106ms @ http://localhost:3001/_next/static/chunks/node_modules_next_dist_1e8vcs8._.js:776
[ 9856084ms] [LOG] [Fast Refresh] done in 106ms @ http://localhost:3001/_next/static/chunks/node_modules_next_dist_1e8vcs8._.js:776
[ 9856143ms] [LOG] [Fast Refresh] done in 106ms @ http://localhost:3001/_next/static/chunks/node_modules_next_dist_1e8vcs8._.js:776
[ 9856204ms] [LOG] [Fast Refresh] done in 106ms @ http://localhost:3001/_next/static/chunks/node_modules_next_dist_1e8vcs8._.js:776
[ 9856274ms] [LOG] [Fast Refresh] done in 106ms @ http://localhost:3001/_next/static/chunks/node_modules_next_dist_1e8vcs8._.js:776
[ 9856343ms] [LOG] [Fast Refresh] done in 106ms @ http://localhost:3001/_next/static/chunks/node_modules_next_dist_1e8vcs8._.js:776
[ 9856407ms] [LOG] [Fast Refresh] done in 106ms @ http://localhost:3001/_next/static/chunks/node_modules_next_dist_1e8vcs8._.js:776
[ 9856470ms] [LOG] [Fast Refresh] done in 106ms @ http://localhost:3001/_next/static/chunks/node_modules_next_dist_1e8vcs8._.js:776
[ 9856534ms] [LOG] [Fast Refresh] done in 106ms @ http://localhost:3001/_next/static/chunks/node_modules_next_dist_1e8vcs8._.js:776
[ 9856594ms] [LOG] [Fast Refresh] done in 106ms @ http://localhost:3001/_next/static/chunks/node_modules_next_dist_1e8vcs8._.js:776
[ 9856661ms] [LOG] [Fast Refresh] done in 106ms @ http://localhost:3001/_next/static/chunks/node_modules_next_dist_1e8vcs8._.js:776
[ 9856732ms] [LOG] [Fast Refresh] done in 106ms @ http://localhost:3001/_next/static/chunks/node_modules_next_dist_1e8vcs8._.js:776
[ 9856794ms] [LOG] [Fast Refresh] done in 106ms @ http://localhost:3001/_next/static/chunks/node_modules_next_dist_1e8vcs8._.js:776
[ 9856857ms] [LOG] [Fast Refresh] done in 106ms @ http://localhost:3001/_next/static/chunks/node_modules_next_dist_1e8vcs8._.js:776
[ 9856920ms] [LOG] [Fast Refresh] done in 106ms @ http://localhost:3001/_next/static/chunks/node_modules_next_dist_1e8vcs8._.js:776
[ 9856980ms] [LOG] [Fast Refresh] done in 106ms @ http://localhost:3001/_next/static/chunks/node_modules_next_dist_1e8vcs8._.js:776
[ 9857042ms] [LOG] [Fast Refresh] done in 106ms @ http://localhost:3001/_next/static/chunks/node_modules_next_dist_1e8vcs8._.js:776
[ 9857102ms] [LOG] [Fast Refresh] done in 106ms @ http://localhost:3001/_next/static/chunks/node_modules_next_dist_1e8vcs8._.js:776
[ 9857165ms] [LOG] [Fast Refresh] done in 106ms @ http://localhost:3001/_next/static/chunks/node_modules_next_dist_1e8vcs8._.js:776
[ 9857227ms] [LOG] [Fast Refresh] done in 106ms @ http://localhost:3001/_next/static/chunks/node_modules_next_dist_1e8vcs8._.js:776
[ 9857288ms] [LOG] [Fast Refresh] done in 106ms @ http://localhost:3001/_next/static/chunks/node_modules_next_dist_1e8vcs8._.js:776
[ 9857351ms] [LOG] [Fast Refresh] done in 106ms @ http://localhost:3001/_next/static/chunks/node_modules_next_dist_1e8vcs8._.js:776
[ 9857412ms] [LOG] [Fast Refresh] done in 106ms @ http://localhost:3001/_next/static/chunks/node_modules_next_dist_1e8vcs8._.js:776
[ 9857473ms] [LOG] [Fast Refresh] done in 106ms @ http://localhost:3001/_next/static/chunks/node_modules_next_dist_1e8vcs8._.js:776
[ 9857535ms] [LOG] [Fast Refresh] done in 106ms @ http://localhost:3001/_next/static/chunks/node_modules_next_dist_1e8vcs8._.js:776
[ 9857598ms] [LOG] [Fast Refresh] done in 106ms @ http://localhost:3001/_next/static/chunks/node_modules_next_dist_1e8vcs8._.js:776
[ 9857661ms] [LOG] [Fast Refresh] done in 106ms @ http://localhost:3001/_next/static/chunks/node_modules_next_dist_1e8vcs8._.js:776
[ 9857724ms] [LOG] [Fast Refresh] done in 106ms @ http://localhost:3001/_next/static/chunks/node_modules_next_dist_1e8vcs8._.js:776
[ 9857787ms] [LOG] [Fast Refresh] done in 106ms @ http://localhost:3001/_next/static/chunks/node_modules_next_dist_1e8vcs8._.js:776
[ 9857848ms] [LOG] [Fast Refresh] done in 106ms @ http://localhost:3001/_next/static/chunks/node_modules_next_dist_1e8vcs8._.js:776
[ 9857910ms] [LOG] [Fast Refresh] done in 106ms @ http://localhost:3001/_next/static/chunks/node_modules_next_dist_1e8vcs8._.js:776
[ 9857973ms] [LOG] [Fast Refresh] done in 106ms @ http://localhost:3001/_next/static/chunks/node_modules_next_dist_1e8vcs8._.js:776
[ 9858037ms] [LOG] [Fast Refresh] done in 106ms @ http://localhost:3001/_next/static/chunks/node_modules_next_dist_1e8vcs8._.js:776
[ 9858101ms] [LOG] [Fast Refresh] done in 106ms @ http://localhost:3001/_next/static/chunks/node_modules_next_dist_1e8vcs8._.js:776
[ 9858162ms] [LOG] [Fast Refresh] done in 106ms @ http://localhost:3001/_next/static/chunks/node_modules_next_dist_1e8vcs8._.js:776
[ 9858225ms] [LOG] [Fast Refresh] done in 106ms @ http://localhost:3001/_next/static/chunks/node_modules_next_dist_1e8vcs8._.js:776
[ 9858286ms] [LOG] [Fast Refresh] done in 106ms @ http://localhost:3001/_next/static/chunks/node_modules_next_dist_1e8vcs8._.js:776
[ 9858349ms] [LOG] [Fast Refresh] done in 106ms @ http://localhost:3001/_next/static/chunks/node_modules_next_dist_1e8vcs8._.js:776
[ 9858411ms] [LOG] [Fast Refresh] done in 106ms @ http://localhost:3001/_next/static/chunks/node_modules_next_dist_1e8vcs8._.js:776
[ 9858472ms] [LOG] [Fast Refresh] done in 106ms @ http://localhost:3001/_next/static/chunks/node_modules_next_dist_1e8vcs8._.js:776
[ 9858534ms] [LOG] [Fast Refresh] done in 106ms @ http://localhost:3001/_next/static/chunks/node_modules_next_dist_1e8vcs8._.js:776
[ 9858596ms] [LOG] [Fast Refresh] done in 106ms @ http://localhost:3001/_next/static/chunks/node_modules_next_dist_1e8vcs8._.js:776
[ 9858659ms] [LOG] [Fast Refresh] done in 106ms @ http://localhost:3001/_next/static/chunks/node_modules_next_dist_1e8vcs8._.js:776
[ 9858722ms] [LOG] [Fast Refresh] done in 106ms @ http://localhost:3001/_next/static/chunks/node_modules_next_dist_1e8vcs8._.js:776
[ 9858785ms] [LOG] [Fast Refresh] done in 106ms @ http://localhost:3001/_next/static/chunks/node_modules_next_dist_1e8vcs8._.js:776
[ 9858848ms] [LOG] [Fast Refresh] done in 106ms @ http://localhost:3001/_next/static/chunks/node_modules_next_dist_1e8vcs8._.js:776
[ 9858911ms] [LOG] [Fast Refresh] done in 106ms @ http://localhost:3001/_next/static/chunks/node_modules_next_dist_1e8vcs8._.js:776
[ 9858973ms] [LOG] [Fast Refresh] done in 106ms @ http://localhost:3001/_next/static/chunks/node_modules_next_dist_1e8vcs8._.js:776
[ 9859035ms] [LOG] [Fast Refresh] done in 106ms @ http://localhost:3001/_next/static/chunks/node_modules_next_dist_1e8vcs8._.js:776
[ 9859098ms] [LOG] [Fast Refresh] done in 106ms @ http://localhost:3001/_next/static/chunks/node_modules_next_dist_1e8vcs8._.js:776
[ 9859159ms] [LOG] [Fast Refresh] done in 106ms @ http://localhost:3001/_next/static/chunks/node_modules_next_dist_1e8vcs8._.js:776
[ 9859220ms] [LOG] [Fast Refresh] done in 106ms @ http://localhost:3001/_next/static/chunks/node_modules_next_dist_1e8vcs8._.js:776
[ 9859284ms] [LOG] [Fast Refresh] done in 106ms @ http://localhost:3001/_next/static/chunks/node_modules_next_dist_1e8vcs8._.js:776
[ 9859347ms] [LOG] [Fast Refresh] done in 106ms @ http://localhost:3001/_next/static/chunks/node_modules_next_dist_1e8vcs8._.js:776
[ 9859409ms] [LOG] [Fast Refresh] done in 106ms @ http://localhost:3001/_next/static/chunks/node_modules_next_dist_1e8vcs8._.js:776
[ 9859471ms] [LOG] [Fast Refresh] done in 106ms @ http://localhost:3001/_next/static/chunks/node_modules_next_dist_1e8vcs8._.js:776
[ 9859533ms] [LOG] [Fast Refresh] done in 106ms @ http://localhost:3001/_next/static/chunks/node_modules_next_dist_1e8vcs8._.js:776
[ 9859596ms] [LOG] [Fast Refresh] done in 106ms @ http://localhost:3001/_next/static/chunks/node_modules_next_dist_1e8vcs8._.js:776
[ 9859658ms] [LOG] [Fast Refresh] done in 106ms @ http://localhost:3001/_next/static/chunks/node_modules_next_dist_1e8vcs8._.js:776
[ 9859720ms] [LOG] [Fast Refresh] done in 106ms @ http://localhost:3001/_next/static/chunks/node_modules_next_dist_1e8vcs8._.js:776
[ 9859814ms] [LOG] [Fast Refresh] done in 106ms @ http://localhost:3001/_next/static/chunks/node_modules_next_dist_1e8vcs8._.js:776
[ 9859877ms] [LOG] [Fast Refresh] done in 106ms @ http://localhost:3001/_next/static/chunks/node_modules_next_dist_1e8vcs8._.js:776
[ 9859939ms] [LOG] [Fast Refresh] done in 106ms @ http://localhost:3001/_next/static/chunks/node_modules_next_dist_1e8vcs8._.js:776
[ 9860001ms] [LOG] [Fast Refresh] done in 106ms @ http://localhost:3001/_next/static/chunks/node_modules_next_dist_1e8vcs8._.js:776
[ 9860063ms] [LOG] [Fast Refresh] done in 106ms @ http://localhost:3001/_next/static/chunks/node_modules_next_dist_1e8vcs8._.js:776
[ 9860125ms] [LOG] [Fast Refresh] done in 106ms @ http://localhost:3001/_next/static/chunks/node_modules_next_dist_1e8vcs8._.js:776
[ 9860187ms] [LOG] [Fast Refresh] done in 106ms @ http://localhost:3001/_next/static/chunks/node_modules_next_dist_1e8vcs8._.js:776
[ 9860248ms] [LOG] [Fast Refresh] done in 106ms @ http://localhost:3001/_next/static/chunks/node_modules_next_dist_1e8vcs8._.js:776
[ 9860311ms] [LOG] [Fast Refresh] done in 106ms @ http://localhost:3001/_next/static/chunks/node_modules_next_dist_1e8vcs8._.js:776
[ 9860374ms] [LOG] [Fast Refresh] done in 106ms @ http://localhost:3001/_next/static/chunks/node_modules_next_dist_1e8vcs8._.js:776
[ 9860436ms] [LOG] [Fast Refresh] done in 106ms @ http://localhost:3001/_next/static/chunks/node_modules_next_dist_1e8vcs8._.js:776
[ 9860498ms] [LOG] [Fast Refresh] done in 106ms @ http://localhost:3001/_next/static/chunks/node_modules_next_dist_1e8vcs8._.js:776
[ 9860561ms] [LOG] [Fast Refresh] done in 106ms @ http://localhost:3001/_next/static/chunks/node_modules_next_dist_1e8vcs8._.js:776
[ 9860623ms] [LOG] [Fast Refresh] done in 106ms @ http://localhost:3001/_next/static/chunks/node_modules_next_dist_1e8vcs8._.js:776
[ 9860687ms] [LOG] [Fast Refresh] done in 106ms @ http://localhost:3001/_next/static/chunks/node_modules_next_dist_1e8vcs8._.js:776
[ 9860749ms] [LOG] [Fast Refresh] done in 106ms @ http://localhost:3001/_next/static/chunks/node_modules_next_dist_1e8vcs8._.js:776
[ 9860813ms] [LOG] [Fast Refresh] done in 106ms @ http://localhost:3001/_next/static/chunks/node_modules_next_dist_1e8vcs8._.js:776
[ 9860876ms] [LOG] [Fast Refresh] done in 106ms @ http://localhost:3001/_next/static/chunks/node_modules_next_dist_1e8vcs8._.js:776
[ 9860937ms] [LOG] [Fast Refresh] done in 106ms @ http://localhost:3001/_next/static/chunks/node_modules_next_dist_1e8vcs8._.js:776
[ 9861000ms] [LOG] [Fast Refresh] done in 106ms @ http://localhost:3001/_next/static/chunks/node_modules_next_dist_1e8vcs8._.js:776
[ 9861061ms] [LOG] [Fast Refresh] done in 106ms @ http://localhost:3001/_next/static/chunks/node_modules_next_dist_1e8vcs8._.js:776
[ 9861123ms] [LOG] [Fast Refresh] done in 106ms @ http://localhost:3001/_next/static/chunks/node_modules_next_dist_1e8vcs8._.js:776
[ 9861185ms] [LOG] [Fast Refresh] done in 106ms @ http://localhost:3001/_next/static/chunks/node_modules_next_dist_1e8vcs8._.js:776
[ 9861248ms] [LOG] [Fast Refresh] done in 106ms @ http://localhost:3001/_next/static/chunks/node_modules_next_dist_1e8vcs8._.js:776
[ 9861309ms] [LOG] [Fast Refresh] done in 106ms @ http://localhost:3001/_next/static/chunks/node_modules_next_dist_1e8vcs8._.js:776
[ 9861370ms] [LOG] [Fast Refresh] done in 106ms @ http://localhost:3001/_next/static/chunks/node_modules_next_dist_1e8vcs8._.js:776
[ 9861434ms] [LOG] [Fast Refresh] done in 106ms @ http://localhost:3001/_next/static/chunks/node_modules_next_dist_1e8vcs8._.js:776
[ 9861510ms] [LOG] [Fast Refresh] done in 106ms @ http://localhost:3001/_next/static/chunks/node_modules_next_dist_1e8vcs8._.js:776
[ 9861575ms] [LOG] [Fast Refresh] done in 106ms @ http://localhost:3001/_next/static/chunks/node_modules_next_dist_1e8vcs8._.js:776
[ 9861637ms] [LOG] [Fast Refresh] done in 106ms @ http://localhost:3001/_next/static/chunks/node_modules_next_dist_1e8vcs8._.js:776
[ 9861701ms] [LOG] [Fast Refresh] done in 106ms @ http://localhost:3001/_next/static/chunks/node_modules_next_dist_1e8vcs8._.js:776
[ 9861763ms] [LOG] [Fast Refresh] done in 106ms @ http://localhost:3001/_next/static/chunks/node_modules_next_dist_1e8vcs8._.js:776
[ 9861826ms] [LOG] [Fast Refresh] done in 106ms @ http://localhost:3001/_next/static/chunks/node_modules_next_dist_1e8vcs8._.js:776
[ 9861887ms] [LOG] [Fast Refresh] done in 106ms @ http://localhost:3001/_next/static/chunks/node_modules_next_dist_1e8vcs8._.js:776
[ 9861950ms] [LOG] [Fast Refresh] done in 106ms @ http://localhost:3001/_next/static/chunks/node_modules_next_dist_1e8vcs8._.js:776
[ 9862012ms] [LOG] [Fast Refresh] done in 106ms @ http://localhost:3001/_next/static/chunks/node_modules_next_dist_1e8vcs8._.js:776
[ 9862073ms] [LOG] [Fast Refresh] done in 106ms @ http://localhost:3001/_next/static/chunks/node_modules_next_dist_1e8vcs8._.js:776
[ 9862135ms] [LOG] [Fast Refresh] done in 106ms @ http://localhost:3001/_next/static/chunks/node_modules_next_dist_1e8vcs8._.js:776
[ 9862197ms] [LOG] [Fast Refresh] done in 106ms @ http://localhost:3001/_next/static/chunks/node_modules_next_dist_1e8vcs8._.js:776
[ 9862260ms] [LOG] [Fast Refresh] done in 106ms @ http://localhost:3001/_next/static/chunks/node_modules_next_dist_1e8vcs8._.js:776
[ 9862324ms] [LOG] [Fast Refresh] done in 106ms @ http://localhost:3001/_next/static/chunks/node_modules_next_dist_1e8vcs8._.js:776
[ 9862385ms] [LOG] [Fast Refresh] done in 106ms @ http://localhost:3001/_next/static/chunks/node_modules_next_dist_1e8vcs8._.js:776
[ 9862448ms] [LOG] [Fast Refresh] done in 106ms @ http://localhost:3001/_next/static/chunks/node_modules_next_dist_1e8vcs8._.js:776
[ 9862508ms] [LOG] [Fast Refresh] done in 106ms @ http://localhost:3001/_next/static/chunks/node_modules_next_dist_1e8vcs8._.js:776
[ 9862571ms] [LOG] [Fast Refresh] done in 106ms @ http://localhost:3001/_next/static/chunks/node_modules_next_dist_1e8vcs8._.js:776
[ 9862632ms] [LOG] [Fast Refresh] done in 106ms @ http://localhost:3001/_next/static/chunks/node_modules_next_dist_1e8vcs8._.js:776
[ 9862696ms] [LOG] [Fast Refresh] done in 106ms @ http://localhost:3001/_next/static/chunks/node_modules_next_dist_1e8vcs8._.js:776
[ 9862759ms] [LOG] [Fast Refresh] done in 106ms @ http://localhost:3001/_next/static/chunks/node_modules_next_dist_1e8vcs8._.js:776
[ 9862821ms] [LOG] [Fast Refresh] done in 106ms @ http://localhost:3001/_next/static/chunks/node_modules_next_dist_1e8vcs8._.js:776
[ 9862884ms] [LOG] [Fast Refresh] done in 106ms @ http://localhost:3001/_next/static/chunks/node_modules_next_dist_1e8vcs8._.js:776
[ 9862946ms] [LOG] [Fast Refresh] done in 106ms @ http://localhost:3001/_next/static/chunks/node_modules_next_dist_1e8vcs8._.js:776
[ 9863009ms] [LOG] [Fast Refresh] done in 106ms @ http://localhost:3001/_next/static/chunks/node_modules_next_dist_1e8vcs8._.js:776
[ 9863071ms] [LOG] [Fast Refresh] done in 106ms @ http://localhost:3001/_next/static/chunks/node_modules_next_dist_1e8vcs8._.js:776
[ 9863133ms] [LOG] [Fast Refresh] done in 106ms @ http://localhost:3001/_next/static/chunks/node_modules_next_dist_1e8vcs8._.js:776
[ 9863197ms] [LOG] [Fast Refresh] done in 106ms @ http://localhost:3001/_next/static/chunks/node_modules_next_dist_1e8vcs8._.js:776
[ 9863371ms] [LOG] [Fast Refresh] rebuilding @ http://localhost:3001/_next/static/chunks/node_modules_next_dist_1e8vcs8._.js:776
[ 9863562ms] [LOG] [Fast Refresh] done in 88ms @ http://localhost:3001/_next/static/chunks/node_modules_next_dist_1e8vcs8._.js:776
[ 9863852ms] [LOG] [Fast Refresh] rebuilding @ http://localhost:3001/_next/static/chunks/node_modules_next_dist_1e8vcs8._.js:776
[ 9864046ms] [LOG] [Fast Refresh] done in 296ms @ http://localhost:3001/_next/static/chunks/node_modules_next_dist_1e8vcs8._.js:776
[ 9864085ms] [ERROR] Failed to load resource: the server responded with a status of 404 (Not Found) @ http://localhost:3001/fonts/BantayogSans-ExtraBold.woff2:0
[ 9864086ms] [ERROR] Failed to load resource: the server responded with a status of 404 (Not Found) @ http://localhost:3001/fonts/GoodDogPlain.woff2:0
